2.540918278866444169e-02
2.557273218895983469e-02
2.576540965735985012e-02
2.606145469193865694e-02
2.642462195678518810e-02
2.686031422766244070e-02
2.734425254352279566e-02
2.790801440416212920e-02
2.853197225886372479e-02
2.922069239242985894e-02
2.999214197914445990e-02
3.080394288327492625e-02
3.168496406838117174e-02
3.264519665286380601e-02
3.367087066189333733e-02
3.473547112750874355e-02
3.585053066594978688e-02
3.706288687900438639e-02
3.832586572025542537e-02
3.962680057395218114e-02
4.098926251089718420e-02
4.244641833018913957e-02
4.391321930254132866e-02
4.546620279837587653e-02
4.705689388076805812e-02
4.871596841951020274e-02
5.041188168789334512e-02
5.218807568672967356e-02
5.400350770135919909e-02
5.586745298411543992e-02
5.778929549530120724e-02
5.975168089726690113e-02
6.178751623282741079e-02
6.387028694448382282e-02
6.599273331852195668e-02
6.816884932479738701e-02
7.038221404577504892e-02
7.265993933855274811e-02
7.498207632027131808e-02
7.735612924553025849e-02
7.977895598710627034e-02
8.222129138266720538e-02
8.475803342304821797e-02
8.729495331660697133e-02
8.990421100845757962e-02
9.254926748157910055e-02
9.523502359855728905e-02
9.796421715489866955e-02
1.007476977638790405e-01
1.035535925720334482e-01
1.063987278752678289e-01
1.093191663881434295e-01
1.122698899279330753e-01
1.152313238603510648e-01
1.182737611228978913e-01
1.213331518372613438e-01
1.244451561445343302e-01
1.275789489015841660e-01
1.307527479430405926e-01
1.339816644050610961e-01
1.372229928896517848e-01
1.405385000309749000e-01
1.438589937557190890e-01
1.472448536198418534e-01
1.506387116163865336e-01
1.540814882850203293e-01
1.575545681172974000e-01
1.610723284415267464e-01
1.646123037948430401e-01
1.681867211593888189e-01
1.718151236830141038e-01
1.754662211193289689e-01
1.791516089657698707e-01
1.828688579514203827e-01
1.866043148232510163e-01
1.904029855322904030e-01
1.941947540784978443e-01
1.980403918778603778e-01
2.019125219378705705e-01
2.058243002559487778e-01
2.097808899940063476e-01
2.137330722845320885e-01
2.177366104088449550e-01
2.217438540028626726e-01
2.258154322624816857e-01
2.299006848139881765e-01
2.340066206725714970e-01
2.381599025410934267e-01
2.423189821131939148e-01
2.465229577842538156e-01
2.507371134216362929e-01
2.549829335519142592e-01
2.592677577273294620e-01
2.635876949041422446e-01
2.679326054033372984e-01
2.722807569625989021e-01
2.766533577016991874e-01
2.810714791816522062e-01
2.855148023966489479e-01
2.899791014108492604e-01
2.944508649489632202e-01
2.989673972726540896e-01
3.034819900226872758e-01
3.080464370318654055e-01
3.126325518006483062e-01
3.172402024794966913e-01
3.218611098404742243e-01
3.265118220799205773e-01
3.311912132793779495e-01
3.358830340263672110e-01
3.405979817331574733e-01
3.453441705446442800e-01
3.501017808596840197e-01
3.548856846595200842e-01
3.596855486018837311e-01
3.645081776973633225e-01
3.693611766357358661e-01
3.742302416708054302e-01
3.790931431025181819e-01
3.840222824124015499e-01
3.889398385406890313e-01
3.938867508808998608e-01
3.988409641435710640e-01
4.038485059481873307e-01
4.088314277041715794e-01
4.138615228126285572e-01
4.189050492554180494e-01
4.239732754644245372e-01
4.290342827665944991e-01
4.341468981158163043e-01
4.392517505939850242e-01
4.443872280714611378e-01
4.493861919642201386e-01
4.542490278888429156e-01
4.589808764239990957e-01
4.635585296047985970e-01
4.680568089396959230e-01
4.723948950680301184e-01
4.766153481201238495e-01
4.807265163178935374e-01
4.846874696156953100e-01
4.885389565176001536e-01
4.922575358196641382e-01
4.958689984652637772e-01
4.993578096235349317e-01
5.027140124657878406e-01
5.059642215426904954e-01
5.091226235941996858e-01
5.121449115694813869e-01
5.150577719896618500e-01
5.178719603495018919e-01
5.205464231322187718e-01
5.231332879121923796e-01
5.256035321590657450e-01
5.279844984984822798e-01
5.302606560084550669e-01
5.324076213708097693e-01
5.344733002230859231e-01
5.364271598755898651e-01
5.382848491665594981e-01
5.400355308169653146e-01
5.416927394422157427e-01
5.432577645528449128e-01
5.447426417715173219e-01
5.461000167230296576e-01
5.473561561450899227e-01
5.485364253549793734e-01
5.496389161558714598e-01
5.506338827338046471e-01
5.515495735826980717e-01
5.523483567370115477e-01
5.530696936054653179e-01
5.537173515436255578e-01
5.542742161989631100e-01
5.547432978550697058e-01
5.551112062264671465e-01
5.554160620415728999e-01
5.556330877999344775e-01
5.557669185856906058e-01
5.558281595041705270e-01
5.557948604579998619e-01
5.556986942482413649e-01
5.555283206415733144e-01
5.552856287758201059e-01
5.549730014626967911e-01
5.545997856457820507e-01
5.541645710721931906e-01
5.536630543440337338e-01
5.530728161403282162e-01
5.524548902009900342e-01
5.517485138240270093e-01
5.509710714252591401e-01
5.501371913240598044e-01
5.492479020386014099e-01
5.483090817604057143e-01
5.472927628334958161e-01
5.462079654839386844e-01
5.450821569801120869e-01
5.439060803205957306e-01
5.426536830221198038e-01
5.413297963165097926e-01
5.399772274943415162e-01
5.385560983510884192e-01
5.370767171808996654e-01
5.355374193506410307e-01
5.339638767564351962e-01
5.323145239725317612e-01
5.306277884406300771e-01
5.288761269650126273e-01
5.270896062247802938e-01
5.252289507649032796e-01
5.233226690682932780e-01
5.213692523621074049e-01
5.193426118049577767e-01
5.173145231101801134e-01
5.151986820190128658e-01
5.130621617748529761e-01
5.108639831038848111e-01
5.086154428998155286e-01
5.063230633836071082e-01
5.039733951630360753e-01
5.015990848835671923e-01
4.991655740009555142e-01
4.966826008073479404e-01
4.941691310697702288e-01
4.916122333580130732e-01
4.889996266119505108e-01
4.863627130956647004e-01
4.836340016300102462e-01
4.809155997976790609e-01
4.781300800897387848e-01
4.753204636279417805e-01
4.724788094829781571e-01
4.695519379611754474e-01
4.666200881150719404e-01
4.636335486539673312e-01
4.606129829668246245e-01
4.575691433254454044e-01
4.544574970120871527e-01
4.513347761022081794e-01
4.481676039070232598e-01
4.449469674429680222e-01
4.416832333941194122e-01
4.384280219620155794e-01
4.351077209508200649e-01
4.317499302321563537e-01
4.283752711135058178e-01
4.249409646934518836e-01
4.214799325270313091e-01
4.179920891962720653e-01
4.144673427522205245e-01
4.109072839395273569e-01
4.073130612137221274e-01
4.036809678860473483e-01
4.000483888178181235e-01
3.963608733206998025e-01
3.926136379181690561e-01
3.888803906273821109e-01
3.851057701273636891e-01
3.812991267149428154e-01
3.774346442895577525e-01
3.735623265062884002e-01
3.696602216799906859e-01
3.657478004600411836e-01
3.617829377526478041e-01
3.577901253375290747e-01
3.537700080317862650e-01
3.497192624368623548e-01
3.456494542620991428e-01
3.415494752970014147e-01
3.374126974403814927e-01
3.332805766594078012e-01
3.290832500547309358e-01
3.248583740736188386e-01
3.206407997024298684e-01
3.163876172106410145e-01
3.120999843252454387e-01
3.078030639024633697e-01
3.034578031985046831e-01
2.990919769975990405e-01
2.947141218827111775e-01
2.902919278438973461e-01
2.858764772353914463e-01
2.814245847546006374e-01
2.769451331800643068e-01
2.724239003823887284e-01
2.679206280213601854e-01
2.633640166794062321e-01
2.587881402955725108e-01
2.542148959398529140e-01
2.495864305128416838e-01
2.449629773505341834e-01
2.402958445072893578e-01
2.356254025783748318e-01
2.308976725402713814e-01
2.262066750207463173e-01
2.214538870067721543e-01
2.167053963417024942e-01
2.119198483416075973e-01
2.071196473018774853e-01
2.023043756110955993e-01
1.974632633402375603e-01
1.925975572451494866e-01
1.877108147336334909e-01
1.828246172929715030e-01
1.779016108802289331e-01
1.729859011673651192e-01
1.680297951938960477e-01
1.630590727061216327e-01
1.580559916275450227e-01
1.530596548371143673e-01
1.480372373111513706e-01
1.429892677491690911e-01
1.379556832917678832e-01
1.328675372163516943e-01
1.277754784080236128e-01
1.226657404596609435e-01
1.175480800528587721e-01
1.124066010160769125e-01
1.072594616930766520e-01
1.020874040937032046e-01
9.688012310779381409e-02
9.168249057205479779e-02
8.646572863121648744e-02
8.124524368352847858e-02
7.596444029472504411e-02
7.072408347554381969e-02
6.544503706915016927e-02
6.013745313901197598e-02
5.483311321178985231e-02
4.950884473927108509e-02
4.418431806610967350e-02
3.882848439981589905e-02
3.347926067260287297e-02
2.809636505798196460e-02
2.268712845875531237e-02
1.729117666676893705e-02
1.188477054580894254e-02
6.459678807483104634e-03
1.011407571233524649e-03
-4.438535971949986170e-03
-9.909246915353775442e-03
-1.542085734720499701e-02
-2.090426299813674671e-02
-2.637711293409883417e-02
-3.190676096581868126e-02
-3.745907335473841471e-02
-4.297714748525505168e-02
-4.854612180452422265e-02
-5.409570894687898424e-02
-5.969113108976931148e-02
-6.526003573417560322e-02
-7.085062319286927757e-02
-7.647873138414507110e-02
-8.209794943784032295e-02
-8.772622311115141347e-02
-9.337711862187714207e-02
-9.902910910189122173e-02
-1.046961872574050378e-01
-1.103714227881895660e-01
-1.160558968177003436e-01
-1.217498924447683040e-01
-1.274591460077585392e-01
-1.331567000475909479e-01
-1.388870888140156801e-01
-1.446334054998754670e-01
-1.503797766309723505e-01
-1.561435946501088523e-01
-1.618991253281969467e-01
-1.676694896555754877e-01
-1.734528144162752472e-01
-1.792357450655619466e-01
-1.850303645870966518e-01
-1.908382724077836157e-01
-1.966598389758340559e-01
-2.025029400655335987e-01
-2.083108666057216229e-01
-2.141622540318994794e-01
-2.200275267120415101e-01
-2.258956903527744586e-01
-2.317499907537704518e-01
-2.376296026543831541e-01
-2.435246558483931123e-01
-2.494092264900024114e-01
-2.553129284988241432e-01
-2.612206488211599176e-01
-2.671366959956834597e-01
-2.730782160783317147e-01
-2.789988779418495213e-01
-2.849371715852968556e-01
-2.908801454846940970e-01
-2.968507021447949201e-01
-3.028009442146646357e-01
-3.087684330419634415e-01
-3.147491605948982141e-01
-3.207332154614902509e-01
-3.267129762341673960e-01
-3.327291110781768202e-01
-3.387353464616250642e-01
-3.447448579994887297e-01
-3.507497972454216573e-01
-3.567843811579558544e-01
-3.628092680739283260e-01
-3.688507636380505827e-01
-3.748958435564848646e-01
-3.809403281566755561e-01
-3.870080747469909488e-01
-3.930515827133325146e-01
-3.991214129512367093e-01
-4.052105563688347400e-01
-4.112921489316874180e-01
-4.173845725724604216e-01
-4.234703621660392825e-01
-4.295539015307285879e-01
-4.356813926924268943e-01
-4.417796349109890386e-01
-4.479047281199362018e-01
-4.540188990267687297e-01
-4.601561456676999118e-01
-4.662837806455419898e-01
-4.724276856141070846e-01
-4.785506990000832905e-01
-4.847188049365031004e-01
-4.908758241444691750e-01
-4.970304632715332183e-01
-5.032047229380200992e-01
-5.093759193882517744e-01
-5.155429389473094037e-01
-5.217222238650394139e-01
-5.279031171762079699e-01
-5.340912079978739069e-01
-5.402859175530700941e-01
-5.464939745969814577e-01
-5.526866177627600685e-01
-5.588902485062563485e-01
-5.651154018122612754e-01
-5.713348085846654545e-01
-5.775581930916295903e-01
-5.837828598122937196e-01
-5.900213079392198079e-01
-5.962495738373445597e-01
-6.024827934675813790e-01
-6.087320432694940386e-01
-6.149769672739269222e-01
-6.212313251231176281e-01
-6.274770505760507433e-01
-6.337426926985862963e-01
-6.399891424446454424e-01
-6.462866634570332280e-01
-6.525496040679185095e-01
-6.588281388437693398e-01
-6.651010470428599941e-01
-6.713715399685707963e-01
-6.776840536048223118e-01
-6.839548287472293486e-01
-6.902725235960652794e-01
-6.965767148864098202e-01
-7.028543808863140230e-01
-7.091706246406036529e-01
-7.153271163929555421e-01
-7.213256551217206436e-01
-7.271992594063496629e-01
-7.329024888121434822e-01
-7.385022891880113072e-01
-7.439255086945517625e-01
-7.492378408633602049e-01
-7.544072375850232604e-01
-7.594265500257770807e-01
-7.642945469693330773e-01
-7.690680302861736539e-01
-7.736761075936090526e-01
-7.781565298127135488e-01
-7.825403091242487674e-01
-7.867658896736231533e-01
-7.908874062457054155e-01
-7.948679905594328021e-01
-7.987330960518379541e-01
-8.024648787039913023e-01
-8.060895201363172946e-01
-8.095894969485315507e-01
-8.129486709291113833e-01
-8.162096446913584824e-01
-8.193610807826345876e-01
-8.223766566041804671e-01
-8.252985100327933088e-01
-8.281001648066763643e-01
-8.307885622033923667e-01
-8.333843670320330022e-01
-8.358619453022018142e-01
-8.382232793476060984e-01
-8.404800977798054795e-01
-8.426235211675181525e-01
-8.446778487127871715e-01
-8.466214275743817463e-01
-8.484738248298240304e-01
-8.502128337811283298e-01
-8.518554320027661442e-01
-8.533983192006280305e-01
-8.548475037899104789e-01
-8.562010910551628440e-01
-8.574449810399378258e-01
-8.586110230628707374e-01
-8.596761469677294265e-01
-8.606660775832949417e-01
-8.615307835182427487e-01
-8.623099603981115857e-01
-8.630121833052176727e-01
-8.636451250698008453e-01
-8.641762874063838584e-01
-8.645996229943648803e-01
-8.649467029379566130e-01
-8.652285854576452495e-01
-8.654090485301269009e-01
-8.655112593421547817e-01
-8.655241007098770645e-01
-8.654547849231855050e-01
-8.653258923978309758e-01
-8.651049724982040612e-01
-8.648306910385339386e-01
-8.645054693248133137e-01
-8.640734865440149459e-01
-8.635839707000398935e-01
-8.630396626161821461e-01
-8.624314918025065557e-01
-8.617512417393908830e-01
-8.610041259098218935e-01
-8.601762849852306880e-01
-8.593078188709615262e-01
-8.583603879285037763e-01
-8.573753328283488795e-01
-8.563175078289566589e-01
-8.551843869219091232e-01
-8.539965179397340789e-01
-8.527558025357653282e-01
-8.514497050975670112e-01
-8.501036480563314290e-01
-8.486845814273838995e-01
-8.471887439356042826e-01
-8.456722161681299310e-01
-8.440719874299887904e-01
-8.424330208893111571e-01
-8.407394642372616467e-01
-8.389846266459253243e-01
-8.371781690232656947e-01
-8.353106917285237909e-01
-8.334005428965165496e-01
-8.314402730493752891e-01
-8.294191873453162778e-01
-8.273523685060699684e-01
-8.252294667279980178e-01
-8.230685465824537639e-01
-8.208589909729336886e-01
-8.185904328601163460e-01
-8.162708688007129787e-01
-8.139107220453104530e-01
-8.114969676136843946e-01
-8.090655323606148475e-01
-8.065383536277355159e-01
-8.040039063388104701e-01
-8.014173656497733944e-01
-7.987711006374383915e-01
-7.961052268299433354e-01
-7.933728083329768532e-01
-7.906107832083374420e-01
-7.878164542836384454e-01
-7.849475666780019179e-01
-7.820496638828572378e-01
-7.791209340815113960e-01
-7.761417168752505757e-01
-7.731242686000932007e-01
-7.700789608683235032e-01
-7.669814370462588737e-01
-7.638380471456968079e-01
-7.606621477488519911e-01
-7.574494092188337468e-01
-7.542091952424787582e-01
-7.509033616016789203e-01
-7.475701667975778175e-01
-7.442163596629522981e-01
-7.408323146475188636e-01
-7.373724917357347142e-01
-7.339077089841532509e-01
-7.304044001103974226e-01
-7.268628950316238235e-01
-7.232891022605046905e-01
-7.196902102858125927e-01
-7.160382434803718166e-01
-7.123608676285908547e-01
-7.086482330088562653e-01
-7.048994116376203767e-01
-7.011326738162658723e-01
-6.973284393573084827e-01
-6.934882831431129491e-01
-6.896081078323180735e-01
-6.857192187144245388e-01
-6.817748603981842459e-01
-6.778263266402168030e-01
-6.738215729893421990e-01
-6.698133272222093204e-01
-6.657525284352938666e-01
-6.616934596820196468e-01
-6.575631080190282862e-01
-6.534411785390061844e-01
-6.492730022436938864e-01
-6.450674542953042101e-01
-6.408484318769755994e-01
-6.365965081265286818e-01
-6.323281072013664517e-01
-6.280225717571623623e-01
-6.237033591400260590e-01
-6.193485344235560852e-01
-6.149685348861393397e-01
-6.105535458962755291e-01
-6.061304102212143885e-01
-6.016710684969480694e-01
-5.971892195852350760e-01
-5.926740149198879148e-01
-5.881723270945711235e-01
-5.836044501754368286e-01
-5.790387045259552945e-01
-5.744285980771411948e-01
-5.698036740940595202e-01
-5.651556429063167020e-01
-5.604942976551803291e-01
-5.558142226623947746e-01
-5.510841169596973899e-01
-5.463459209257677252e-01
-5.416040407427438197e-01
-5.368054306342322501e-01
-5.320186350344401349e-01
-5.272055013273848623e-01
-5.223354171096294962e-01
-5.174867032068228845e-01
-5.125883848377738028e-01
-5.076880880456096090e-01
-5.027694700264504490e-01
-4.978452358931453325e-01
-4.928718135682554902e-01
-4.879068409311954069e-01
-4.828899264941450831e-01
-4.778796213868258258e-01
-4.728326807919703834e-01
-4.677901676875803050e-01
-4.627098095043484793e-01
-4.575994042688655838e-01
-4.525086006731439126e-01
-4.473807371591137505e-01
-4.422313802124877569e-01
-4.370607465860606444e-01
-4.318987959913249686e-01
-4.266888001283263288e-01
-4.214718357605794496e-01
-4.162508335150298944e-01
-4.109961795012766483e-01
-4.057313504286895744e-01
-4.004538233860451824e-01
-3.951561476770385495e-01
-3.898367509785062301e-01
-3.845192536849746379e-01
-3.791832980815385001e-01
-3.738208864191797653e-01
-3.684428636503325194e-01
-3.630566160277260979e-01
-3.576526925484664332e-01
-3.522327048352388301e-01
-3.468105792273253885e-01
-3.413574493918776209e-01
-3.359055556172777512e-01
-3.304126960361474241e-01
-3.249263484117409506e-01
-3.194432809463814138e-01
-3.139265724018841519e-01
-3.083959181737311317e-01
-3.028597075180743392e-01
-2.972931563451681747e-01
-2.917078830900423636e-01
-2.861304393852281969e-01
-2.805578245749712485e-01
-2.749539972835076673e-01
-2.693383938353550722e-01
-2.636897881573453395e-01
-2.580526380947795184e-01
-2.524102572298876357e-01
-2.467359879510959697e-01
-2.410529760962307755e-01
-2.353691088750990978e-01
-2.296567115531130687e-01
-2.239507079925232569e-01
-2.182297227015962404e-01
-2.124979582036966574e-01
-2.067504538168742911e-01
-2.009825805638486562e-01
-1.952171865897663894e-01
-1.894483306920269339e-01
-1.836505295156610762e-01
-1.778637033515486632e-01
-1.720409993291047712e-01
-1.662372211375590103e-01
-1.604154178096314221e-01
-1.545622504114058104e-01
-1.487013350280849133e-01
-1.428324780100092006e-01
-1.369831037490196746e-01
-1.310936297302965903e-01
-1.252123875260257035e-01
-1.193246239931978758e-01
-1.134108791447033804e-01
-1.075026151883989867e-01
-1.015741301702958177e-01
-9.563747494039998021e-02
-8.969348184923831013e-02
-8.373266768776221891e-02
-7.776531489241234052e-02
-7.179247652756259868e-02
-6.582672307958359337e-02
-5.985633312791904803e-02
-5.383622268529497656e-02
-4.782928457444945991e-02
-4.183534806828959063e-02
-3.579597775593568176e-02
-2.978634146580338982e-02
-2.373755510205233232e-02
-1.769357151321193644e-02
-1.164116048934626946e-02
-5.586110869978622162e-03
4.823130625259963722e-04
6.555721160947047821e-03
1.262522210475180984e-02
1.871183299749934470e-02
2.480702924222422112e-02
3.092498853841996187e-02
3.702560681507161000e-02
4.314049377118300832e-02
4.927632156430261645e-02
5.540357764153447384e-02
6.153626391418987041e-02
6.768038225100436733e-02
7.383133678295727975e-02
7.999310801312353725e-02
8.615706221230468032e-02
9.232040262261143049e-02
9.850691703865677162e-02
1.046871992896811765e-01
1.108838171271193662e-01
1.170704129966377849e-01
1.232678032415626124e-01
1.294856974210587541e-01
1.357064857649907808e-01
1.419133485776484793e-01
1.481400480587879986e-01
1.543713791062295559e-01
1.606046466526591665e-01
1.668568053407937235e-01
1.731022991907698039e-01
1.793461825547064681e-01
1.856243808352082691e-01
1.918680724682306771e-01
1.981510303834834730e-01
2.044238303711038984e-01
2.107045977743773335e-01
2.169880474803917991e-01
2.232972244602529077e-01
2.295970284958550600e-01
2.358911359779645167e-01
2.421873415739357327e-01
2.485041606787943280e-01
2.548155387377040171e-01
2.611244756714503623e-01
2.674553902577279096e-01
2.737874867021548031e-01
2.801244079066529391e-01
2.864494183853110165e-01
2.928164516076101620e-01
2.991565952815544716e-01
3.055199250877642658e-01
3.118683894743199403e-01
3.182348213305921103e-01
3.246089982358202342e-01
3.309691030995298711e-01
3.373428437171483996e-01
3.437152966476271221e-01
3.501119421668639209e-01
3.564917562150382579e-01
3.628829105212665329e-01
3.692706550865589854e-01
3.756775482564655988e-01
3.820687413917216446e-01
3.884933914425447998e-01
3.949082930851566253e-01
4.013102379442279322e-01
4.077386864493897090e-01
4.141326459474381494e-01
4.205834300564847972e-01
4.270299884374284538e-01
4.334468250731779992e-01
4.398786681752828720e-01
4.463285117594697482e-01
4.527714845177779335e-01
4.592218137973682612e-01
4.656563829723849857e-01
4.721135635002347009e-01
4.785653717086457704e-01
4.850371702124065543e-01
4.914958824908779444e-01
4.979517385115337369e-01
5.044524518913275912e-01
5.108990009642118135e-01
5.173797760987615124e-01
5.238774900354743469e-01
5.303513724163197995e-01
5.368236702014439476e-01
5.433345196121002196e-01
5.498099249504611041e-01
5.563151802526875578e-01
5.628177281357717998e-01
5.693048503340709665e-01
5.758118404993313177e-01
5.823141820528603407e-01
5.888306784618662082e-01
5.953291526886808072e-01
6.018624689491547386e-01
6.083636918708967833e-01
6.149045108919108937e-01
6.214141922958369424e-01
6.279457136457791133e-01
6.344622913603381598e-01
6.410007127647781022e-01
6.475190318900880815e-01
6.540545956702430441e-01
6.606026125399007132e-01
6.671425711358178745e-01
6.736680165289936628e-01
6.802323406269432660e-01
6.867682715192817700e-01
6.933240883673934540e-01
6.998851602802811378e-01
7.064359902930319457e-01
7.129960633673557702e-01
7.195474287802303692e-01
7.261131236042641657e-01
7.326753850385376854e-01
7.392544427035827592e-01
7.458032894183919126e-01
7.523705068297807941e-01
7.589339818371634294e-01
7.655315048133297662e-01
7.720993302327068264e-01
7.786789115037113795e-01
7.852549473172800720e-01
7.916884887690029959e-01
7.979602933511145135e-01
8.040929981743556443e-01
8.101040011644446981e-01
8.159270966892593346e-01
8.216401785555187409e-01
8.271931529873342015e-01
8.326175021033026535e-01
8.378941688742285177e-01
8.430411075982124913e-01
8.480676910557392034e-01
8.529308348974944387e-01
8.576817338910731614e-01
8.623079638920752021e-01
8.667915807380841553e-01
8.711500104035723169e-01
8.753981899065443884e-01
8.795083993989911697e-01
8.834937171012584578e-01
8.873363865949221996e-01
8.910800813566628342e-01
8.946941240591212985e-01
8.981883902741358838e-01
9.015749366673728726e-01
9.048419015849920033e-01
9.080093042024268701e-01
9.110628881057558637e-01
9.139676262667855156e-01
9.167973279645720286e-01
9.195027412225478258e-01
9.220931631628921377e-01
9.245906576690721135e-01
9.269679024942145684e-01
9.292636196490740019e-01
9.314320426768771810e-01
9.335130376221512094e-01
9.354589706815237271e-01
9.373427904356235185e-01
9.391110172308321236e-01
9.407765447067029108e-01
9.423461779910620173e-01
9.438355283919492855e-01
9.451986069070656971e-01
9.464873732016418906e-01
9.476850873361968297e-01
9.487593936197156186e-01
9.497866906302490086e-01
9.506981500268441021e-01
9.515203321017706717e-01
9.522645143553760683e-01
9.529155892526894878e-01
9.534745726673401478e-01
9.539665667413734784e-01
9.543419486751918424e-01
9.546547866541477134e-01
9.548877171482235138e-01
9.550222131359922262e-01
9.550802971665719454e-01
9.550556924298945205e-01
9.549719390159814303e-01
9.548118923854211904e-01
9.545873984311052940e-01
9.542896923828163569e-01
9.539148847697704880e-01
9.534947721020088363e-01
9.529963711850184538e-01
9.524224565767993589e-01
9.517980213231644893e-01
9.510999644981446011e-01
9.503493304316965595e-01
9.495160997499401123e-01
9.486517076301212992e-01
9.477117452353989169e-01
9.466983768568868474e-01
9.456224051042805279e-01
9.445223612837829741e-01
9.433206100499107460e-01
9.420830328105853635e-01
9.407786621793274850e-01
9.394288244878181704e-01
9.380105679907764227e-01
9.365369404280632359e-01
9.350078000755812635e-01
9.334352349816381622e-01
9.317984775883660920e-01
9.301109626872949843e-01
9.283746271589610188e-01
9.265705954449880988e-01
9.247338896394605712e-01
9.228399905447497442e-01
9.209021028943276121e-01
9.188959251321364707e-01
9.168688520456629298e-01
9.147607353248079498e-01
9.126268231699712352e-01
9.104296491376451250e-01
9.081983399436550641e-01
9.059012937843458069e-01
9.035614052542737529e-01
9.011705889748613529e-01
8.987667618886552301e-01
8.962882993873835247e-01
8.937645762542525407e-01
8.912202138831215592e-01
8.886113987396881964e-01
8.859658124352278730e-01
8.832626781923973436e-01
8.805466649776012567e-01
8.777775122898512361e-01
8.749458878706475318e-01
8.721111071021612204e-01
8.692002116794239619e-01
8.662791652810002407e-01
8.633139099382072246e-01
8.603067199780696228e-01
8.572450843033743162e-01
8.541374209443981513e-01
8.510218855252318360e-01
8.478613746100809312e-01
8.446398116683440094e-01
8.413997770990584435e-01
8.381395299267431209e-01
8.348139339005875570e-01
8.314734246991279942e-01
8.281031032009489312e-01
8.246583628406096711e-01
8.212089467146959088e-01
8.177217114663042352e-01
8.142069230963520088e-01
8.106420804529483881e-01
8.070801723161655783e-01
8.034586739122122623e-01
7.998101706421598678e-01
7.960970348254252649e-01
7.924031310957555529e-01
7.886473945624705717e-01
7.848641699413969608e-01
7.810643990859507113e-01
7.772230024518280711e-01
7.733582173228441548e-01
7.694474018839516649e-01
7.655290380902777247e-01
7.615656991049508662e-01
7.575748617851703060e-01
7.535735023700729229e-01
7.495324299815522284e-01
7.454566811156830841e-01
7.413632139103363272e-01
7.372425956331474239e-01
7.330921103449385967e-01
7.289024046256991074e-01
7.246951711777862570e-01
7.204714050676985782e-01
7.162177601679642347e-01
7.119383630672011520e-01
7.076435284871105402e-01
7.032963190754726313e-01
6.989540704045309472e-01
6.945629248904192643e-01
6.901667301498404239e-01
6.857400002853204501e-01
6.812879556678324011e-01
6.768167310792432279e-01
6.723008613975851588e-01
6.677952751813109877e-01
6.632413323804229321e-01
6.586773356276887093e-01
6.540980208542834795e-01
6.494810583561514417e-01
6.448558838516453839e-01
6.401955611613943109e-01
6.355156507440926639e-01
6.308170295772856928e-01
6.261022339064903353e-01
6.213744074576581511e-01
6.166121059788876035e-01
6.118312892713857476e-01
6.070375143208981417e-01
6.022147687589294307e-01
5.973703021557756898e-01
5.925241985454388072e-01
5.876458621617448586e-01
5.827369740136025822e-01
5.778339849652041060e-01
5.729178094727895854e-01
5.679673361591353054e-01
5.629886215981703135e-01
5.580022541950933057e-01
5.530034637422855948e-01
5.479829127484021623e-01
5.429465942892879315e-01
5.378865941218171631e-01
5.328050079880777279e-01
5.277133384467518340e-01
5.226297482993602639e-01
5.174836368200508296e-01
5.123575710106536008e-01
5.072042773856439979e-01
5.020219871882043439e-01
4.968417597195426971e-01
4.916610262170069134e-01
4.864347928368504270e-01
4.811933068871483421e-01
4.759670931262227622e-01
4.706918902435288654e-01
4.654096482977045923e-01
4.601354193376376855e-01
4.548052902380115281e-01
4.494896554153049451e-01
4.441762880019417548e-01
4.388211146002132246e-01
4.334564169480636942e-01
4.280693171921794438e-01
4.226947537874925498e-01
4.172901908737698395e-01
4.118792825026007520e-01
4.064425887004001758e-01
4.009973660595145262e-01
3.955448944591539728e-01
3.900913002519210693e-01
3.845999140370937042e-01
3.791160249549621053e-01
3.736044848486648196e-01
3.680799802070007232e-01
3.625705375081054171e-01
3.570139862875398862e-01
3.514726237056744473e-01
3.459164840992345891e-01
3.403194767429371659e-01
3.347403898695680002e-01
3.291364629487820714e-01
3.235343437607829387e-01
3.179295023464325798e-01
3.122813546815603747e-01
3.066408381435430375e-01
3.010031779600086388e-01
2.953521240770542455e-01
2.896526562753001244e-01
2.839856451390887493e-01
2.782740819325459913e-01
2.725886638531171968e-01
2.668614628972993952e-01
2.611342373182898857e-01
2.554187784298356245e-01
2.496582339132533690e-01
2.439138056845857605e-01
2.381615278065167818e-01
2.323670997285707251e-01
2.266068790748601014e-01
2.208223442130627934e-01
2.150136822361525812e-01
2.091966958754853945e-01
2.033828960517152229e-01
1.975621040234472048e-01
1.917164555666581727e-01
1.858842353208085552e-01
1.800426206401770646e-01
1.741667589102131597e-01
1.682832769066897605e-01
1.624227212069415671e-01
1.565380847405066778e-01
1.506390266782848819e-01
1.447427664365110722e-01
1.388423162250849163e-01
1.329169906620977226e-01
1.269874469801297590e-01
1.210605545035563502e-01
1.151375615754910431e-01
1.091855361711384642e-01
1.032272568582304206e-01
9.726634620988128255e-02
9.129938330019005122e-02
8.532586544697351449e-02
7.932742508446777308e-02
7.334948566888899180e-02
6.734441340297325773e-02
6.135421031678500725e-02
5.533997712203464481e-02
4.930887838983966098e-02
4.328856306569073276e-02
3.727035377781073855e-02
3.121978637678068935e-02
2.518597633971109140e-02
1.913687422542453831e-02
1.306561579755127767e-02
7.012860744363136334e-03
9.436090390155804641e-04
-5.122757850841153093e-03
-1.120274272274923710e-02
-1.728442154233889028e-02
-2.339481142918209411e-02
-2.948705456079592224e-02
-3.560096780638188907e-02
-4.170786968256312566e-02
-4.781871474192023186e-02
-5.394128958394028839e-02
-6.005925017496183127e-02
-6.620030413734034891e-02
-7.233444933597210635e-02
-7.848360711027790870e-02
-8.463375119373905964e-02
-9.078480704508340438e-02
-9.694037749194195364e-02
-1.031035761168568321e-01
-1.092717634629479795e-01
-1.154523068370172378e-01
-1.216333043753091703e-01
-1.278086105996142363e-01
-1.339850729802544160e-01
-1.401977071425148935e-01
-1.463919804396114355e-01
-1.525928700906112878e-01
-1.587953203454210982e-01
-1.650040776762785599e-01
-1.712383182640900836e-01
-1.774463699047605925e-01
-1.836722043349210409e-01
-1.899156649135140817e-01
-1.961477031730818332e-01
-2.023936002780200027e-01
-2.086237698179662647e-01
-2.148694276777634027e-01
-2.211138616234710197e-01
-2.273726103496803708e-01
-2.336246754438027207e-01
-2.399008006652024738e-01
-2.461769065891475927e-01
-2.524495636320126524e-01
-2.587086656572328280e-01
-2.649886878910310273e-01
-2.712919496412965481e-01
-2.775747842424952649e-01
-2.838668020873552633e-01
-2.901634610788389468e-01
-2.964490746743849714e-01
-3.027403336709971748e-01
-3.090528037877421363e-01
-3.153757437460640300e-01
-3.216845238631075299e-01
-3.279881274352748344e-01
-3.343043419261392257e-01
-3.406268854672538371e-01
-3.469522836229429474e-01
-3.533014872749036250e-01
-3.596299468597431437e-01
-3.659567297676913356e-01
-3.723069239006550069e-01
-3.786479737942884949e-01
-3.849873120589638598e-01
-3.913356735329860392e-01
-3.976950905464790020e-01
-4.040515506846680260e-01
-4.103999943704229603e-01
-4.167639917282501827e-01
-4.231251362399227611e-01
-4.294910279329857694e-01
-4.358707686601790421e-01
-4.422472783127114893e-01
-4.486021513961775398e-01
-4.549863640313764890e-01
-4.613863174595019823e-01
-4.677649682062758885e-01
-4.741530159280775703e-01
-4.805428363809328696e-01
-4.869239699538099320e-01
-4.933233751829211311e-01
-4.997282750168813292e-01
-5.061201399446937366e-01
-5.125418080586695568e-01
-5.189393072447556765e-01
-5.253335732832535854e-01
-5.317533814366652845e-01
-5.381577419589986810e-01
-5.445790021148666504e-01
-5.509964503593762775e-01
-5.574036762908043396e-01
-5.638204698041743290e-01
-5.702708825747995203e-01
-5.766895806179276329e-01
-5.831196790624852966e-01
-5.895441802446690360e-01
-5.959751794306062944e-01
-6.024241790783861905e-01
-6.088686994940748498e-01
-6.152833259498868834e-01
-6.217304004151539276e-01
-6.281781096367449191e-01
-6.346304263678365087e-01
-6.410749962400266178e-01
-6.475274740881340474e-01
-6.539814801789706200e-01
-6.604149897471127684e-01
-6.668916897740064798e-01
-6.733486336890586177e-01
-6.798015934066230503e-01
-6.862585241518192047e-01
-6.927248526655590544e-01
-6.991828366483532342e-01
-7.056539407645169293e-01
-7.121221530581492987e-01
-7.186107695538601625e-01
-7.250710455801960830e-01
-7.315495085732457436e-01
-7.378685909693385447e-01
-7.440471806597659388e-01
-7.500460204068711834e-01
-7.559283443319334550e-01
-7.616511706796667003e-01
-7.672532957051139135e-01
-7.726845898173337890e-01
-7.780114675237781441e-01
-7.831660254580607994e-01
-7.882019827279501678e-01
-7.930983897076985256e-01
-7.978674998602139912e-01
-8.024977189516989684e-01
-8.069996972892865550e-01
-8.113837462467198280e-01
-8.156134846361591251e-01
-8.197280783377904889e-01
-8.237386650389276754e-01
-8.275980495586952035e-01
-8.313390048729079052e-01
-8.349704724035562631e-01
-8.384660426979220205e-01
-8.418608138569313448e-01
-8.451407127222478888e-01
-8.482737848366924682e-01
-8.513149315518266924e-01
-8.542462840005219382e-01
-8.570465385733345709e-01
-8.597542351721253473e-01
-8.623529245980697810e-01
-8.648254610302419376e-01
-8.671961851454507153e-01
-8.694584382592904781e-01
-8.716175757016039194e-01
-8.736957575288809563e-01
-8.756297660096917790e-01
-8.774807319822630625e-01
-8.792358152840727969e-01
-8.809017291589235077e-01
-8.824301340190081611e-01
-8.838909677573534296e-01
-8.852392535580666522e-01
-8.864925042442034497e-01
-8.876915566141156955e-01
-8.887592252979328311e-01
-8.897297689465436532e-01
-8.906127022888381539e-01
-8.914230073214098882e-01
-8.921214266024352080e-01
-8.927583842789299506e-01
-8.932787959807172440e-01
-8.937081029659310616e-01
-8.940829692538007079e-01
-8.943434643889184299e-01
-8.945260697849896081e-01
-8.946493131193862247e-01
-8.946719232887043738e-01
-8.946049960600266360e-01
-8.944611291631821004e-01
-8.942659065618111525e-01
-8.940042502583656070e-01
-8.936581569448038831e-01
-8.932521339737204968e-01
-8.927859128723372173e-01
-8.922257585470751984e-01
-8.916294762887145842e-01
-8.909471151153041113e-01
-8.902175939864928056e-01
-8.893923946599973096e-01
-8.885269662872934404e-01
-8.875936530816512793e-01
-8.866047315489667957e-01
-8.855527551593793678e-01
-8.844183303121723183e-01
-8.832427719199742455e-01
-8.820102002941929697e-01
-8.807042997525355021e-01
-8.793453692642484443e-01
-8.779360005238372455e-01
-8.764595020966420291e-01
-8.749308710250653931e-01
-8.733680603908845486e-01
-8.716955033572300060e-01
-8.700038991410896649e-01
-8.682645725836977135e-01
-8.664703506742476025e-01
-8.646187411444825610e-01
-8.627054089814081284e-01
-8.607431311102868854e-01
-8.587304928546106719e-01
-8.566602010650591348e-01
-8.545528347241212463e-01
-8.523872472640876552e-01
-8.501762929220889609e-01
-8.479175977633270911e-01
-8.456112597619245275e-01
-8.432470588127505273e-01
-8.408486230968339470e-01
-8.384179868611889574e-01
-8.359029656460026381e-01
-8.333581913119106899e-01
-8.307791560913305728e-01
-8.281355931773380918e-01
-8.254649915369267621e-01
-8.227404365216109960e-01
-8.199871488765020366e-01
-8.171791999689322905e-01
-8.143219547598263830e-01
-8.114317526251542123e-01
-8.085080921045255664e-01
-8.055324911096881646e-01
-8.025353135401136484e-01
-7.994452098024708020e-01
-7.963682095646719139e-01
-7.932432114146433788e-01
-7.900528130573228891e-01
-7.868631394093048570e-01
-7.836102478742484889e-01
-7.803267435006236985e-01
-7.769976375760179188e-01
-7.736306871768123816e-01
-7.702510868225045382e-01
-7.668272301873141350e-01
-7.633440587171785863e-01
-7.598420817585777032e-01
-7.563043341097115402e-01
-7.527357228277913315e-01
-7.491052342229317373e-01
-7.454850029641100218e-01
-7.417965226459223294e-01
-7.381070973956525005e-01
-7.343697938796496238e-01
-7.305803960050780699e-01
-7.267882551893802834e-01
-7.229401744921085671e-01
-7.190868621491472990e-01
-7.151722218324650937e-01
-7.112466600367610692e-01
-7.072899906686216376e-01
-7.032998198140338886e-01
-6.992748391885998949e-01
-6.952269102742973939e-01
-6.911439107945909210e-01
-6.870586363884575443e-01
-6.829212394626429372e-01
-6.787550162437470114e-01
-6.745588266748230311e-01
-6.703381105242781635e-01
-6.661115170839757571e-01
-6.618209843526783320e-01
-6.575184077555863427e-01
-6.532076509525532870e-01
-6.488349614601544024e-01
-6.444540833966856397e-01
-6.400642037710377874e-01
-6.356412312647968799e-01
-6.311895469924020396e-01
-6.267059804719676830e-01
-6.221987239990938168e-01
-6.176790156644383911e-01
-6.131277326484272372e-01
-6.085464759095087217e-01
-6.039418915212793060e-01
-5.993271912968662907e-01
-5.946837062502822180e-01
-5.900210283058097138e-01
-5.853397270696103494e-01
-5.806197960455551366e-01
-5.758884606747913804e-01
-5.711377878633614458e-01
-5.663424262291602007e-01
-5.615487502566691713e-01
-5.567398653447677148e-01
-5.518953871515979159e-01
-5.470270138924516745e-01
-5.421602177715334481e-01
-5.372513779456787875e-01
-5.323399861945469214e-01
-5.273705909596791974e-01
-5.224321207116486843e-01
-5.174499983998503971e-01
-5.124635485887161224e-01
-5.074272510112294299e-01
-5.023966573426452698e-01
-4.973429042991552862e-01
-4.922746449095176668e-01
-4.871866232825187160e-01
-4.820685138767031308e-01
-4.769578640935802083e-01
-4.718012395371454781e-01
-4.666357960700155960e-01
-4.614530251890234247e-01
-4.562622373719261715e-01
-4.510327425383907629e-01
-4.458015997773651096e-01
-4.405564639101637869e-01
-4.353049053854763928e-01
-4.300468407648523339e-01
-4.247375602449817711e-01
-4.194250405788125802e-01
-4.141112640939991207e-01
-4.087585970212797015e-01
-4.034068220220182743e-01
-3.980325601372574074e-01
-3.926325747854783055e-01
-3.872498605322560739e-01
-3.818358611702798999e-01
-3.763845658336716360e-01
-3.709609343310938945e-01
-3.654962009012433510e-01
-3.600285914003745757e-01
-3.545372447740724464e-01
-3.490279789037269431e-01
-3.435145368664930254e-01
-3.379946678872940424e-01
-3.324622067979065010e-01
-3.269030075324573792e-01
-3.213275857805044655e-01
-3.157649318013069362e-01
-3.101544630607950825e-01
-3.045672966242897184e-01
-2.989423403555879766e-01
-2.933071907415236712e-01
-2.876677229916189127e-01
-2.820097345048135917e-01
-2.763479545048225239e-01
-2.706664882148678286e-01
-2.649801357831731430e-01
-2.592797601074521285e-01
-2.535691190800585249e-01
-2.478506676255722851e-01
-2.421161496750388054e-01
-2.363700976008017429e-01
-2.306172606520119350e-01
-2.248495798237669652e-01
-2.190527423003679752e-01
-2.132716785921799918e-01
-2.074866242421973261e-01
-2.016656820837866571e-01
-1.958619031176493941e-01
-1.900257849799042997e-01
-1.841807683699454579e-01
-1.783480557511322173e-01
-1.724865847654392104e-01
-1.666056017645402010e-01
-1.607112763724344306e-01
-1.548419704493513294e-01
-1.489436314810755890e-01
-1.430315622116473673e-01
-1.371182564250347236e-01
-1.311985571935946338e-01
-1.252604743979618407e-01
-1.193156708067829586e-01
-1.133697408999547740e-01
-1.074184037486093368e-01
-1.014359976194049162e-01
-9.545959794097491624e-02
-8.947488884206455939e-02
-8.348030569131414946e-02
-7.747834670231634746e-02
-7.147859258086053380e-02
-6.543373800468588186e-02
-5.941587518927360367e-02
-5.338321051605698919e-02
-4.734813719324459935e-02
-4.128701550281266286e-02
-3.524352951077469598e-02
-2.915451163514515276e-02
-2.307562266455664979e-02
-1.701089403701150360e-02
-1.091839028606300666e-02
-4.813674304946169435e-03
1.265068785478495883e-03
7.389305086026309866e-03
1.350144519963603074e-02
1.961602655864669309e-02
2.575679093322857938e-02
3.188919427098313442e-02
3.802446783137591879e-02
4.417203766934685305e-02
5.034641939265016575e-02
5.650395073277558744e-02
6.266265191280973035e-02
6.885124338147541323e-02
7.502712690384760741e-02
8.122360374763548663e-02
8.743260600926339166e-02
9.361031832770261296e-02
9.982181819656688049e-02
1.060255629858581905e-01
1.122400746082319323e-01
1.184980816465961428e-01
1.247223366184626592e-01
1.309463761204068266e-01
1.371873113972539304e-01
1.434290848503978477e-01
1.496902550638385954e-01
1.559452113733781342e-01
1.622145517650059876e-01
1.684714817274299836e-01
1.747765363131885685e-01
1.810381535525857899e-01
1.873285101382013984e-01
1.936239187496613390e-01
1.999071715295648310e-01
2.062119544246658887e-01
2.125193883350209312e-01
2.188502197512929293e-01
2.251610604505884794e-01
2.314667098356877339e-01
2.377844199642726863e-01
2.441231190484478564e-01
2.504520379331736102e-01
2.567946338238757953e-01
2.631347195150439688e-01
2.694777637279919258e-01
2.758339367341910986e-01
2.821959964445994729e-01
2.885631013257574651e-01
2.949111736943319517e-01
3.012881782645624451e-01
3.076656784190114902e-01
3.140406443147323312e-01
3.204266258823729174e-01
3.268214106599063307e-01
3.332069647780215860e-01
3.396089085283131581e-01
3.460033511136790807e-01
3.524165991599284009e-01
3.588164099606894197e-01
3.652266749813841695e-01
3.716303138465522071e-01
3.780651981054692357e-01
3.844723417570508062e-01
3.908979415493549769e-01
3.973331192789921751e-01
4.037706137743914958e-01
4.101964355901286385e-01
4.166507274142408068e-01
4.230764990277866566e-01
4.295297317995516728e-01
4.359900611231135592e-01
4.424541970381561384e-01
4.488918738870866232e-01
4.553608797757000559e-01
4.618248494450010178e-01
4.682837292154371500e-01
4.747472649531250255e-01
4.812307989326238822e-01
4.876829479030526659e-01
4.941863912510804369e-01
5.006766723623352622e-01
5.071455268012110551e-01
5.136286174659179249e-01
5.201206627406995686e-01
5.266252493084755404e-01
5.331116283695460645e-01
5.396265082593538764e-01
5.461303667682730900e-01
5.526206033795975081e-01
5.591465435774614079e-01
5.656611057759015626e-01
5.721779628359815462e-01
5.786801105455856575e-01
5.852171478116485748e-01
5.917278384705242367e-01
5.982464112127514611e-01
6.047728742826889992e-01
6.112974748553940962e-01
6.178372820628343920e-01
6.243830661560469952e-01
6.309173173721354111e-01
6.374674274834817300e-01
6.439976571930854377e-01
6.505565632661185482e-01
6.570886715728088134e-01
6.636368563574248647e-01
6.701988815045873960e-01
6.767482970532257003e-01
6.832884872502849039e-01
6.898449360086453819e-01
6.964033156597775331e-01
7.029785458983923707e-01
7.095608158446309321e-01
7.161129957153340442e-01
7.226838798457808632e-01
7.292655290967440251e-01
7.358399432484361569e-01
7.424057188718244937e-01
7.489993200232170079e-01
7.555776774520834849e-01
7.621442448853783524e-01
7.687318396431341849e-01
7.753300403479621572e-01
7.819084788732533209e-01
7.884846929094264656e-01
7.949481202188846130e-01
8.012151516162071552e-01
8.073610429842086322e-01
8.133715696394900885e-01
8.192112999142888707e-01
8.249250736704474285e-01
8.305032398664535798e-01
8.359345242742355353e-01
8.412249903602035950e-01
8.463636259193112465e-01
8.513866052415617336e-01
8.562908120662688916e-01
8.610345819836553449e-01
8.656785962413218183e-01
8.701758412399036580e-01
8.745192198937379313e-01
8.787810162460192309e-01
8.828981212431643577e-01
8.868850682363069726e-01
8.907638157061581463e-01
8.945035889145036556e-01
8.981350122879432352e-01
9.016342424387107091e-01
9.050265200611551375e-01
9.083167264746898617e-01
9.114711572650540106e-01
9.145249106120640903e-01
9.174547605677068063e-01
9.202792624286391110e-01
9.229918790152871200e-01
9.255875445702408388e-01
9.280891436277252105e-01
9.304803700076564876e-01
9.327663757764317332e-01
9.349386977667237808e-01
9.370342944809086916e-01
9.389911144199432069e-01
9.408707202905710609e-01
9.426445939697389864e-01
9.443169190225311205e-01
9.459166388975055462e-01
9.473903801763485788e-01
9.487817266565847785e-01
9.500612064042570637e-01
9.512572169782240739e-01
9.523630095622410696e-01
9.533613498169237754e-01
9.542959856412618347e-01
9.551369831495124529e-01
9.558805405070707195e-01
9.565248355406585912e-01
9.570978358714923306e-01
9.575754775017941700e-01
9.579886087672735417e-01
9.582978510813964235e-01
9.585141919261770393e-01
9.586642608510880237e-01
9.587396767352471816e-01
9.587228990358889202e-01
9.586353595864496313e-01
9.584854918821554826e-01
9.582632590460546940e-01
9.579778611465488147e-01
9.576038489607823223e-01
9.571780254410564570e-01
9.566803294394476964e-01
9.561417458090148980e-01
9.554971459741612438e-01
9.548261891372256116e-01
9.540618682134105466e-01
9.532331416492203502e-01
9.523652313522761315e-01
9.514370505311846582e-01
9.504228761376700696e-01
9.493583187307181870e-01
9.482720684240477649e-01
9.470778542769919817e-01
9.458197966193575557e-01
9.445190398051068748e-01
9.431830652429264994e-01
9.417743074775988266e-01
9.403181965430327249e-01
9.387764501863511413e-01
9.372049870487133560e-01
9.355756312713341405e-01
9.339110989609764601e-01
9.321659410191791562e-01
9.303754515542079773e-01
9.285244054306687200e-01
9.266328882104264419e-01
9.246929798766738706e-01
9.226887516275494860e-01
9.206504997388331724e-01
9.185632987169767283e-01
9.164061232245601651e-01
9.142420546865848152e-01
9.119936263613781513e-01
9.097258521255600083e-01
9.073954234810015507e-01
9.050103024206086477e-01
9.025965665767621271e-01
9.001204268342859471e-01
8.976205563700454526e-01
8.950667581468638723e-01
8.924572730660076392e-01
8.898072887074974791e-01
8.871333334310329555e-01
8.843862284260870510e-01
8.816340190713851666e-01
8.788249485526515858e-01
8.759673816977116001e-01
8.730620669835564840e-01
8.701473427620547429e-01
8.671756637254843803e-01
8.641653794867472094e-01
8.611266082988890957e-01
8.580332749524441915e-01
8.548998478182783245e-01
8.517278445945606347e-01
8.485175249872840553e-01
8.452799708796499001e-01
8.420127661876712910e-01
8.387037939624968352e-01
8.353719042585874277e-01
8.319579352030666008e-01
8.285693551244770472e-01
8.251086123657731530e-01
8.216262643932945586e-01
8.181096478473017797e-01
8.145610534216434218e-01
8.109774514777652321e-01
8.073605349784438445e-01
8.037212841085932258e-01
8.000309691232101450e-01
7.963020574009722630e-01
7.925571688365637968e-01
7.887918864270131447e-01
7.849844654013122813e-01
7.811526491215969870e-01
7.772798259549198452e-01
7.734102250295076253e-01
7.694682579497809094e-01
7.655164621209227249e-01
7.615166277656724159e-01
7.575210988414304847e-01
7.534604288675199601e-01
7.494001429395809044e-01
7.453054547119943862e-01
7.411985002593333149e-01
7.370370708442610663e-01
7.328492558247123867e-01
7.286724960234032267e-01
7.244353949290498473e-01
7.201753165568376414e-01
7.158884353859826799e-01
7.116012038948518192e-01
7.072618187813117796e-01
7.029191674509018828e-01
6.985263839677036124e-01
6.941480097997467791e-01
6.897098689521139470e-01
6.852611278294979957e-01
6.807922084972912735e-01
6.762890207874265869e-01
6.717614297397977996e-01
6.672299227003393174e-01
6.626401818868570270e-01
6.580597271465986609e-01
6.534491011741463407e-01
6.488235808434177354e-01
6.441869812483911328e-01
6.395152431964030715e-01
6.348031331329690996e-01
6.300990467777745074e-01
6.253535141166883804e-01
6.206018426498063345e-01
6.158263609959566676e-01
6.110210209595123843e-01
6.062133807946734620e-01
6.013694143644399137e-01
5.965200459154793577e-01
5.916416182888464270e-01
5.867521071271646349e-01
5.818233326891095736e-01
5.769077266133109116e-01
5.719572670346519949e-01
5.670023177732921305e-01
5.620033616138639943e-01
5.570059293837963388e-01
5.519958449031354686e-01
5.469495850987924346e-01
5.418716428839918109e-01
5.368412215262112763e-01
5.317368580996633121e-01
5.266271032526130824e-01
5.215125918460190579e-01
5.163825515717848091e-01
5.112399660383906141e-01
5.060646714379841704e-01
5.008674746411807543e-01
4.956608071559898132e-01
4.904591269247864371e-01
4.852408880278171743e-01
4.799774668816183532e-01
4.747214528938459299e-01
4.694493759118649745e-01
4.641595732122243412e-01
4.588534016586898190e-01
4.535332759483210463e-01
4.481946485965409011e-01
4.428640107349615107e-01
4.374945388802209401e-01
4.321061561561789777e-01
4.267250428981763655e-01
4.213293515944609435e-01
4.159172879984611715e-01
4.104773701730435320e-01
4.050447905344294330e-01
3.995821241767598675e-01
3.941080906098184400e-01
3.886529943835603795e-01
3.831594001467455435e-01
3.776590673330728620e-01
3.721220667212654654e-01
3.666229742195044050e-01
3.610599321161380715e-01
3.555289871463336304e-01
3.499630092318255503e-01
3.443914435588053546e-01
3.387886041419494454e-01
3.331982692864985385e-01
3.275895951448297705e-01
3.219896840663309945e-01
3.163450785921435582e-01
3.106949873343178847e-01
3.050565079074125663e-01
2.993993475753617961e-01
2.937142289507861381e-01
2.880299380598601022e-01
2.823453534590494307e-01
2.766447562847667019e-01
2.709190566226709063e-01
2.652189574409407058e-01
2.594706963977815306e-01
2.537155052886019835e-01
2.479752948676399171e-01
2.422279218272369583e-01
2.364331089474864811e-01
2.306681028174935033e-01
2.248709832050270752e-01
2.190697122096947336e-01
2.132772045515389792e-01
2.074505012544420879e-01
2.016254238545351907e-01
1.957916419087413207e-01
1.899469806210056788e-01
1.841034065905218231e-01
1.782294498624810153e-01
1.723723386033624294e-01
1.664960764051723885e-01
1.606067278950518151e-01
1.547131210581382810e-01
1.488185321931529970e-01
1.429073382912804391e-01
1.369863830957647188e-01
1.310713165128265523e-01
1.251449571874856392e-01
1.191917822380297309e-01
1.132518715689576627e-01
1.073081312522519148e-01
1.013448530889495824e-01
9.536139137761856510e-02
8.940773471535945482e-02
8.341968171441238589e-02
7.741981790535468200e-02
7.144388164151038723e-02
6.543111453637839858e-02
5.943702279849039094e-02
5.337975387879856370e-02
4.737155943532256330e-02
4.134878882383286047e-02
3.532392341548717951e-02
2.927358970663584969e-02
2.321033939941430368e-02
1.716994788217363066e-02
1.108741168581439673e-02
5.028705468622662877e-03
-1.038915482560964776e-03
-7.130933745170930926e-03
-1.321952461603181916e-02
-1.930184551344671373e-02
-2.540037824260554800e-02
-3.149750396187811496e-02
-3.761657075480695500e-02
-4.373207309545124044e-02
-4.985645170193431230e-02
-5.597795800940852384e-02
-6.211391829084456084e-02
-6.822986079360682243e-02
-7.438246052557695442e-02
-8.053797139307439235e-02
-8.667505802822295102e-02
-9.285285993125991233e-02
-9.902222871110777369e-02
-1.051787091080209624e-01
-1.113400534135091657e-01
-1.175241036830297903e-01
-1.237166025605941355e-01
-1.299092375188318771e-01
-1.361086065883422291e-01
-1.422962274898291746e-01
-1.484993892795355430e-01
-1.546954742611221789e-01
-1.609158714135467960e-01
-1.671331962580956398e-01
-1.733643382387266563e-01
-1.795623641346394406e-01
-1.858191344345193619e-01
-1.920349726665917522e-01
-1.982842626959577803e-01
-2.045183173152476108e-01
-2.107743468293907796e-01
-2.170267211068597213e-01
-2.232766002025250440e-01
-2.295411767122785829e-01
-2.358030782893991706e-01
-2.420611800041627681e-01
-2.483434919097469162e-01
-2.546147377858297700e-01
-2.609008700592830854e-01
-2.671810481323881881e-01
-2.734695605978190169e-01
-2.797623027402864615e-01
-2.860444270205786399e-01
-2.923414021542559693e-01
-2.986622155333119588e-01
-3.049418704678592551e-01
-3.112623595018914058e-01
-3.175576079831731180e-01
-3.239009984129874731e-01
-3.302174948097656992e-01
-3.365277025190043236e-01
-3.428465791706085675e-01
-3.491893572422251069e-01
-3.555135496640071668e-01
-3.618661032536419908e-01
-3.682045002191560723e-01
-3.745347547470991856e-01
-3.808915599360757076e-01
-3.872381523927715952e-01
-3.935861614244482443e-01
-3.999475769207488929e-01
-4.062836922963555253e-01
-4.126505209980596556e-01
-4.190180314312607068e-01
-4.253844642428235012e-01
-4.317791687683718571e-01
-4.381387873448011616e-01
-4.445247851037751330e-01
-4.508788874552125403e-01
-4.572772334470264211e-01
-4.636431012439153898e-01
-4.700404993291160682e-01
-4.764265190305998487e-01
-4.828042867919027925e-01
-4.892194682547159612e-01
-4.956189106329625949e-01
-5.019986768750898110e-01
-5.084072803491450632e-01
-5.148196642502278486e-01
-5.212152858188801030e-01
-5.276338895675560803e-01
-5.340536763847433255e-01
-5.404622430973238245e-01
-5.468772898560506635e-01
-5.532897570497999906e-01
-5.597131019415962916e-01
-5.661486003349369689e-01
-5.725746612802604663e-01
-5.790053907945824641e-01
-5.854397316581778643e-01
-5.918641136858018292e-01
-5.983078717001091285e-01
-6.047394433838344519e-01
-6.111706478490503969e-01
-6.176198442017581947e-01
-6.240596872316663823e-01
-6.305152990152758097e-01
-6.369544689463473297e-01
-6.433978267257098871e-01
-6.498661516777678449e-01
-6.563244774118692781e-01
-6.627716529397081890e-01
-6.692474870651585750e-01
-6.756800191794770649e-01
-6.821497948626615848e-01
-6.886238238749512464e-01
-6.950846673704003109e-01
-7.015421939006624141e-01
-7.079947467858221932e-01
-7.144872355714417811e-01
-7.209712518444398865e-01
-7.274343941117624723e-01
-7.337530119912596405e-01
-7.399382642633682838e-01
-7.459440856610149995e-01
-7.518496131583300990e-01
-7.575709998958515268e-01
-7.631617171530756805e-01
-7.686333254964718975e-01
-7.739676422780867870e-01
-7.791227974830047254e-01
-7.841771916932716024e-01
-7.890699379243821809e-01
-7.938347709186314161e-01
-7.984787976259493103e-01
-8.029864524650176527e-01
-8.073590967716401945e-01
-8.116098806321246917e-01
-8.157391432511256202e-01
-8.197405793702920995e-01
-8.236238233170694034e-01
-8.273617508429574885e-01
-8.309989014462012547e-01
-8.345111514857427304e-01
-8.378947321276026816e-01
-8.411712459620757087e-01
-8.443172717405709182e-01
-8.473802714689028237e-01
-8.503121548052652301e-01
-8.531293304327434157e-01
-8.558202642469678878e-01
-8.584140703253863025e-01
-8.608985404256206397e-01
-8.632887527346478906e-01
-8.655435190862272865e-01
-8.677293761725503041e-01
-8.697941447172410356e-01
-8.717502300212911504e-01
-8.735907075733247984e-01
-8.753516075381997386e-01
-8.770222314842213152e-01
-8.785588435709089650e-01
-8.800316926782059124e-01
-8.813825657159940485e-01
-8.826537956335696045e-01
-8.838288981881572415e-01
-8.848953924905523793e-01
-8.858740713768786801e-01
-8.867629759890227614e-01
-8.875753983950915860e-01
-8.882869268280473296e-01
-8.889076985865943525e-01
-8.894602588540672095e-01
-8.898955540802989672e-01
-8.902508209278713336e-01
-8.905560301943674650e-01
-8.907261712064291626e-01
-8.908379286121903551e-01
-8.908841081862047817e-01
-8.908123130149546709e-01
-8.906899620929883410e-01
-8.904946940957251256e-01
-8.902159947736160150e-01
-8.898902476876257017e-01
-8.894809875100682106e-01
-8.890195507907097117e-01
-8.884633319670461882e-01
-8.878582764954203732e-01
-8.871924982204983934e-01
-8.864564192263251208e-01
-8.856417163649186186e-01
-8.847625971553535473e-01
-8.838283392248399428e-01
-8.828418353123691498e-01
-8.818039554040325578e-01
-8.806823990154655224e-01
-8.795068335441920127e-01
-8.782670047345074726e-01
-8.769871835755238543e-01
-8.756220811964939843e-01
-8.742123897583446990e-01
-8.727472451937370312e-01
-8.712205203400076314e-01
-8.696408612450950981e-01
-8.680035126222507280e-01
-8.663165751176836737e-01
-8.645542107423834777e-01
-8.627640882426030888e-01
-8.609150221541059800e-01
-8.590121098361944707e-01
-8.570503017477637542e-01
-8.550280472108697793e-01
-8.529739657569992417e-01
-8.508830636125640501e-01
-8.487141026044719982e-01
-8.464955867552930169e-01
-8.442378445088791761e-01
-8.419389238661477703e-01
-8.395730913415748731e-01
-8.371843046794082976e-01
-8.347515123652374802e-01
-8.322369843565928793e-01
-8.297020689410770089e-01
-8.271160615735249078e-01
-8.244875977083181429e-01
-8.218140811592984374e-01
-8.190948436868604743e-01
-8.163353812329570136e-01
-8.135312974506373473e-01
-8.106873353168956298e-01
-8.077953892766239763e-01
-8.048517752922069723e-01
-8.019007190308848898e-01
-7.988788652563415527e-01
-7.958138293932179863e-01
-7.927429737979605484e-01
-7.895995709142755725e-01
-7.864407439606875272e-01
-7.832227573292092071e-01
-7.800093292510745790e-01
-7.767043246194693662e-01
-7.733805518404398560e-01
-7.700321921955766147e-01
-7.666204811352712589e-01
-7.632048392944253967e-01
-7.597351722626682902e-01
-7.562311120698669287e-01
-7.526957156773546043e-01
-7.491211383623086473e-01
-7.455142405508952130e-01
-7.418704941973002231e-01
-7.381983460809029562e-01
-7.345034653605344577e-01
-7.307442867494072791e-01
-7.269798186387198546e-01
-7.231879679202448674e-01
-7.193508646892475822e-01
-7.154884604968141382e-01
-7.115841644056353221e-01
-7.076751592427583670e-01
-7.037030170342755131e-01
-6.997220108392858684e-01
-6.956972855313311443e-01
-6.916676393218097463e-01
-6.875982958315416393e-01
-6.834727716456543423e-01
-6.793449166930367600e-01
-6.751779537784342589e-01
-6.709909041247813510e-01
-6.667904717710149143e-01
-6.625189792981480696e-01
-6.582593142293267086e-01
-6.539648377040656602e-01
-6.496317643257735197e-01
-6.452788217591891584e-01
-6.408950528690815496e-01
-6.365050077360255854e-01
-6.320870297516061331e-01
-6.276378542442810904e-01
-6.231462133692337035e-01
-6.186331842504715350e-01
-6.141180533958082721e-01
-6.095658575255330502e-01
-6.050007345268246794e-01
-6.003927896810877796e-01
-5.957838271255202489e-01
-5.911327249560924812e-01
-5.864677034890855012e-01
-5.817878412136321398e-01
-5.770574929172171963e-01
-5.723402152633982887e-01
-5.675929000162449611e-01
-5.627872151087616182e-01
-5.580146013082571965e-01
-5.532110961162082230e-01
-5.483582524277552661e-01
-5.434917235513142542e-01
-5.386177428740387407e-01
-5.337205366295844078e-01
-5.287997836077005243e-01
-5.238520638637067517e-01
-5.188949257031946205e-01
-5.139336172202220165e-01
-5.089209363140582143e-01
-5.039057412384297940e-01
-4.988931634419407901e-01
-4.938189672864534696e-01
-4.887418673732276675e-01
-4.836542906598908509e-01
-4.785349222629461385e-01
-4.734185783475103326e-01
-4.682633660907122852e-01
-4.631127638482788189e-01
-4.579474968190527795e-01
-4.527572581160314025e-01
-4.475285074816348629e-01
-4.422976086547928398e-01
-4.370576833359922642e-01
-4.318037982203075664e-01
-4.265139260294579238e-01
-4.212236980355300586e-01
-4.159122891137663203e-01
-4.105867423020441720e-01
-4.052382112915767776e-01
-3.999013165112829116e-01
-3.945177224934124371e-01
-3.891323626543926606e-01
-3.837266350401241644e-01
-3.783316999896608746e-01
-3.728843227421554385e-01
-3.674440450318455786e-01
-3.619959316242756797e-01
-3.565180679756689841e-01
-3.510342172660307902e-01
-3.455282419164148466e-01
-3.400249677533152548e-01
-3.344873798652007180e-01
-3.289412153118009829e-01
-3.233801613913963591e-01
-3.178353100375869156e-01
-3.122534522447913963e-01
-3.066619360265879779e-01
-3.010579169611002914e-01
-2.954295695658448739e-01
-2.898145505187736948e-01
-2.841663624970462987e-01
-2.785295875756332862e-01
-2.728589974522495076e-01
-2.671699122584374475e-01
-2.614804885998741613e-01
-2.557688747432275145e-01
-2.500777686787725163e-01
-2.443634000427732378e-01
-2.386145772511499841e-01
-2.328686309336452931e-01
-2.271317342485169588e-01
-2.213608754564062586e-01
-2.155826770985539431e-01
-2.098006044146781823e-01
-2.039963918716469760e-01
-1.981632232551265860e-01
-1.923619187704713740e-01
-1.865346181742305598e-01
-1.807002685406293718e-01
-1.748563707822703428e-01
-1.690002631562985691e-01
-1.631103473189023934e-01
-1.572331786717406921e-01
-1.513601649067941590e-01
-1.454694870195979428e-01
-1.395569087363752736e-01
-1.336371098559399062e-01
-1.277096661363830155e-01
-1.217888399427219381e-01
-1.158259017600639096e-01
-1.098840218675667391e-01
-1.039125955162425452e-01
-9.795597331447558620e-02
-9.198712832212518897e-02
-8.600411723445733347e-02
-8.000293336991493032e-02
-7.400963733318599580e-02
-6.797254047881928773e-02
-6.196898602795075650e-02
-5.594266377709622429e-02
-4.991252767268528068e-02
-4.386772077597977937e-02
-3.780702537635460825e-02
-3.175202490874451389e-02
-2.569130584293699560e-02
-1.961982418466889921e-02
-1.354188254857624507e-02
-7.454656641309287401e-03
-1.353185721470806513e-03
4.731744047534069963e-03
1.084489776131625227e-02
1.696295050159135620e-02
2.310779075963154128e-02
2.922001153720787947e-02
3.536119548314164973e-02
4.150995198856044510e-02
4.764201869440043424e-02
5.382035070629731521e-02
5.996001350503066263e-02
6.613819269431320258e-02
7.230706510701057077e-02
7.850568285185444140e-02
8.467987054816927817e-02
9.088926629312310546e-02
9.708891920597340075e-02
1.032938492911863460e-01
1.095037623134682558e-01
1.157180454262713987e-01
1.219503799781826991e-01
1.281704021382734648e-01
1.344135411659155288e-01
1.406597538452354357e-01
1.468929610595328672e-01
1.531636241270515342e-01
1.594216231356966329e-01
1.656897553353093855e-01
1.719505250327522106e-01
1.782225684148968092e-01
1.845198295847778613e-01
1.907904138108134084e-01
1.970756981637324934e-01
2.033758603173076995e-01
2.096622099809992701e-01
2.159971914578668883e-01
2.222976133298855128e-01
2.286088965699917264e-01
2.349286321082253437e-01
2.412651923413158261e-01
2.476062369716851563e-01
2.539067877163700970e-01
2.602568046076585428e-01
2.666178188864267717e-01
2.729422382859318930e-01
2.793006124595016626e-01
2.856428408769768890e-01
2.920307531418622204e-01
2.983961462875532877e-01
3.047553375073466242e-01
3.111262276576820529e-01
3.175053125878568583e-01
3.238888391571168590e-01
3.302834669590994920e-01
3.366773127286752931e-01
3.430644921354324417e-01
3.494664155047013665e-01
3.558607073256756514e-01
3.622797251606897362e-01
3.686685669284952560e-01
3.751105968650076949e-01
3.815171665640146870e-01
3.879335595912234425e-01
3.943581589128957177e-01
4.007842555005574070e-01
4.072289945169318415e-01
4.136636777334710136e-01
4.201080313807727951e-01
4.265498578485333869e-01
4.329855773346660275e-01
4.394440015003198141e-01
4.459091448263741153e-01
4.523518899168796903e-01
4.587976538609086496e-01
4.652569090360296755e-01
4.717415432839766609e-01
4.782039679838223645e-01
4.846803988775008065e-01
4.911503778685826216e-01
4.976426954722554807e-01
5.041181412518704885e-01
5.106166779221499308e-01
5.170947170918580582e-01
5.235889921912455502e-01
5.300833629304704253e-01
5.365821944597610749e-01
5.430764155005565197e-01
5.495868578607603361e-01
5.560871629666419569e-01
5.625982141577439144e-01
5.690997327099434067e-01
5.756180011728686541e-01
5.821371367891017279e-01
5.886526426840152926e-01
5.951751136534284559e-01
6.016980150054431764e-01
6.082271895856836696e-01
6.147510251057963782e-01
6.213044050274449948e-01
6.278309641537664909e-01
6.343591099242293918e-01
6.409024030428869256e-01
6.474317478223174938e-01
6.540040292635622698e-01
6.605513443341290980e-01
6.670823721578125198e-01
6.736380048304604351e-01
6.802039962730181966e-01
6.867474737014367392e-01
6.933061185185167563e-01
6.998688181112038276e-01
7.064326663023072772e-01
7.129995411033624997e-01
7.195661324662072644e-01
7.261352952874147171e-01
7.327090273384604391e-01
7.392764969647256379e-01
7.458583810795786917e-01
7.524386787021186684e-01
7.590076828584562119e-01
7.655969980076953174e-01
7.721851582096634914e-01
7.787640208046850976e-01
7.853643120622286755e-01
7.919458344317740206e-01
7.983717471545712652e-01
8.046868746428730290e-01
8.108284171323796308e-01
8.168199837865623980e-01
8.226661747281549530e-01
8.283923806945763246e-01
8.339398776892024134e-01
8.394055215815372506e-01
8.446847543439006678e-01
8.498346250859747375e-01
8.548405543323935873e-01
8.597323116212272076e-01
8.644812846601919176e-01
8.691249634719508954e-01
8.736175406169046642e-01
8.779807378178747790e-01
8.822307844607031324e-01
8.863539915695497484e-01
8.903326641860638269e-01
8.942149167920083741e-01
8.979467910613030401e-01
9.015724226304322464e-01
9.050923946290996280e-01
9.084846210550905354e-01
9.117451613667781896e-01
9.149314495244378342e-01
9.179683436630505788e-01
9.209031734139987435e-01
9.237285557406040848e-01
9.264388809593018248e-01
9.290460849051294101e-01
9.315309037456205310e-01
9.339402669872136631e-01
9.362057550341038592e-01
9.383949952462133925e-01
9.404769925752629600e-01
9.424545792591971782e-01
9.443175637870333539e-01
9.461089376961520081e-01
9.477850584968348091e-01
9.493642052538042719e-01
9.508326643130264877e-01
9.522118404111783452e-01
9.535023517130780668e-01
9.547001872130875810e-01
9.557932602258716326e-01
9.568220456516849382e-01
9.577545597712071590e-01
9.585802844319468718e-01
9.593148291394733018e-01
9.599754896955436934e-01
9.605529751606725064e-01
9.610317879279595132e-01
9.614203305665032229e-01
9.617356913480490377e-01
9.619778174628852430e-01
9.621277466740918438e-01
9.621864904167534149e-01
9.621677768338778858e-01
9.620703495888407453e-01
9.619289178217154124e-01
9.617032997699677122e-01
9.614185256785765521e-01
9.610476611943608027e-01
9.606087775345264479e-01
9.601442353539850760e-01
9.595803332911962968e-01
9.589519898357403704e-01
9.582767414122776994e-01
9.574971205770501648e-01
9.566965230813142540e-01
9.558116750105443149e-01
9.548695769308266357e-01
9.538795151676204842e-01
9.528018874098929114e-01
9.517079769210334828e-01
9.505070865149782833e-01
9.492809776450157333e-01
9.479689042200301063e-01
9.466355124645371433e-01
9.451973939713764761e-01
9.437364726329484643e-01
9.422373369646408481e-01
9.406318040332071195e-01
9.390296750597217912e-01
9.373276151225173880e-01
9.356037430081689532e-01
9.338290006580767244e-01
9.319754586471085123e-01
9.300795996258486298e-01
9.281311813208485972e-01
9.261553726611169157e-01
9.241001217806794621e-01
9.220180284169936513e-01
9.198596376999315094e-01
9.176711076797494648e-01
9.154452418421370474e-01
9.131740693579928347e-01
9.108374078906209537e-01
9.084605009273902798e-01
9.060302758828500114e-01
9.035705206609401241e-01
9.010535305758040625e-01
8.984967298914512401e-01
8.958990633641128465e-01
8.932687762686224442e-01
8.905821798502318032e-01
8.878400194844067173e-01
8.850642335320302312e-01
8.822676922978953673e-01
8.794024514178639951e-01
8.765135299505697475e-01
8.735816894932926235e-01
8.706265458451045713e-01
8.675950211138356849e-01
8.645411527463930934e-01
8.614754602990699617e-01
8.583380203175261514e-01
8.551901029450565961e-01
8.519715743460267721e-01
8.487409679220314640e-01
8.454648128964199483e-01
8.421644135611252580e-01
8.388176989286544316e-01
8.354268683824848107e-01
8.320168426690679464e-01
8.285753916202955871e-01
8.250761197454801188e-01
8.215602381997735293e-01
8.180172801168106300e-01
8.144072823568775377e-01
8.107974124000836280e-01
8.071488220863258789e-01
8.034858609136561469e-01
7.997527137416360343e-01
7.959948017944928900e-01
7.922309462643408740e-01
7.884370617139493387e-01
7.846065026830193467e-01
7.807274256201157669e-01
7.768366567864666283e-01
7.729295471318817778e-01
7.689579448927994498e-01
7.649805644066329791e-01
7.609496584173369715e-01
7.569256662545764680e-01
7.528459838868288845e-01
7.487617214304307378e-01
7.446188622459490869e-01
7.404976648903445202e-01
7.363179630350187299e-01
7.321283954143962269e-01
7.278804375274070537e-01
7.236251224289405037e-01
7.193317923272652958e-01
7.150558182801225460e-01
7.107053333928012862e-01
7.063541036788489880e-01
7.019716223010969980e-01
6.975677165076248354e-01
6.931520992170641104e-01
6.887006024543762539e-01
6.842265804423284248e-01
6.797290254809233989e-01
6.752040200547801962e-01
6.706663112950137506e-01
6.660974620848241212e-01
6.615137374453112784e-01
6.568884863341526437e-01
6.522840269099028365e-01
6.476204846940412097e-01
6.429532777821045375e-01
6.382593575320205659e-01
6.335391464551956009e-01
6.288105812112843029e-01
6.240517869235167048e-01
6.192683190805783333e-01
6.144656827914933839e-01
6.096572537354192356e-01
6.048190545124154660e-01
5.999740675205464946e-01
5.950985942888546987e-01
5.902004589628413456e-01
5.853082269320690756e-01
5.803553771323111121e-01
5.754077755455133669e-01
5.704571343706814623e-01
5.654655991360357792e-01
5.604442919213548091e-01
5.554432791414107840e-01
5.503942645673851608e-01
5.453478712209631762e-01
5.402867146135941212e-01
5.351837345605743312e-01
5.300906113688717003e-01
5.249645058555323374e-01
5.198238681553613016e-01
5.146687585252023300e-01
5.095104839274946507e-01
5.043061459315463235e-01
4.991155690318638261e-01
4.938943477509276647e-01
4.886664803106750554e-01
4.834263015097906013e-01
4.781694702850478595e-01
4.728913920820549954e-01
4.675884424696430397e-01
4.622980760693995439e-01
4.569832622137730560e-01
4.516451931953908705e-01
4.463139009175303151e-01
4.409533183137950285e-01
4.355530423898821279e-01
4.301766927493653192e-01
4.247845762341007081e-01
4.193471724013277946e-01
4.139376704357822234e-01
4.085033286994672608e-01
4.030455790674780658e-01
3.975715349486246275e-01
3.920929807866067041e-01
3.866062933746732266e-01
3.811050453952260497e-01
3.755863474012532954e-01
3.700744149003132311e-01
3.645211628798397108e-01
3.589714733798869961e-01
3.534112056506040211e-01
3.478279202390115454e-01
3.422525958956175174e-01
3.366516492845843533e-01
3.310315000138128738e-01
3.254228257542632896e-01
3.197790855323978665e-01
3.141477923877404876e-01
3.085079458567976385e-01
3.028304845016687175e-01
2.971632408506701406e-01
2.914921822628928627e-01
2.857830053816916571e-01
2.800917627686856370e-01
2.743633036918695645e-01
2.686704752050088629e-01
2.629040655613794630e-01
2.571760978883752546e-01
2.514175783383829632e-01
2.456662448679816091e-01
2.399012918721992182e-01
2.340945841601820288e-01
2.283161688729153926e-01
2.225239492022945687e-01
2.167092232437606292e-01
2.108986548448321674e-01
2.050787364242172561e-01
1.992495398762970105e-01
1.934072197044598429e-01
1.875483691475938741e-01
1.816850979279340805e-01
1.758321144967736060e-01
1.699532229564180152e-01
1.640455948930592545e-01
1.581730257304683196e-01
1.522728778759396828e-01
1.463718323416536293e-01
1.404369024782217146e-01
1.345144041512085220e-01
1.285851416360237476e-01
1.226520974597369307e-01
1.167060365633105778e-01
1.107502127038821893e-01
1.047863972341116501e-01
9.881517657897354034e-02
9.283924804101117978e-02
8.686497504018908522e-02
8.087796031398797325e-02
7.486596902095321582e-02
6.886646703971166517e-02
6.285798302490430700e-02
5.685062816926000906e-02
5.082219336471283100e-02
4.480667734197352203e-02
3.873726325855275654e-02
3.270265053833232294e-02
2.666799509606398999e-02
2.059851362454034884e-02
1.454006043126465642e-02
8.487845035416219375e-03
2.410491297588190918e-03
-3.677048256972348383e-03
-9.785013984680124288e-03
-1.583675688936880821e-02
-2.194856259875377358e-02
-2.806115458296032372e-02
-3.416422371686445025e-02
-4.027971207111935570e-02
-4.641479303008544388e-02
-5.251361940894938574e-02
-5.866416403721741446e-02
-6.478632076554957653e-02
-7.091867416726371776e-02
-7.708506625973321480e-02
-8.325393582910112222e-02
-8.940170565671179403e-02
-9.555721830154173535e-02
-1.017245528891301820e-01
-1.079090466212516697e-01
-1.140945616363032711e-01
-1.202700481986613834e-01
-1.264439402492477660e-01
-1.326526061159738479e-01
-1.388454554877871505e-01
-1.450538035265539483e-01
-1.512629928353959041e-01
-1.574654120244272093e-01
-1.636892914279924893e-01
-1.699128464093312418e-01
-1.761338432804998577e-01
-1.823662287526460757e-01
-1.885980937904677690e-01
-1.948392838227549495e-01
-2.010853603371794973e-01
-2.073190829635846999e-01
-2.135698263017763443e-01
-2.198291118032574820e-01
-2.260845756265602580e-01
-2.323715065380832501e-01
-2.386113404243469516e-01
-2.448754546103212304e-01
-2.511533337365570162e-01
-2.574624466476354012e-01
-2.637262319372328800e-01
-2.700071457637527317e-01
-2.763140137041395494e-01
-2.825989255171402759e-01
-2.889062832066715547e-01
-2.951974726051426190e-01
-3.014968693620215801e-01
-3.078031526202906765e-01
-3.141285129539744814e-01
-3.204507225808824744e-01
-3.267601270866735685e-01
-3.330896268077212508e-01
-3.394096167866499369e-01
-3.457269302563159563e-01
-3.520731341789746782e-01
-3.584124814707104756e-01
-3.647437680896027379e-01
-3.710871062471641224e-01
-3.774415454267271430e-01
-3.837918796617992845e-01
-3.901327870942792320e-01
-3.964886491072616703e-01
-4.028558204363749118e-01
-4.092100127858596670e-01
-4.155724393392410398e-01
-4.219417281112257667e-01
-4.283166497190908917e-01
-4.346853109525476988e-01
-4.410629799893960312e-01
-4.474361463918923310e-01
-4.538027074032245922e-01
-4.601995331623788266e-01
-4.665954659853447373e-01
-4.729650147212788314e-01
-4.793707682711242368e-01
-4.857650661374582901e-01
-4.921697501348948345e-01
-4.985678760075883398e-01
-5.049557137569942178e-01
-5.113706522887542238e-01
-5.177759701455939556e-01
-5.241905931848533928e-01
-5.305986901864252481e-01
-5.370210857701098739e-01
-5.434393807290975875e-01
-5.498508428589439223e-01
-5.562679958655285528e-01
-5.626977813561572228e-01
-5.691155900299873505e-01
-5.755458463295486382e-01
-5.819840797140698463e-01
-5.884317333394415428e-01
-5.948622887864822850e-01
-6.012879215414103085e-01
-6.077233091688863942e-01
-6.141500230537721983e-01
-6.206066254510407276e-01
-6.270571472515633626e-01
-6.335203532355455636e-01
-6.399620779328156761e-01
-6.464115082557169156e-01
-6.528543089930364252e-01
-6.593155572069953063e-01
-6.657591214578196803e-01
-6.722465698424360259e-01
-6.787198160905292266e-01
-6.851686984440914507e-01
-6.916308088447495894e-01
-6.980975073218784743e-01
-7.045527280874286369e-01
-7.110333775209136675e-01
-7.175083280569140021e-01
-7.239707447868257706e-01
-7.304664452303439859e-01
-7.367990938569359827e-01
-7.429589276965872235e-01
-7.489957666316022777e-01
-7.548751005097187328e-01
-7.606393004695523041e-01
-7.661995391477500750e-01
-7.716813182599636667e-01
-7.769890551486524632e-01
-7.821676051203836355e-01
-7.872061459268931971e-01
-7.921247109224536231e-01
-7.968904566479972917e-01
-8.015206026599159816e-01
-8.060418762845299456e-01
-8.104147810414441544e-01
-8.146657013739543318e-01
-8.187873926458180129e-01
-8.227922035609260831e-01
-8.266615332873952227e-01
-8.304178120877976355e-01
-8.340496528540379817e-01
-8.375782122818029585e-01
-8.409705623161561894e-01
-8.442271114258721454e-01
-8.473995919137788935e-01
-8.504409042505363114e-01
-8.533684034171521438e-01
-8.561800718500842677e-01
-8.589079499219203218e-01
-8.614963608343660928e-01
-8.639764614583762548e-01
-8.663736459667121803e-01
-8.686275734322297382e-01
-8.708020573681981569e-01
-8.728493415071818529e-01
-8.748252455272076400e-01
-8.766807333040217420e-01
-8.784445595224960046e-01
-8.800905916240322480e-01
-8.816528359544302251e-01
-8.831087984331942309e-01
-8.844799098472614363e-01
-8.857371378126035477e-01
-8.869123094960722486e-01
-8.879871510242243193e-01
-8.889621705616372882e-01
-8.898755574550152314e-01
-8.906770075764731676e-01
-8.913793471887407893e-01
-8.920033540446082876e-01
-8.925502328067380642e-01
-8.929881369516203815e-01
-8.933494100126596615e-01
-8.936339617771819066e-01
-8.938183004176599722e-01
-8.939354618812502817e-01
-8.939728436169455117e-01
-8.939132439658327156e-01
-8.937875162747874747e-01
-8.935821888829965642e-01
-8.933229967622459133e-01
-8.929973352167390743e-01
-8.925893463670931949e-01
-8.921304128828535518e-01
-8.915765081910076439e-01
-8.909580298575026092e-01
-8.902885380245738611e-01
-8.895599730875622946e-01
-8.887556522837292139e-01
-8.878846041228559693e-01
-8.869527071958033249e-01
-8.859669287706893881e-01
-8.849166803935810677e-01
-8.837907683928420965e-01
-8.826086129080967790e-01
-8.813914911956288734e-01
-8.800946070945812050e-01
-8.787481178735541132e-01
-8.773467096359827133e-01
-8.758744224516908927e-01
-8.743420785670826811e-01
-8.727596667293275878e-01
-8.711194412249207986e-01
-8.694331913311866833e-01
-8.676789429155218336e-01
-8.659109751869572547e-01
-8.640462452855841580e-01
-8.621389864755470978e-01
-8.601815572391071640e-01
-8.581812979791336726e-01
-8.561167734832854093e-01
-8.540093649118075669e-01
-8.518442736241461644e-01
-8.496317920846392369e-01
-8.473756102788143618e-01
-8.450774415304862508e-01
-8.427216849457808134e-01
-8.403169973924287106e-01
-8.378677250582668989e-01
-8.353761073148459060e-01
-8.328352434211568900e-01
-8.302525388471380108e-01
-8.276255640326024565e-01
-8.249494658990133011e-01
-8.222325727594875788e-01
-8.194833297039300080e-01
-8.166648135516101359e-01
-8.138387101530126788e-01
-8.109385116526842685e-01
-8.080179095158954716e-01
-8.050369046057647138e-01
-8.020286779806813371e-01
-7.989718175409665779e-01
-7.958858169281610717e-01
-7.927506029320148251e-01
-7.895830492666473521e-01
-7.863788811846018634e-01
-7.831367457399445176e-01
-7.798540672613847313e-01
-7.765268689562022653e-01
-7.731657487707892518e-01
-7.697617041569461138e-01
-7.663464451647860054e-01
-7.628785657622776384e-01
-7.593742980067984538e-01
-7.558338237991135689e-01
-7.522738457812502277e-01
-7.486739539236375585e-01
-7.450070509574120425e-01
-7.413650669795157633e-01
-7.376559309776701268e-01
-7.339193777140213815e-01
-7.301411513962554611e-01
-7.263406570890702518e-01
-7.225246315701214783e-01
-7.186433882612253132e-01
-7.147480245521129483e-01
-7.108297911526673118e-01
-7.068672386710478373e-01
-7.028782895860622437e-01
-6.988796124065856930e-01
-6.948155381619367521e-01
-6.907295784929772253e-01
-6.866255233515051737e-01
-6.824983292217875475e-01
-6.783438884916019873e-01
-6.741589308729163399e-01
-6.699357508210769252e-01
-6.656850304681496411e-01
-6.614240458426459135e-01
-6.571199824016993318e-01
-6.527969688792967240e-01
-6.484582803958529595e-01
-6.440581646794094617e-01
-6.396604865555249875e-01
-6.352462620577915553e-01
-6.308063886712218515e-01
-6.263101442191996160e-01
-6.218077943235956750e-01
-6.172862691879139607e-01
-6.127388483280370446e-01
-6.081633652312472549e-01
-6.035675595578569030e-01
-5.989527525642611705e-01
-5.943021348640555868e-01
-5.896458567622788749e-01
-5.849556280089378557e-01
-5.802312440992398734e-01
-5.755092263880354775e-01
-5.707534015006054950e-01
-5.659843877568995207e-01
-5.611845928393629501e-01
-5.563656317380420990e-01
-5.515148298674564797e-01
-5.466650220436800600e-01
-5.417836985259543159e-01
-5.368763027967524692e-01
-5.319672992725529292e-01
-5.270298077684200111e-01
-5.220731241771998654e-01
-5.170860134630792526e-01
-5.120878240929160885e-01
-5.070812244665855451e-01
-5.020317833539222896e-01
-4.969683901379182700e-01
-4.919114272517908226e-01
-4.868258840439165791e-01
-4.817149478210343005e-01
-4.765842203972162627e-01
-4.714535452231519708e-01
-4.662724895348316911e-01
-4.610941965824274513e-01
-4.559102006138822105e-01
-4.506907057540803230e-01
-4.454636760319958810e-01
-4.402148321641693451e-01
-4.349717916606644641e-01
-4.296869538661840515e-01
-4.243942539609225628e-01
-4.190855340791506123e-01
-4.137549906840433112e-01
-4.084309078371600732e-01
-4.030809009667387643e-01
-3.976992803648718988e-01
-3.923086295855571226e-01
-3.869024949226247401e-01
-3.814950108924139993e-01
-3.760502391505737840e-01
-3.706177627772104799e-01
-3.651641927481411587e-01
-3.597033475397195534e-01
-3.541870351198137534e-01
-3.487127313204025914e-01
-3.432067084588447115e-01
-3.376604377543803714e-01
-3.321347368375390241e-01
-3.265811022048252799e-01
-3.210132313569664664e-01
-3.154358970764484793e-01
-3.098503832706023253e-01
-3.042387475404251251e-01
-2.986214101008629607e-01
-2.929932505325317793e-01
-2.873309793185876426e-01
-2.816832601535671499e-01
-2.760272927437414925e-01
-2.703666065282361863e-01
-2.646695681220937457e-01
-2.589789582210512142e-01
-2.532741935558913138e-01
-2.475355231083268270e-01
-2.418029953802440790e-01
-2.360697259015424043e-01
-2.303066702376126429e-01
-2.245389499824440582e-01
-2.187512282865876623e-01
-2.129757507888135892e-01
-2.071612774870189577e-01
-2.013747305823240241e-01
-1.955343143489626234e-01
-1.897227823400750024e-01
-1.838810755301640842e-01
-1.780392751829110720e-01
-1.721740799934365906e-01
-1.662929571390959760e-01
-1.604226727260308349e-01
-1.545235837607144003e-01
-1.486444729993477987e-01
-1.427337717906603798e-01
-1.368256809207513136e-01
-1.309009302771126926e-01
-1.249720044996522894e-01
-1.190108030215715207e-01
-1.130733745193441830e-01
-1.071114483603764489e-01
-1.011340676710951181e-01
-9.517307964910748375e-02
-8.918550358960120050e-02
-8.318724497202456547e-02
-7.716874189120426220e-02
-7.116997439914984902e-02
-6.514635314401040489e-02
-5.913044024892721851e-02
-5.308609137472997119e-02
-4.705817611558127389e-02
-4.098397847003854011e-02
-3.493829197843700829e-02
-2.888873400645841638e-02
-2.281194502255001755e-02
-1.671526711821691435e-02
-1.062794351935991699e-02
-4.546548217685963955e-03
1.545496522625366964e-03
7.659684383779064021e-03
1.377957852404398942e-02
1.990564478669609727e-02
2.604400512989046845e-02
3.217623833422122992e-02
3.832346367524874786e-02
4.446985257988300688e-02
5.062590131751232292e-02
5.678174795822754639e-02
6.296310650189096414e-02
6.912841550817461211e-02
7.531328690273642046e-02
8.151206873159577704e-02
8.769591293654510622e-02
9.389052204818915115e-02
1.001192591977217994e-01
1.063388925259827200e-01
1.125607881509633756e-01
1.187587402334062681e-01
1.249987229502147468e-01
1.312303244713670658e-01
1.374630596351611445e-01
1.437222588423137104e-01
1.499740527693298464e-01
1.562460318479297339e-01
1.624900102483919362e-01
1.687514069904600955e-01
1.750466892439894728e-01
1.813154668723113705e-01
1.875815442161548052e-01
1.938986985705843935e-01
2.002054442047545013e-01
2.064903891924307899e-01
2.127924585683516057e-01
2.191020674637871313e-01
2.254138835690959741e-01
2.317406127304098007e-01
2.380647324586298019e-01
2.443870079922101368e-01
2.507151123771225176e-01
2.570746897376061657e-01
2.634153876496052593e-01
2.697528626769589710e-01
2.761027095848138657e-01
2.824779423584284910e-01
2.888124399111828833e-01
2.951976451523294909e-01
3.015570450285112170e-01
3.079391809575693362e-01
3.143270455106097483e-01
3.207058232102162343e-01
3.270924407745618989e-01
3.334871898597042694e-01
3.398570996610268402e-01
3.462716972027894968e-01
3.526845243393794682e-01
3.591012508255668756e-01
3.654918149959380802e-01
3.719048614763136307e-01
3.783366383911774822e-01
3.847500902499374487e-01
3.911671376665790678e-01
3.975993359241001279e-01
4.040442000552428858e-01
4.104739603268530157e-01
4.169229509260117261e-01
4.233522335602812880e-01
4.298033006152377489e-01
4.362444117578161418e-01
4.427079789773509244e-01
4.491684496359888978e-01
4.556142569953027799e-01
4.620851521245117333e-01
4.685567604099196704e-01
4.750248352938215568e-01
4.814931031061839839e-01
4.879532130380261901e-01
4.944508500395523587e-01
5.009389279837392905e-01
5.074094827798489860e-01
5.138991372604109209e-01
5.203914947681047565e-01
5.269002642774021083e-01
5.333891151906779982e-01
5.398923674959821284e-01
5.464104678364176682e-01
5.528961095697746408e-01
5.594237764652583156e-01
5.659188648186430637e-01
5.724452802499724324e-01
5.789469407924079380e-01
5.854565832703215733e-01
5.919936416522120215e-01
5.985141064616590345e-01
6.050349688428500183e-01
6.115803254176293002e-01
6.181195591958852376e-01
6.246377538163483401e-01
6.311744331207664871e-01
6.377268658394643630e-01
6.442592561551909736e-01
6.508082745737215902e-01
6.573507329202650240e-01
6.638922814462764332e-01
6.704592822042576561e-01
6.770145702399255061e-01
6.835622922085615727e-01
6.901274656601568136e-01
6.966960228443468406e-01
7.032248084996790549e-01
7.098185832747556656e-01
7.163758335433159097e-01
7.229410947794749909e-01
7.295144435422840079e-01
7.360842214286746898e-01
7.426786629238451010e-01
7.492384972350869532e-01
7.558239845813996549e-01
7.624139978123971595e-01
7.689866564213525546e-01
7.755754488267301294e-01
7.821646312720871297e-01
7.887509139821435866e-01
7.951910397444785783e-01
8.014876922596496645e-01
8.076199753678741100e-01
8.136219249317302449e-01
8.194821653012036577e-01
8.251825885754948686e-01
8.307585681870621741e-01
8.362040488231754498e-01
8.414755605532411309e-01
8.466416792112563261e-01
8.516504263572113320e-01
8.565445758783185592e-01
8.613096554560846219e-01
8.659318513431022435e-01
8.704212847754220217e-01
8.747913496368400210e-01
8.790437553319834230e-01
8.831405602348847417e-01
8.871339102652597841e-01
8.910181502565424072e-01
8.947654357252425861e-01
8.983925418469671520e-01
9.018979698125795252e-01
9.052867540672651092e-01
9.085447050327060126e-01
9.117319426434824514e-01
9.147615292509572171e-01
9.177062800416262434e-01
9.205417650511922290e-01
9.232512777281771665e-01
9.258407889182469486e-01
9.283428746808293219e-01
9.307307016476300543e-01
9.330189982221737122e-01
9.352000061471141823e-01
9.372796342456217733e-01
9.392525869776766623e-01
9.411545214926955172e-01
9.429019346364990728e-01
9.445815882390535823e-01
9.461562371161018614e-01
9.476401700389858185e-01
9.490262715570039198e-01
9.503025480333360253e-01
9.514933388627806465e-01
9.526085374019888086e-01
9.536455217623049929e-01
9.545597652877468864e-01
9.553846336679034934e-01
9.561297016252165992e-01
9.567874768257234042e-01
9.573473026614427450e-01
9.578257376085039798e-01
9.582362118642755444e-01
9.585459238509161928e-01
9.587576381851556917e-01
9.589352959888248762e-01
9.589998053943735723e-01
9.589882373114992919e-01
9.588881994933735609e-01
9.587414866413139780e-01
9.585243474921794071e-01
9.582133832094010817e-01
9.578676217378114810e-01
9.574352271177446472e-01
9.569312223563435360e-01
9.563817314662337310e-01
9.557560909201954225e-01
9.550701272345716308e-01
9.543106806829237954e-01
9.534977243595177399e-01
9.526307064838053229e-01
9.516721590930778962e-01
9.506780506119407725e-01
9.496107436517211564e-01
9.485008078880845517e-01
9.473150753317252093e-01
9.460982647714311078e-01
9.447942190135556473e-01
9.434211547300190848e-01
9.420212505169338613e-01
9.405544217725030354e-01
9.390368085553675304e-01
9.374558549494673709e-01
9.358375609047113741e-01
9.341589945224033631e-01
9.324038178797122711e-01
9.306281346548839206e-01
9.287890649801116005e-01
9.268837064571651130e-01
9.249496302016717575e-01
9.229613908483291773e-01
9.209262611869413195e-01
9.188350063549317603e-01
9.166812281001255336e-01
9.144878261717948043e-01
9.122498449631522011e-01
9.099886198120954450e-01
9.076283122605439679e-01
9.052718485488273625e-01
9.028339389493114098e-01
9.003658175139301889e-01
8.978638344266036686e-01
8.953058192957406014e-01
8.926969663808985711e-01
8.900776244497059508e-01
8.873846723752825127e-01
8.846610175357267902e-01
8.818822000242294568e-01
8.790880422825131379e-01
8.762214952344362651e-01
8.733296714024418872e-01
8.704054673391090624e-01
8.674204081793832621e-01
8.644140414631169556e-01
8.613773196944654043e-01
8.582511941373498487e-01
8.551518994642799409e-01
8.519725939438271833e-01
8.487851629690215116e-01
8.455508550481318775e-01
8.422766589853118990e-01
8.389439191231702342e-01
8.356188555032424414e-01
8.322418983595847308e-01
8.288261935184491058e-01
8.253578668640340066e-01
8.218792269005155138e-01
8.183737309918590608e-01
8.148187026131263888e-01
8.112376332566735293e-01
8.076051671978554669e-01
8.039548009211070489e-01
8.002939482891837653e-01
7.965687819262452507e-01
7.928195865006684162e-01
7.890559269086698801e-01
7.852423143017945861e-01
7.814005037673030785e-01
7.775442671455963239e-01
7.736385942012462547e-01
7.697321855517520461e-01
7.657635586834521391e-01
7.617900528734147247e-01
7.577737798397734537e-01
7.537283212522667419e-01
7.496691460939317597e-01
7.455536670026481350e-01
7.414549673876948965e-01
7.372901796961759402e-01
7.331167900657817871e-01
7.289182971798171540e-01
7.246947492830886350e-01
7.204296031013337487e-01
7.161622123322881617e-01
7.118632320350521958e-01
7.075247913632589647e-01
7.031679509053194721e-01
6.987794369315227794e-01
6.943876383458182922e-01
6.899493599996708859e-01
6.855127049595350908e-01
6.810335721721589852e-01
6.765461733193851579e-01
6.720157362826735259e-01
6.674757529703860826e-01
6.629151220912601339e-01
6.583246329454586210e-01
6.536971179166144452e-01
6.490722811804487957e-01
6.444375609482573264e-01
6.397679835651528535e-01
6.350721334570326171e-01
6.303379225922138840e-01
6.256111718455616977e-01
6.208604666783763548e-01
6.160779252848351817e-01
6.112877065494628503e-01
6.064671405345942734e-01
6.016285341109131046e-01
5.967826882083047124e-01
5.919052543499327967e-01
5.870064934400711643e-01
5.820975126390868226e-01
5.771698754448266744e-01
5.722276347881880554e-01
5.672646503063876189e-01
5.622601717609034822e-01
5.572637992598918899e-01
5.522525410386092126e-01
5.471998976029053274e-01
5.421486324572988291e-01
5.370896412585710600e-01
5.320031910273177456e-01
5.268932078221539861e-01
5.217617339519431408e-01
5.166296986915066558e-01
5.114913086173751289e-01
5.063082654482229383e-01
5.011385159950418888e-01
4.959354929083132912e-01
4.907136086110617246e-01
4.854794787487852759e-01
4.802337564320555696e-01
4.749629193089226487e-01
4.697022792938232438e-01
4.644019997382273779e-01
4.591080305257753125e-01
4.537923439097570899e-01
4.484533910317438643e-01
4.431092314290994150e-01
4.377435028989848931e-01
4.323712697030059893e-01
4.269864534868619277e-01
4.215800592521319334e-01
4.161742981506832972e-01
4.107463062668128551e-01
4.053044162009906692e-01
3.998591999053244805e-01
3.943786595303866438e-01
3.888919493349651813e-01
3.834028792292620835e-01
3.779178772302342892e-01
3.723842310499627661e-01
3.668537539775429401e-01
3.613264479500832849e-01
3.557704565061394764e-01
3.502271769485594266e-01
3.446317918270431768e-01
3.390521650492270833e-01
3.334559238532686098e-01
3.278489493271550259e-01
3.222376232118338013e-01
3.165853793792470228e-01
3.109448821563352006e-01
3.053188892002898225e-01
2.996399893173058437e-01
2.939767146894189942e-01
2.882802575096541364e-01
2.825893115697661884e-01
2.768873154876918541e-01
2.711771897712944579e-01
2.654590793088922318e-01
2.597352140186983682e-01
2.539791481956805708e-01
2.482204083139003536e-01
2.424714786675969957e-01
2.367025260164203893e-01
2.309192417480405712e-01
2.251370561739953757e-01
2.193399932624326976e-01
2.135141082195666229e-01
2.076986582135336157e-01
2.018844253504994413e-01
1.960390232427506874e-01
1.902171536243926209e-01
1.843525593615629177e-01
1.784937031775690741e-01
1.726331877083002730e-01
1.667556805634140549e-01
1.608720788625688236e-01
1.549719444886377140e-01
1.490846978527475830e-01
1.431713025580634291e-01
1.372556020205939475e-01
1.313370290490321057e-01
1.253893912382424425e-01
1.194511382693064228e-01
1.135146225834839928e-01
1.075565424804236780e-01
1.015895726841862245e-01
9.561674998701619188e-02
8.963836660954949132e-02
8.366890424999273712e-02
7.767307682598278973e-02
7.168242115250511581e-02
6.568149819689694802e-02
5.968501924808977677e-02
5.364501012018640935e-02
4.763307640983693858e-02
4.160264955261050446e-02
3.555457531788785985e-02
2.952777563981179298e-02
2.348353024754934459e-02
1.741354247575421788e-02
1.133127487675089640e-02
5.286693285505350559e-03
-7.869407470781908387e-04
-6.878724065449426384e-03
-1.296933756337648180e-02
-1.904921085676325454e-02
-2.515791655861676634e-02
-3.125091220886322407e-02
-3.737244135040229676e-02
-4.346859354481868998e-02
-4.959425211707590986e-02
-5.572504941270517431e-02
-6.185809502249861591e-02
-6.798337539164822640e-02
-7.414137631954531571e-02
-8.027349604031908115e-02
-8.644261785281537325e-02
-9.259376856996648364e-02
-9.877782049588246238e-02
-1.049129819513113793e-01
-1.110968213618663825e-01
-1.172731557558935878e-01
-1.234552277898967043e-01
-1.296444240917341562e-01
-1.358288654931357753e-01
-1.420491793563601890e-01
-1.482499781445522080e-01
-1.544593885098130004e-01
-1.606508312426239149e-01
-1.668789874654982297e-01
-1.731074154946353749e-01
-1.793216570117200925e-01
-1.855518015778768737e-01
-1.917894055213386073e-01
-1.980284534844525268e-01
-2.042796566668998448e-01
-2.105037321178762078e-01
-2.167630821851234124e-01
-2.230286918166618504e-01
-2.292896630773325617e-01
-2.355405911646475392e-01
-2.418277020556789392e-01
-2.480865221743445703e-01
-2.543679772601892264e-01
-2.606408596052404159e-01
-2.669185641553364352e-01
-2.732113392765187498e-01
-2.795002883130042193e-01
-2.858042217413582220e-01
-2.921026281176388739e-01
-2.983989987568717028e-01
-3.047166761622556175e-01
-3.109939155070566841e-01
-3.173246707504825403e-01
-3.236320391432859767e-01
-3.299493698805049391e-01
-3.362883576203432590e-01
-3.426067047335829008e-01
-3.489315750994538279e-01
-3.552570656950644334e-01
-3.616051682844368953e-01
-3.679388677666828311e-01
-3.742857712698396400e-01
-3.806387294846231839e-01
-3.869822378092359072e-01
-3.933317055150933328e-01
-3.996866579243270046e-01
-4.060561507144347937e-01
-4.123939106819377587e-01
-4.187748245830922311e-01
-4.251291021263358116e-01
-4.315050232037944689e-01
-4.378707437399610436e-01
-4.442610743653787608e-01
-4.506409645957106802e-01
-4.570269585110333654e-01
-4.634081604075687144e-01
-4.698023844483082412e-01
-4.761762307887154044e-01
-4.825739218703837263e-01
-4.889566295560001663e-01
-4.953616825579065797e-01
-5.017567546107176701e-01
-5.081754657064049274e-01
-5.145472343078989486e-01
-5.209695441898644086e-01
-5.273869613440502757e-01
-5.337896345722252800e-01
-5.402083290163635088e-01
-5.466263823285830714e-01
-5.530461963026473970e-01
-5.594672251973376031e-01
-5.658942703892391179e-01
-5.723174071863171841e-01
-5.787498295775059809e-01
-5.851773803628650406e-01
-5.916173434582998603e-01
-5.980497217316387282e-01
-6.044900386841778328e-01
-6.109347502478912340e-01
-6.173779092565161442e-01
-6.238031185722023864e-01
-6.302451732555116592e-01
-6.367062771380651576e-01
-6.431512468832549789e-01
-6.495983718676794361e-01
-6.560441431538467372e-01
-6.625329676732261142e-01
-6.689730587112603377e-01
-6.754383667855390350e-01
-6.818925983622172726e-01
-6.883628141511335397e-01
-6.948187094766349325e-01
-7.013011367992749712e-01
-7.077735576032462284e-01
-7.142374340729052973e-01
-7.207158421513357727e-01
-7.271848786959059785e-01
-7.336556909455612674e-01
-7.399697115225303268e-01
-7.461564482717307767e-01
-7.521812074518922087e-01
-7.580766634123328185e-01
-7.638071308040275120e-01
-7.694247011097242739e-01
-7.748711159256839176e-01
-7.801873230686978689e-01
-7.853650525208611954e-01
-7.903952868785333319e-01
-7.953059202320873489e-01
-8.000990921060935346e-01
-8.047205798619206929e-01
-8.092196810634776361e-01
-8.136156569392811733e-01
-8.178693638918881348e-01
-8.219856897357952219e-01
-8.259840890727099261e-01
-8.298753003618539736e-01
-8.336131767262806580e-01
-8.372632550891262460e-01
-8.407613519029828453e-01
-8.441499827862317673e-01
-8.474407903735360348e-01
-8.505932331000644053e-01
-8.536388633974325568e-01
-8.565672322963775454e-01
-8.593807914424251848e-01
-8.620865686125647187e-01
-8.646822850910262925e-01
-8.671780805788698032e-01
-8.695465657910699253e-01
-8.718348848000333495e-01
-8.740033397622817279e-01
-8.760646155736577789e-01
-8.780220283890358690e-01
-8.798809810796610620e-01
-8.816216471767822638e-01
-8.832841772995089213e-01
-8.848397576963809019e-01
-8.863044298427604772e-01
-8.876763199532329285e-01
-8.889079406745885592e-01
-8.901106647830104857e-01
-8.911839335778486415e-01
-8.921767349568769934e-01
-8.930617576388116818e-01
-8.938633741526104126e-01
-8.945701678334766482e-01
-8.951989595500805530e-01
-8.957400563529253068e-01
-8.961912743292050898e-01
-8.965402287151140737e-01
-8.968321167055134380e-01
-8.970189928705902815e-01
-8.971266450058169584e-01
-8.971666984895892982e-01
-8.971133619875362175e-01
-8.969857239297165385e-01
-8.968133443775134772e-01
-8.965227138647969829e-01
-8.961898531208056795e-01
-8.957733431145913361e-01
-8.953077253582262252e-01
-8.947621783718601174e-01
-8.941600350287974841e-01
-8.934834514778970949e-01
-8.927632818287096761e-01
-8.919489235314552733e-01
-8.910784727550400408e-01
-8.901520893986354377e-01
-8.891662855538390309e-01
-8.880967903624383819e-01
-8.869984215267101568e-01
-8.858041514980554698e-01
-8.845879068049653515e-01
-8.833106394763380331e-01
-8.819415356094965075e-01
-8.805222987721847971e-01
-8.790601869538764435e-01
-8.775426146663503069e-01
-8.759449879601889366e-01
-8.743310011491889355e-01
-8.726280718701681094e-01
-8.708843396259791092e-01
-8.690819697582526926e-01
-8.672241522069342734e-01
-8.653364055000574151e-01
-8.633568533754722996e-01
-8.613632230524514988e-01
-8.593063099048393605e-01
-8.571822970200397851e-01
-8.550366761702732354e-01
-8.528305114830708744e-01
-8.505699815754739213e-01
-8.482613796550575458e-01
-8.459061759579200590e-01
-8.435035689041843199e-01
-8.410578558061430066e-01
-8.385589923025101866e-01
-8.360314910677888456e-01
-8.334522030612097065e-01
-8.308184345829063844e-01
-8.281452674114793133e-01
-8.254262828128882123e-01
-8.226594009735299640e-01
-8.198585335020616149e-01
-8.170126526356623620e-01
-8.141231309269605365e-01
-8.112117020050367833e-01
-8.082266966949605003e-01
-8.052176026018036392e-01
-8.021473500472704465e-01
-7.990804222571675774e-01
-7.959391953908113715e-01
-7.927857456943721015e-01
-7.895707325166110291e-01
-7.863243472812856405e-01
-7.830442213415450547e-01
-7.797314077117433184e-01
-7.763581628356488462e-01
-7.729828719699191053e-01
-7.695368778562118317e-01
-7.660605434763210209e-01
-7.625751353693451806e-01
-7.590383070524781006e-01
-7.554673445640101015e-01
-7.518721042451829151e-01
-7.482146468984557375e-01
-7.445376315453571259e-01
-7.408483358681899889e-01
-7.371187305290416436e-01
-7.333477646895376623e-01
-7.295422616068591992e-01
-7.256914644990530849e-01
-7.218332367489903589e-01
-7.179321976152284179e-01
-7.140294273602134645e-01
-7.100687861410761581e-01
-7.060730029957766885e-01
-7.020643850359096216e-01
-6.980140932295477718e-01
-6.939287064235801772e-01
-6.898311241029104757e-01
-6.856867813956990521e-01
-6.815442813840275615e-01
-6.773452711946622573e-01
-6.731323104039942384e-01
-6.688849119014435018e-01
-6.646075768152215346e-01
-6.602986522285724247e-01
-6.559824600521674265e-01
-6.516430553945086190e-01
-6.472470675479561342e-01
-6.428596999728745098e-01
-6.384365351666210220e-01
-6.339764682757182968e-01
-6.294989297460232835e-01
-6.249968711312237080e-01
-6.204666412064641090e-01
-6.159261685154475696e-01
-6.113647970644675578e-01
-6.067490207076891018e-01
-6.021469354688673281e-01
-5.974746366934662323e-01
-5.928336092330475093e-01
-5.881586974108641286e-01
-5.834487890281094824e-01
-5.786994179874201949e-01
-5.739375297938410503e-01
-5.691684582273768278e-01
-5.643708867572119203e-01
-5.595509274196481808e-01
-5.547141451708300641e-01
-5.498557192593500620e-01
-5.449803600612086463e-01
-5.400733543113951374e-01
-5.351556357646886086e-01
-5.302167522698100210e-01
-5.252603610831942937e-01
-5.202932667239190678e-01
-5.152846626973177635e-01
-5.102592119810824833e-01
-5.052292128683100181e-01
-5.001877236115510605e-01
-4.951102649971260705e-01
-4.900076433494995332e-01
-4.849059056802715872e-01
-4.797893938025253879e-01
-4.746345531860334255e-01
-4.694720918150895317e-01
-4.642913610047162409e-01
-4.591013461141912888e-01
-4.538922065203482292e-01
-4.486534245432226564e-01
-4.434169059818368064e-01
-4.381707682486835065e-01
-4.328718899164323286e-01
-4.275920216064952317e-01
-4.222710301970955538e-01
-4.169529426622483603e-01
-4.116154443627585424e-01
-4.062607837894904872e-01
-4.008848442032941772e-01
-3.954938858435633753e-01
-3.900973736320978436e-01
-3.846706305720029029e-01
-3.792479265439168135e-01
-3.737951239682693050e-01
-3.683539124378859553e-01
-3.628850184312761851e-01
-3.573965873659675774e-01
-3.518979780680127067e-01
-3.463777570297049690e-01
-3.408490121748751767e-01
-3.353176353840668922e-01
-3.297707608762165954e-01
-3.241982248282457846e-01
-3.186250145471060113e-01
-3.130337708366155436e-01
-3.074220208064364357e-01
-3.018130724229283190e-01
-2.961760002346076615e-01
-2.905372366646501447e-01
-2.848871966284083346e-01
-2.792218537430755099e-01
-2.735497623427800562e-01
-2.678722525976477975e-01
-2.621514797113305706e-01
-2.564556478398635209e-01
-2.507278208990477708e-01
-2.449748855591478147e-01
-2.392640623133049926e-01
-2.335038581875137353e-01
-2.277242646539981985e-01
-2.219382039082311575e-01
-2.161612972030182434e-01
-2.103641240251370448e-01
-2.045540457092843711e-01
-1.987475012842188082e-01
-1.928967947558775098e-01
-1.870751997936107580e-01
-1.812159146261430598e-01
-1.753631777276053461e-01
-1.694863799513071090e-01
-1.636146107654715687e-01
-1.577279475999646685e-01
-1.518448265101549621e-01
-1.459208880460423075e-01
-1.400061053765445651e-01
-1.341000979574874519e-01
-1.281355636783375607e-01
-1.222131085827311558e-01
-1.162663504393566249e-01
-1.102945911316364214e-01
-1.043371602867189107e-01
-9.835757146882584401e-02
-9.236944546532344091e-02
-8.636369308447500170e-02
-8.037450654289013396e-02
-7.437105019158984920e-02
-6.834060501322147818e-02
-6.232037299870885061e-02
-5.628229841700704839e-02
-5.025162368679958469e-02
-4.418720997348890567e-02
-3.813408055927580698e-02
-3.206811195731384956e-02
-2.598902843219474956e-02
-1.991542067241025560e-02
-1.382306396543897531e-02
-7.737784546422710186e-03
-1.617736895230814653e-03
4.472828788238070175e-03
1.059817313865263344e-02
1.671566382378619764e-02
2.284463620665477812e-02
2.897865962245971261e-02
3.512870030561909829e-02
4.127981859260621000e-02
4.743317514104905541e-02
5.360404312312905262e-02
5.976700580303972998e-02
6.594222643156077979e-02
7.213515391571045932e-02
7.832202760985174095e-02
8.451081950694550038e-02
9.070636835350298632e-02
9.691857991009533713e-02
1.031313757337812831e-01
1.093492583595259138e-01
1.155642056036108034e-01
1.217888970548202110e-01
1.280464115209991594e-01
1.342717089647660345e-01
1.405154334988569786e-01
1.467875677110259680e-01
1.530355441246589177e-01
1.592859618089221829e-01
1.655730352188635734e-01
1.718423727492244257e-01
1.781164221764683919e-01
1.844146630850740376e-01
1.906977818299908645e-01
1.969991045480574687e-01
2.032929051023160127e-01
2.096114271831275300e-01
2.159311646018966524e-01
2.222298807465721282e-01
2.285388384852335975e-01
2.348795686935247762e-01
2.412201059115746116e-01
2.475417568320850137e-01
2.538802723805611006e-01
2.602236780706566055e-01
2.665631275553834723e-01
2.729181258029933499e-01
2.792783389923532145e-01
2.856376492224559360e-01
2.920022433812630158e-01
2.983610945602046538e-01
3.047468796427563742e-01
3.111316007188371646e-01
3.175102804468588058e-01
3.239061802390981182e-01
3.302861807792634163e-01
3.366898850528654563e-01
3.430901426497996454e-01
3.494863457895400760e-01
3.559001399135892640e-01
3.622895834206871779e-01
3.687140745567671907e-01
3.751238449523024432e-01
3.815631671885506560e-01
3.879784133490424836e-01
3.944171716481281731e-01
4.008360112050313173e-01
4.072761154385644566e-01
4.137319209076926185e-01
4.201410648432795103e-01
4.266104570277278185e-01
4.330490570608069856e-01
4.395194065372840520e-01
4.459692371509884623e-01
4.524253801132289698e-01
4.588906892058695064e-01
4.653542399787999884e-01
4.718277626584004292e-01
4.783030829215468849e-01
4.848193478128619560e-01
4.914370665165086471e-01
4.977903345438570160e-01
5.042958546897675642e-01
5.110060267422973368e-01
5.176746166895747070e-01
5.242235600294020692e-01
5.309510906729582036e-01
5.374212196946299702e-01
5.441785103649054989e-01
5.508119400244904096e-01
5.577393178515563932e-01
5.644190377757571930e-01
5.712274223824946873e-01
5.778469159908852237e-01
5.846889703322690757e-01
5.914603240269387108e-01
5.984004620292855403e-01
6.052493437584014480e-01
6.121140048162938552e-01
6.190204965042933605e-01
6.261562304439247661e-01
6.329184397891765013e-01
6.398714084170373795e-01
6.468349508181039376e-01
6.537527099775801709e-01
6.607143702774209704e-01
6.678991226003978543e-01
6.748575726146206488e-01
6.818903535476552591e-01
6.889400134345966542e-01
6.959757316456491871e-01
7.030187902008295797e-01
7.102650113015160915e-01
7.174276113138482458e-01
7.246139736782541974e-01
7.317021237246388310e-01
7.388905847939446492e-01
7.460147585424119487e-01
7.532068482592937375e-01
7.605210729579499063e-01
7.676461179637619203e-01
7.748032065938115220e-01
7.822562071463479150e-01
7.894196651219891336e-01
7.963831528421223549e-01
8.033667804227955234e-01
8.103249139122230549e-01
8.169456128251806337e-01
8.232643298153417000e-01
8.294099294126104915e-01
8.355628322134964758e-01
8.413988069081999033e-01
8.472906735984564452e-01
8.527859224846905395e-01
8.580800787169793331e-01
8.634672188075189769e-01
8.686309620591172731e-01
8.736871269332078249e-01
8.784661733943868178e-01
8.830266792569032575e-01
8.876332344215127623e-01
8.919963500601260087e-01
8.961554782983822687e-01
9.002791418464943796e-01
9.041204554262591842e-01
9.079985352624806438e-01
9.114944515880518683e-01
9.151035537322818048e-01
9.185536376949618997e-01
9.217610403025615629e-01
9.249587665558109961e-01
9.279270188988422152e-01
9.306889116051324518e-01
9.334919638154324240e-01
9.362039291548618358e-01
9.384904383449148568e-01
9.408580033637345963e-01
9.431135553765412904e-01
9.451525813549597199e-01
9.470624179752120675e-01
9.491662203926511943e-01
9.506301739913656235e-01
9.524120506083200155e-01
9.538162566055863323e-01
9.552564739996969312e-01
9.564498362753992566e-01
9.575229214025831048e-01
9.587523312898622585e-01
9.596079474697511991e-01
9.606623715278510556e-01
9.612743436033150957e-01
9.620406622559156684e-01
9.624096582980679049e-01
9.628663862035100607e-01
9.630314722220767454e-01
9.631595236835250873e-01
9.633805640304231588e-01
9.634605710385224508e-01
9.634286124939994700e-01
9.631573152464050214e-01
9.628751446027439265e-01
9.625021964654456585e-01
9.619897259293894720e-01
9.615378797357228002e-01
9.610252151468736681e-01
9.601472990353248083e-01
9.593330472917285245e-01
9.586228346778953302e-01
9.576623057398245820e-01
9.566207220748537132e-01
9.555340704544572628e-01
9.542412018858419387e-01
9.531388620917851107e-01
9.517709147780692991e-01
9.503599382233567372e-01
9.488275397818537460e-01
9.472718555525609929e-01
9.456258599741709236e-01
9.440799607120824444e-01
9.421973047361795750e-01
9.403540332447490879e-01
9.384908647282035332e-01
9.364698025597857356e-01
9.344300450152061011e-01
9.322107127536136684e-01
9.300922248963994221e-01
9.278612260594110150e-01
9.256362571086698132e-01
9.230961171779927810e-01
9.207031829179557203e-01
9.182787608395608370e-01
9.157316517393394584e-01
9.129623321111914880e-01
9.102029750838143141e-01
9.076363777267688615e-01
9.046540323025911157e-01
9.016685378136970463e-01
8.990315556962287236e-01
8.959094127312114964e-01
8.928135006574520194e-01
8.897116954898971475e-01
8.864796111282207125e-01
8.833176208275048680e-01
8.799087889903320914e-01
8.767352252216016328e-01
8.732362397729327430e-01
8.699249439385559057e-01
8.662524271648825991e-01
8.627282351684573136e-01
8.590763926625666347e-01
8.555827126698329899e-01
8.519961863729070828e-01
8.480603977545917438e-01
8.441804984874454743e-01
8.403903786400266362e-01
8.365728285999205482e-01
8.325311504442465260e-01
8.284590795320432299e-01
8.245445703762566136e-01
8.204433881361323788e-01
8.163450596632659817e-01
8.121195931542886104e-01
8.079290249875314966e-01
8.036455084908946667e-01
7.990861357357925687e-01
7.949755628333485813e-01
7.905953019484195377e-01
7.861305143019867714e-01
7.816159546417100756e-01
7.769581650943995221e-01
7.725162266864440408e-01
7.679567576815842234e-01
7.633117743302189062e-01
7.583924686593603859e-01
7.538337785130659885e-01
7.489204706919163623e-01
7.440979547398420824e-01
7.393450025796650671e-01
7.344477126049380189e-01
7.295646777486357593e-01
7.246450346276331889e-01
7.194703784327487472e-01
7.145003046213509457e-01
7.095378426711622666e-01
7.042522204993930668e-01
6.989716657731701588e-01
6.940205038659239545e-01
6.888398063793514936e-01
6.835975213706166898e-01
6.782272916454350487e-01
6.729065265988223299e-01
6.678196605722874768e-01
6.623496246717608393e-01
6.569118556968007727e-01
6.514387023819494527e-01
6.459629590012423428e-01
6.403045145081680545e-01
6.350204460700545894e-01
6.293421346394376670e-01
6.235474289018008154e-01
6.179369518328552413e-01
6.123816715974474967e-01
6.067316748400630733e-01
6.009607856347665145e-01
5.953045780951877752e-01
5.894548740800464870e-01
5.835805316243656282e-01
5.777393791720095706e-01
5.719364182944974839e-01
5.660579223304014196e-01
5.601696316452964286e-01
5.542430142529470860e-01
5.482315406090603194e-01
5.423509530430059566e-01
5.362127450488456404e-01
5.303167549855636320e-01
5.242316867091494359e-01
5.180272079831218512e-01
5.118093112909769538e-01
5.058459208029584264e-01
4.997059587587360241e-01
4.935264070911535850e-01
4.871811267887204977e-01
4.809934569782410296e-01
4.746539706644483658e-01
4.683997772587666919e-01
4.621636183437261014e-01
4.555944333540020708e-01
4.493079240852166922e-01
4.430617908418943429e-01
4.367124280126870595e-01
4.303415472744542836e-01
4.238112913948270943e-01
4.173424399677605479e-01
4.108247603058940989e-01
4.042906809935096213e-01
3.978336021333841455e-01
3.912715467987641915e-01
3.848803229744606202e-01
3.781258805426237490e-01
3.715962979933324917e-01
3.651095104229993282e-01
3.583621244741073131e-01
3.517506928161486801e-01
3.451519937918059444e-01
3.384159338944108253e-01
3.316446019945815671e-01
3.250214402898157218e-01
3.180976907460071335e-01
3.114230124237507003e-01
3.046232727101751969e-01
2.978930903878647118e-01
2.909459526868281021e-01
2.842735258095943074e-01
2.773646378244207789e-01
2.706615135078216383e-01
2.635019261995581452e-01
2.564646752625352466e-01
2.496894116811727571e-01
2.428012508864381136e-01
2.359005627454904275e-01
2.288303263267401633e-01
2.218901710600165167e-01
2.149496839483282518e-01
2.079482187460750531e-01
2.008426128683951095e-01
1.937837547996135168e-01
1.868910614740271203e-01
1.797947271819548831e-01
1.727430909400886616e-01
1.655843269078274282e-01
1.584370514894650750e-01
1.513391333874218869e-01
1.443043732278919133e-01
1.370517804068596135e-01
1.299766846675787235e-01
1.226548213206870575e-01
1.155342898758544568e-01
1.083480484145649125e-01
1.010190428647446126e-01
9.385058575226112865e-02
8.659504922002114746e-02
7.939004869739352266e-02
7.221693652654903595e-02
6.479589259713658400e-02
5.753362164371567111e-02
5.021717197091657425e-02
4.278226598596868158e-02
3.555844466154978178e-02
2.825195777610511882e-02
2.086799954980023131e-02
1.360387127295514809e-02
6.184053071736084206e-03
-1.214221321348962768e-03
-8.453180798331683121e-03
-1.601786754086620412e-02
-2.324536864273696324e-02
-3.075479291883742583e-02
-3.834494338568006366e-02
-4.584052841744157281e-02
-5.318658215747085194e-02
-6.061963400218428610e-02
-6.826098336724184534e-02
-7.553024268145824838e-02
-8.319803104742207189e-02
-9.067698021855319368e-02
-9.800828640341496811e-02
-1.057880665735996262e-01
-1.131292398735218585e-01
-1.207303062198047394e-01
-1.282654693621825270e-01
-1.358596244348234672e-01
-1.434850067916396688e-01
-1.508984100369124004e-01
-1.585258549795217631e-01
-1.660743815216357833e-01
-1.739058216405355850e-01
-1.814437526433406722e-01
-1.889821503290929350e-01
-1.968493225521471546e-01
-2.044721466406832500e-01
-2.119945402962438719e-01
-2.195135764337337037e-01
-2.272545315288337919e-01
-2.348969168390185880e-01
-2.425051605651892261e-01
-2.502924210143863126e-01
-2.579720911492309199e-01
-2.657009516995011422e-01
-2.733098668379694285e-01
-2.811233230443842546e-01
-2.888641832047008640e-01
-2.965259718009514156e-01
-3.043466793939104686e-01
-3.121027449116815511e-01
-3.197098545242060830e-01
-3.276439375619166761e-01
-3.353864141028115586e-01
-3.430019616400042937e-01
-3.508090874873961429e-01
-3.587186744908688052e-01
-3.664764186654890787e-01
-3.741670105139288660e-01
-3.819895073656457418e-01
-3.899492982199638247e-01
-3.976725680636072902e-01
-4.054697737817068992e-01
-4.133389803740142865e-01
-4.212504173310149813e-01
-4.290920604377376213e-01
-4.368036818998316528e-01
-4.448085581086361762e-01
-4.527021015126156955e-01
-4.605456513811838626e-01
-4.682723591280595343e-01
-4.763982280196706887e-01
-4.841465370422001202e-01
-4.920401111423960971e-01
-4.997351468853334922e-01
-5.078019637218342819e-01
-5.156681084850582852e-01
-5.236751281202347563e-01
-5.314129286968594101e-01
-5.395856070791495984e-01
-5.473572239676087747e-01
-5.553189003705976123e-01
-5.631791618630253016e-01
-5.711024963988470260e-01
-5.791880644011576651e-01
-5.870920293993269201e-01
-5.949993956867791756e-01
-6.030002381643406739e-01
-6.109342448278960447e-01
-6.188759764996133450e-01
-6.269614974168681298e-01
-6.348776499674293472e-01
-6.427917301796428617e-01
-6.508797266382146951e-01
-6.589518740048936341e-01
-6.669250687928445220e-01
-6.748161232818645772e-01
-6.829029000274442485e-01
-6.909832143876694088e-01
-6.989193134666744633e-01
-7.070454719962311341e-01
-7.149041920412816387e-01
-7.229719062753227066e-01
-7.310379258426842330e-01
-7.391027904265364823e-01
-7.473292140243406045e-01
-7.550932153075676778e-01
-7.631397817678684525e-01
-7.711274884040496547e-01
-7.791109596199090603e-01
-7.872673948018474865e-01
-7.954132500865680466e-01
-8.031677618149619668e-01
-8.109299979784415635e-01
-8.184590451372697473e-01
-8.257890785047596882e-01
-8.328885316124086113e-01
-8.400037892761726965e-01
-8.467450285465062398e-01
-8.533507119675338704e-01
-8.597572361353027492e-01
-8.661289241886501733e-01
-8.721127594331558042e-01
-8.780623185335185710e-01
-8.838365058162592769e-01
-8.895903434319739622e-01
-8.949037630535255916e-01
-9.002680748009720402e-01
-9.054477402967936461e-01
-9.104074181732317861e-01
-9.154905966530968442e-01
-9.199659971037658091e-01
-9.245304028533526397e-01
-9.288890940518049755e-01
-9.331166567543995871e-01
-9.372469049899666560e-01
-9.411411722013786063e-01
-9.450743159674435123e-01
-9.485697237237318280e-01
-9.520420068087671606e-01
-9.554969985512008490e-01
-9.589414670115757877e-01
-9.618537557703096263e-01
-9.649301520394332199e-01
-9.676731656537923554e-01
-9.704386893765702959e-01
-9.730479142990431374e-01
-9.755219806518978798e-01
-9.779177881578700049e-01
-9.800543685194039734e-01
-9.820559712906515859e-01
-9.841650380190980485e-01
-9.859429614344911164e-01
-9.877731571476134897e-01
-9.892385516329438300e-01
-9.907837562783268215e-01
-9.920823111485603807e-01
-9.932940915722432429e-01
-9.946569637598278169e-01
-9.955445844940479239e-01
-9.964256025152417040e-01
-9.971581433081189161e-01
-9.977620702024214694e-01
-9.985086528199550449e-01
-9.990367657443185445e-01
-9.991763571114716802e-01
-9.996411506598407160e-01
-9.998070535433704054e-01
-1.000000000000000000e+00
-9.997227934254715453e-01
-9.998030131620736505e-01
-9.995071866251623582e-01
-9.991912967723867167e-01
-9.987727041537092232e-01
-9.983504918975801834e-01
-9.977419968592701194e-01
-9.971825695287690472e-01
-9.963615025075314158e-01
-9.954902844439379450e-01
-9.946065751211385919e-01
-9.936998345606460337e-01
-9.925170076298430732e-01
-9.913328898180033821e-01
-9.902728289683957463e-01
-9.887606142532265885e-01
-9.875533898418425993e-01
-9.859530105177757298e-01
-9.844146211357865939e-01
-9.829230122425839378e-01
-9.811470873209088284e-01
-9.795092355697909703e-01
-9.776184756353784033e-01
-9.757793782992425502e-01
-9.737738269324140994e-01
-9.715184153389186950e-01
-9.695603634872703713e-01
-9.672641452235710702e-01
-9.652106851587289871e-01
-9.626951210088539046e-01
-9.605321120350658326e-01
-9.581301428581291413e-01
-9.555784903865701674e-01
-9.528577574139767137e-01
-9.502182313579410344e-01
-9.475498809685820589e-01
-9.446659458201074333e-01
-9.419697143058874955e-01
-9.388773912008776534e-01
-9.360416769479553700e-01
-9.328774832921858939e-01
-9.300720621749474226e-01
-9.266482069579734526e-01
-9.236188120045029093e-01
-9.204400042428573236e-01
-9.170097627628279735e-01
-9.136664065956576763e-01
-9.103741312890870629e-01
-9.066725149958204666e-01
-9.031436868723415889e-01
-8.997306541010537950e-01
-8.960832515596783843e-01
-8.924269937977513667e-01
-8.885378449078070728e-01
-8.848659155464519976e-01
-8.810095764872385438e-01
-8.771271064193831846e-01
-8.733048563611867099e-01
-8.692300612867186471e-01
-8.652075899686302307e-01
-8.610584307400889204e-01
-8.568077468605792557e-01
-8.527870380398449024e-01
-8.486269983897570812e-01
-8.444244930768283197e-01
-8.398611137849545383e-01
-8.356422127177943748e-01
-8.311316699813998676e-01
-8.265282862948524212e-01
-8.222178537391324760e-01
-8.178115877601450645e-01
-8.129645924699206994e-01
-8.084424748398510996e-01
-8.038185698224209474e-01
-7.988976951109495461e-01
-7.942373783814670185e-01
-7.894255314843086069e-01
-7.846590916385974834e-01
-7.799618918887812891e-01
-7.750405463699305830e-01
-7.698380712856727204e-01
-7.647350807408924700e-01
-7.597570885913835781e-01
-7.548113657156185763e-01
-7.497058446696249767e-01
-7.444891336083814259e-01
-7.393556611720059069e-01
-7.341325164741487885e-01
-7.289787590146801222e-01
-7.237382941081346166e-01
-7.181963056034261772e-01
-7.129186624547830808e-01
-7.075698549844404717e-01
-7.019782276205179805e-01
-6.964871184363410350e-01
-6.910623703263504281e-01
-6.855333217735343210e-01
-6.800181885334908305e-01
-6.743849075171068908e-01
-6.688184268578468705e-01
-6.632362573798316063e-01
-6.574355752901083205e-01
-6.518829846719106369e-01
-6.461152351232172242e-01
-6.402468028950669687e-01
-6.343674234118079625e-01
-6.284795721494897958e-01
-6.227817898074747838e-01
-6.168291585394725107e-01
-6.109862230263203298e-01
-6.049806302485576381e-01
-5.989775323612904767e-01
-5.930733989009053797e-01
-5.869573285709439592e-01
-5.809168225625827020e-01
-5.747740771149651984e-01
-5.686246493920441569e-01
-5.625278645826967683e-01
-5.562886090088368096e-01
-5.502787260378618761e-01
-5.439871041833427290e-01
-5.377875649000630753e-01
-5.316330678918992358e-01
-5.253114051065810308e-01
-5.189301599847675472e-01
-5.126991292667049116e-01
-5.061593090380007709e-01
-4.998330640560881832e-01
-4.933202054426069072e-01
-4.870613552334053242e-01
-4.805594200883610556e-01
-4.740721037693603757e-01
-4.676317599033651407e-01
-4.610378037888058778e-01
-4.543949873966581787e-01
-4.478432842452575446e-01
-4.414223593399175805e-01
-4.347298576768884315e-01
-4.280216948123229947e-01
-4.213708025219644604e-01
-4.147503981958947650e-01
-4.080154813850309647e-01
-4.011653954812408607e-01
-3.947291155771642801e-01
-3.878137328207637013e-01
-3.813321475470813349e-01
-3.743533395774840677e-01
-3.675352473426801714e-01
-3.606250651568660981e-01
-3.540454884253787515e-01
-3.470017038434811685e-01
-3.401283648354632705e-01
-3.331893074427162427e-01
-3.264144178815435726e-01
-3.193053878233047538e-01
-3.125199308419781552e-01
-3.053553113233934413e-01
-2.983965092541606134e-01
-2.915891432925538096e-01
-2.844925113112256598e-01
-2.774167626683192722e-01
-2.704372301176262150e-01
-2.633320203774094370e-01
-2.562034145895913939e-01
-2.490740754043361260e-01
-2.420323160255790640e-01
-2.349667632261157602e-01
-2.278900814724588164e-01
-2.206857860126537618e-01
-2.132788789370948512e-01
-2.061957169583162885e-01
-1.989545423735081808e-01
-1.919374174329983029e-01
-1.844515807327319346e-01
-1.772825104546208452e-01
-1.699706054283247614e-01
-1.627652743457965734e-01
-1.554832547351376881e-01
-1.481705616487968280e-01
-1.408244137733333234e-01
-1.334266664215674192e-01
-1.261794263125763926e-01
-1.188404792304506019e-01
-1.114635046579202093e-01
-1.040457217980381710e-01
-9.677444133489032652e-02
-8.919547491492330060e-02
-8.176564495144866829e-02
-7.426044112866092561e-02
-6.699809380659293989e-02
-5.950279060251828511e-02
-5.198396946230776638e-02
-4.462456266951375650e-02
-3.707438918439320830e-02
-2.939986337122046933e-02
-2.190466914631072903e-02
-1.440411188978008017e-02
-6.873790783188504783e-03
4.470785095911367080e-04
8.044059245020163118e-03
1.574046566274001080e-02
2.334707932983315359e-02
3.095187788653031014e-02
3.857301486757513942e-02
4.586903162673250378e-02
5.371037168344439117e-02
6.127368035646307831e-02
6.905118262984566435e-02
7.652162178068566689e-02
8.412722258799520958e-02
9.186517690549544923e-02
9.969140132391851594e-02
1.073387028821750633e-01
1.150231327228918854e-01
1.226966223368424203e-01
1.304123664523946236e-01
1.380473050549475555e-01
1.458305493379368212e-01
1.535845020624218016e-01
1.613433977671756558e-01
1.691661187260413701e-01
1.770131941247266028e-01
1.847524127498216817e-01
1.925372260843081218e-01
2.001320429543773649e-01
2.079831385186994286e-01
2.158548416216117261e-01
2.237969045105405730e-01
2.316003590271855650e-01
2.394689174457151903e-01
2.473136500365489265e-01
2.550230766014371930e-01
2.628640247604230318e-01
2.706847661556428530e-01
2.787083539867198922e-01
2.864841663149928497e-01
2.944145744111226204e-01
3.024071163856429934e-01
3.102238054717054716e-01
3.180756438962817345e-01
3.260144316538962084e-01
3.339444717072217461e-01
3.419316605301547796e-01
3.500086930400794216e-01
3.578464453768781528e-01
3.657016228651033263e-01
3.735665418416689310e-01
3.815491892347087077e-01
3.896604598594508584e-01
3.974485791326312079e-01
4.055825241106278956e-01
4.134231091065518893e-01
4.214936263845963094e-01
4.295171576339313901e-01
4.376455846403162209e-01
4.456174934985743796e-01
4.535540786416818460e-01
4.615783973739817636e-01
4.698637264279608150e-01
4.777979625530017760e-01
4.855833397787505668e-01
4.936898213153568804e-01
5.018665074013926031e-01
5.098972337944704947e-01
5.179432919563971005e-01
5.260623530098742506e-01
5.339752907214985189e-01
5.420953453457890703e-01
5.503042558858930455e-01
5.583522172243777781e-01
5.662320624102310518e-01
5.744786222649318486e-01
5.826453033031204765e-01
5.907284308011444551e-01
5.989032305650019428e-01
6.069488427546219089e-01
6.151444843786502137e-01
6.232652196692924917e-01
6.312887147153816159e-01
6.395536240024979335e-01
6.476938669236607105e-01
6.557208208720068932e-01
6.639249449689206273e-01
6.721542794444874680e-01
6.802205251826569654e-01
6.883750828804642286e-01
6.965410832846863354e-01
7.047982944207056288e-01
7.128815648993367393e-01
7.211174931217045891e-01
7.292704403124607992e-01
7.375284604275544886e-01
7.456545989992648948e-01
7.538207246991666111e-01
7.620788866557692831e-01
7.702151063583588808e-01
7.784989197825542551e-01
7.866957375809702224e-01
7.946802416487637188e-01
8.025401075292495356e-01
8.100784269728429354e-01
8.176634167940135534e-01
8.250293983519685348e-01
8.320974522624864367e-01
8.390969302807409491e-01
8.457825792180801994e-01
8.524635058825917877e-01
8.588992625526850055e-01
8.652687464799537764e-01
8.712664180864149177e-01
8.770588977307989254e-01
8.828197565853468376e-01
8.885142869537492327e-01
8.938577255701347646e-01
8.991572629603450384e-01
9.043279091449309970e-01
9.095380104993644466e-01
9.142128598185494948e-01
9.189983257582325926e-01
9.235204708633262261e-01
9.279874983755591611e-01
9.322610078315745064e-01
9.362817272436418925e-01
9.402105397304740819e-01
9.439625213654023739e-01
9.475994778413958652e-01
9.512343961057134756e-01
9.546598896660423161e-01
9.577986489209180387e-01
9.608256442244311746e-01
9.640431025942490795e-01
9.667941363008152322e-01
9.695966151724697557e-01
9.722246730098393908e-01
9.747502640658212147e-01
9.770474432311420099e-01
9.792555272566747515e-01
9.813886834731853082e-01
9.833421236889439143e-01
9.853756280431198444e-01
9.872419947181625410e-01
9.886617290290975468e-01
9.901981454050259313e-01
9.916678331323405260e-01
9.928858433266483097e-01
9.940956315317281966e-01
9.951552758761430528e-01
9.960901778444477550e-01
9.970190694295897327e-01
9.977052921501605720e-01
9.982978450086297251e-01
9.987257312551547361e-01
9.992490652936294460e-01
9.996658884056637273e-01
9.997810753434237530e-01
1.000000000000000000e+00
9.999874778256494512e-01
9.998835819420637261e-01
9.997116260993783587e-01
9.994067966282256243e-01
9.992445246811527682e-01
9.987942596411036877e-01
9.981735010523498097e-01
9.976417455475485863e-01
9.968934252474754842e-01
9.959515128624740754e-01
9.952223929041232875e-01
9.942343335291992101e-01
9.932623957654962421e-01
9.922009569044059063e-01
9.910872112505950682e-01
9.898572503380298482e-01
9.883399588787398216e-01
9.869824359603494024e-01
9.855909098716082450e-01
9.839856722778723697e-01
9.824919141795904753e-01
9.806858204146453595e-01
9.789535638330368883e-01
9.771751516047313402e-01
9.750954395893076665e-01
9.732935424934583413e-01
9.712056151679930860e-01
9.692618645252326637e-01
9.670316246294468066e-01
9.646046007694240032e-01
9.624425620658196845e-01
9.601430045843515337e-01
9.576125554603336365e-01
9.550854883880834922e-01
9.524818088788378212e-01
9.499342914713269082e-01
9.470532303842691402e-01
9.444488243344730805e-01
9.416227772562000276e-01
9.386921969342660876e-01
9.358180785422800518e-01
9.330157310419926464e-01
9.297251197955156421e-01
9.267705104034160701e-01
9.236020146121726171e-01
9.203316329346764579e-01
9.169394038324221174e-01
9.135864369296349263e-01
9.102794840735266568e-01
9.068863281627570494e-01
9.033835032296773093e-01
8.999845696251862481e-01
8.962901402935687933e-01
8.925419350837555665e-01
8.888195848551188050e-01
8.851289372522423982e-01
8.813914253392871601e-01
8.773583940208651288e-01
8.737157239296560185e-01
8.695258017615659085e-01
8.658509811896131225e-01
8.614855260804521464e-01
8.574788245617923632e-01
8.534281879739000765e-01
8.492359575816876838e-01
8.449917600800214146e-01
8.407287594917123297e-01
8.365041105355923712e-01
8.321452575667673823e-01
8.276026942761431915e-01
8.233661848920714732e-01
8.187507817272192678e-01
8.143858803003545255e-01
8.094920673038374925e-01
8.049984938669831891e-01
8.003311652217832695e-01
7.957846547244649127e-01
7.909857518042906488e-01
7.863122540513238778e-01
7.813721985884243271e-01
7.764947664911969749e-01
7.717641799263683655e-01
7.667529662440428773e-01
7.617756633238397246e-01
7.569403394383478201e-01
7.518881363442617705e-01
7.467609317300047955e-01
7.415879062500132513e-01
7.365610138414233621e-01
7.313624128302627092e-01
7.259710244361110565e-01
7.207656839501737078e-01
7.155752203184475579e-01
7.103036171930423581e-01
7.050609653557569079e-01
6.995053574554335185e-01
6.942084738757146045e-01
6.887632487497015177e-01
6.831239201886438739e-01
6.776621334409804742e-01
6.721498926048854461e-01
6.666611272466496096e-01
6.610494987907238329e-01
6.555117954522291512e-01
6.498613704910256583e-01
6.440401289085697645e-01
6.383999559084414521e-01
6.325026380550518024e-01
6.267596300325148917e-01
6.211155479271299740e-01
6.152400602148748732e-01
6.095104146828271841e-01
6.034208189679006740e-01
5.977193635553463835e-01
5.914290752400503948e-01
5.856610853225554525e-01
5.798642179801161145e-01
5.736779419988147222e-01
5.675362240496424349e-01
5.615213898001416570e-01
5.556141723204275351e-01
5.495251386537773897e-01
5.431404779795092619e-01
5.371758259633505617e-01
5.307721651711785338e-01
5.246636117674359223e-01
5.183759412794977095e-01
5.122007043510645730e-01
5.060579156185507355e-01
4.995767943466165040e-01
4.933464217944840691e-01
4.868890633392806144e-01
4.806812837329195176e-01
4.743137371856893658e-01
4.678151181691905247e-01
4.614552142981012128e-01
4.548626781227416149e-01
4.482850328181933186e-01
4.419283498510142572e-01
4.354863588208435221e-01
4.291059599483670883e-01
4.223583935959200897e-01
4.157388081647248601e-01
4.091904576159965945e-01
4.025094603235872537e-01
3.959677572545265978e-01
3.893161322366884836e-01
3.826123659375371133e-01
3.757799920068218835e-01
3.692663132436639906e-01
3.624848211459081870e-01
3.558103614538377091e-01
3.489728949602892705e-01
3.421245309133791324e-01
3.354573771028817042e-01
3.284612660836376818e-01
3.217241884878141445e-01
3.149264199360337635e-01
3.079621691578777742e-01
3.012100886309139192e-01
2.942777639302851522e-01
2.871603842883043711e-01
2.803795891572873344e-01
2.735215795426306773e-01
2.665089303056880077e-01
2.595993695009626290e-01
2.526694120525529996e-01
2.455988321994126977e-01
2.385537475339756242e-01
2.313629314130170034e-01
2.244181371000344427e-01
2.172932899250978878e-01
2.101380172299194271e-01
2.031636959998925906e-01
1.960359546380459062e-01
1.888443026438786365e-01
1.817618356952874770e-01
1.746565765410554860e-01
1.675392625306884042e-01
1.604511830108823478e-01
1.531486876736201097e-01
1.458717303936949428e-01
1.386310744661065630e-01
1.314690969932239550e-01
1.242083531647948380e-01
1.168960719803957549e-01
1.098865317606170233e-01
1.022849765062658900e-01
9.518783902533312080e-02
8.795150638192206216e-02
8.046342145585416716e-02
7.322367204133284346e-02
6.578292815124942017e-02
5.864322954061940152e-02
5.111561929473062982e-02
4.368554374553856867e-02
3.641723838747812358e-02
2.915186984427120542e-02
2.159017674558727506e-02
1.429360545684166262e-02
6.862298698340874026e-03
-6.017521100838418846e-04
-8.124254456482682407e-03
-1.543909964516221311e-02
-2.284045213647611927e-02
-3.055985898206359241e-02
-3.795637744877589093e-02
-4.537528026862247543e-02
-5.302548072590640427e-02
-6.051142204804837998e-02
-6.806361008040562321e-02
-7.559036812166708419e-02
-8.309345102737786259e-02
-9.074487175831102981e-02
-9.813844803400895156e-02
-1.056379899242798626e-01
-1.132866634770836045e-01
-1.209672355346118611e-01
-1.285342284964045012e-01
-1.361978288294978245e-01
-1.436593648661654843e-01
-1.514001851618634875e-01
-1.590836643037931708e-01
-1.666230607161426347e-01
-1.743302928367949090e-01
-1.819712302203224663e-01
-1.894977260701310451e-01
-1.971143770384214955e-01
-2.048370718135219537e-01
-2.127777761279431301e-01
-2.203386970127417799e-01
-2.279764244941474560e-01
-2.356511208111132794e-01
-2.434342039571870675e-01
-2.511834566482955555e-01
-2.586324626553911932e-01
-2.659530346509459964e-01
-2.733275959961013468e-01
-2.801853428539089474e-01
-2.871468306946117766e-01
-2.937504257643842598e-01
-3.001405951711890729e-01
-3.063907709860768103e-01
-3.127343229461355678e-01
-3.187609356517149273e-01
-3.243770881545228191e-01
-3.301530855455293567e-01
-3.355360766235476744e-01
-3.408877575412903038e-01
-3.460353392224641000e-01
-3.512422805389027181e-01
-3.559257117172855978e-01
-3.606441523362305945e-01
-3.654039296955243765e-01
-3.699483463460579991e-01
-3.744298049845947718e-01
-3.790549619584113739e-01
-3.838860928661427252e-01
-3.886614274104304156e-01
-3.934190432207623767e-01
-3.984186363840050982e-01
-4.032424524171989155e-01
-4.081192997059153171e-01
-4.130875583640454263e-01
-4.180871148331016807e-01
-4.230359319926720874e-01
-4.280899471952125390e-01
-4.332669642745858862e-01
-4.383258404152672316e-01
-4.435258257614654864e-01
-4.487919646662261730e-01
-4.539574296050243873e-01
-4.592996295009019736e-01
-4.643499116167765228e-01
-4.698542566943267884e-01
-4.753760633174511918e-01
-4.806590070656578950e-01
-4.861266268035921989e-01
-4.914908143455835043e-01
-4.971434528329170544e-01
-5.024894215635555828e-01
-5.081769239424133167e-01
-5.137708104866119951e-01
-5.193808074610679615e-01
-5.250478959176282379e-01
-5.308916455745373852e-01
-5.363489294662138196e-01
-5.420522678268595573e-01
-5.473610526860533954e-01
-5.525660575862753054e-01
-5.577615978420725762e-01
-5.626768717972421285e-01
-5.674772670510206396e-01
-5.720764287402528847e-01
-5.765740505860402765e-01
-5.808654914819417758e-01
-5.851926169454810811e-01
-5.891950098239261413e-01
-5.930857228045345320e-01
-5.968095675922826526e-01
-6.005653244144826264e-01
-6.041457243140353484e-01
-6.078990786246338818e-01
-6.116562340691347188e-01
-6.154693103470130211e-01
-6.191836567329891405e-01
-6.230800265690743522e-01
-6.272779454930599297e-01
-6.312173678600707660e-01
-6.353366737217635007e-01
-6.391022708586513446e-01
-6.435264297547871326e-01
-6.477275210040532860e-01
-6.516963301931633090e-01
-6.555777089702155003e-01
-6.591865422102842764e-01
-6.627086887425708284e-01
-6.660928816825272269e-01
-6.694485558744175391e-01
-6.727227033640570397e-01
-6.761770980290859878e-01
-6.796007157815149302e-01
-6.829813453399603551e-01
-6.862070541142470947e-01
-6.893905730108575991e-01
-6.927012996278210100e-01
-6.958072126597671936e-01
-6.989238861898288135e-01
-7.019248685090986317e-01
-7.048787010065100667e-01
-7.081721616604874647e-01
-7.109092832612415869e-01
-7.139032424443017000e-01
-7.166470435917255966e-01
-7.194745507583364397e-01
-7.222265934034330925e-01
-7.248732001871724950e-01
-7.275551354084534017e-01
-7.301668559389009605e-01
-7.325283197675285241e-01
-7.351716049513616902e-01
-7.378445602669572168e-01
-7.400800133373321987e-01
-7.422995753469261437e-01
-7.447571071904180995e-01
-7.471498386505501799e-01
-7.490942889155064455e-01
-7.514169811658489850e-01
-7.536412227346602766e-01
-7.555854571978229961e-01
-7.575635717763826715e-01
-7.597356001833401873e-01
-7.616449525836115342e-01
-7.635402304859664202e-01
-7.655279955002919356e-01
-7.672008458596020208e-01
-7.689447552996706570e-01
-7.705697761766580056e-01
-7.721626180253972072e-01
-7.737972717066695649e-01
-7.755496140228999025e-01
-7.768972293653919614e-01
-7.783868482365231545e-01
-7.798072830426998614e-01
-7.811451082805693780e-01
-7.824511751376416191e-01
-7.837303588327459991e-01
-7.848208150391784432e-01
-7.861057468437625539e-01
-7.871786888776780566e-01
-7.883267828100163355e-01
-7.890210349997096584e-01
-7.902141686503181273e-01
-7.909460285963942905e-01
-7.919482325412370294e-01
-7.927076762826811285e-01
-7.933403860341692315e-01
-7.941302560833600754e-01
-7.947507636120846319e-01
-7.954533661047851201e-01
-7.959856788683580264e-01
-7.964750387979177004e-01
-7.967427395712007865e-01
-7.972445326579411518e-01
-7.976004349327250331e-01
-7.978156140986774059e-01
-7.981384668188052922e-01
-7.984012021810845683e-01
-7.984608576228731103e-01
-7.985603563817422756e-01
-7.985432385214743523e-01
-7.986276678250248118e-01
-7.985655054109799256e-01
-7.984271245207580359e-01
-7.982604781878388511e-01
-7.980385162973505642e-01
-7.977808702442805711e-01
-7.974432818304670878e-01
-7.970579238488121332e-01
-7.968090218321024487e-01
-7.962979482986541901e-01
-7.957982714786742129e-01
-7.951004020067719003e-01
-7.943944750792071297e-01
-7.936510471350798346e-01
-7.929570204006008982e-01
-7.923646554945494858e-01
-7.916001588852261683e-01
-7.906621897993205694e-01
-7.896354480614289351e-01
-7.887939897986779858e-01
-7.876331175026224374e-01
-7.865540178670311633e-01
-7.855274619754208931e-01
-7.843741723736097349e-01
-7.830754772684426213e-01
-7.819040669735081162e-01
-7.805204613555953852e-01
-7.792285385899752059e-01
-7.776320442169020186e-01
-7.762362551308508163e-01
-7.748834771240279418e-01
-7.729602533538932896e-01
-7.715540602515905677e-01
-7.697553596734327819e-01
-7.682258735611132705e-01
-7.663161887983096499e-01
-7.645067170636717924e-01
-7.628324308039882151e-01
-7.607686051429054519e-01
-7.588128614125264626e-01
-7.567304489754191898e-01
-7.547023777885470963e-01
-7.526701492651370895e-01
-7.504724790220410613e-01
-7.482588926597213419e-01
-7.459531466938609245e-01
-7.436248155888499634e-01
-7.414179394457951489e-01
-7.389135092100982405e-01
-7.365970649632581635e-01
-7.341936752396043264e-01
-7.315539666562003163e-01
-7.290368834193198255e-01
-7.262170788809123589e-01
-7.238746890300875592e-01
-7.209150257275430684e-01
-7.182430675846478429e-01
-7.153366882830263229e-01
-7.125320024640920957e-01
-7.095564803109539742e-01
-7.066535435042247126e-01
-7.036689708068368798e-01
-7.004973673693819514e-01
-6.975920953940878411e-01
-6.944714470490260805e-01
-6.912240057781322555e-01
-6.881623644958875241e-01
-6.847362596726092043e-01
-6.815824846310893914e-01
-6.782146448751389389e-01
-6.747877952176501992e-01
-6.711540936664717183e-01
-6.677729604285661535e-01
-6.643743044420399313e-01
-6.606787945716330324e-01
-6.571679697073955495e-01
-6.535213739418148648e-01
-6.497293008663069802e-01
-6.460559557496254879e-01
-6.422240626145774289e-01
-6.383749427674052512e-01
-6.348262384949356907e-01
-6.306435710575973852e-01
-6.267850455298075163e-01
-6.228503989229821070e-01
-6.188442357658479054e-01
-6.147408281672068764e-01
-6.107373472528677683e-01
-6.065145539254974683e-01
-6.023438613440181832e-01
-5.982010606837427913e-01
-5.939283540509097126e-01
-5.896313858865650515e-01
-5.852892741342073935e-01
-5.808785651302563746e-01
-5.764840249332894295e-01
-5.720393946847424083e-01
-5.675916764891061339e-01
-5.631111425720649599e-01
-5.584525767177677125e-01
-5.539844460233082080e-01
-5.493240425942800265e-01
-5.446741858764603261e-01
-5.400062981749236268e-01
-5.352978305722811969e-01
-5.305399423712545692e-01
-5.255534048214187681e-01
-5.206749854558162527e-01
-5.161176231291111360e-01
-5.110897984297430030e-01
-5.060567311172965432e-01
-5.011952803650671084e-01
-4.962135892397960824e-01
-4.912331731236981858e-01
-4.862424300610643790e-01
-4.811298451341539106e-01
-4.759391741492802197e-01
-4.706578018698772681e-01
-4.656204203567055888e-01
-4.603731421471077834e-01
-4.552761425199947087e-01
-4.499717109457272990e-01
-4.446651427381568267e-01
-4.390751292010240947e-01
-4.339283208227532329e-01
-4.285343129624866743e-01
-4.230554332523336347e-01
-4.176969366121677796e-01
-4.121852358771151970e-01
-4.066315063131977769e-01
-4.010272314460411325e-01
-3.955469752079927570e-01
-3.901438571401509847e-01
-3.844579596421211498e-01
-3.787322490830433708e-01
-3.730788997140270791e-01
-3.673598634219255032e-01
-3.617445526970802794e-01
-3.560812294241437748e-01
-3.502751712018420394e-01
-3.446668401581383101e-01
-3.387030546123134256e-01
-3.328835665348306438e-01
-3.272295838553960223e-01
-3.212271178293673035e-01
-3.152405191962938114e-01
-3.095293323247165773e-01
-3.035025906126694872e-01
-2.976317721152321738e-01
-2.915712270076487034e-01
-2.854489189558807594e-01
-2.796821971696960007e-01
-2.736526293177983238e-01
-2.677290253659572183e-01
-2.615063547351685891e-01
-2.553455412328984320e-01
-2.493591910221313324e-01
-2.432512285156235299e-01
-2.370859952867722109e-01
-2.309285364257747108e-01
-2.247135573763699989e-01
-2.186419868360277574e-01
-2.123367657311364676e-01
-2.061159809987661573e-01
-2.001259997004166680e-01
-1.937442653925809388e-01
-1.875514854038418111e-01
-1.812244081762999226e-01
-1.751228770292672099e-01
-1.688652207312714149e-01
-1.624830134653975078e-01
-1.562067962657835984e-01
-1.497953712345048150e-01
-1.434727228305761049e-01
-1.371635905619421614e-01
-1.306745391664946299e-01
-1.244550353049850289e-01
-1.180585326170243698e-01
-1.117184286931066639e-01
-1.053072728902776367e-01
-9.882947672264630334e-02
-9.256667939650142785e-02
-8.614856632139733517e-02
-7.960480140415304717e-02
-7.331021401003912086e-02
-6.677616243800121865e-02
-6.048394429237458070e-02
-5.400070999273764993e-02
-4.759654905671839575e-02
-4.105207054140436185e-02
-3.474334216747121395e-02
-2.811844922906947541e-02
-2.164749034188451215e-02
-1.531528210572141724e-02
-8.809038130518698217e-03
-2.345784043158549714e-03
4.144999435791607567e-03
1.054420805385869464e-02
1.706142845029612332e-02
2.351693555973954908e-02
3.002788969334235780e-02
3.656595263934869777e-02
4.291680036004108523e-02
4.945993130448944619e-02
5.595527487512463871e-02
6.247772596925948996e-02
6.890016806698295859e-02
7.528802152060487529e-02
8.177034356907175727e-02
8.830396682225005733e-02
9.483362813092921506e-02
1.010051796813242753e-01
1.075806767313027823e-01
1.140572194275348838e-01
1.203448480797906228e-01
1.267806158467541522e-01
1.331956187288394489e-01
1.397128439153656476e-01
1.460616321210401747e-01
1.524203436399607092e-01
1.588704264322045034e-01
1.651267818380748320e-01
1.716299939347185610e-01
1.780328135010913471e-01
1.842743916340789934e-01
1.906135809582614193e-01
1.972381105154161762e-01
2.032910288427884904e-01
2.096507983321869162e-01
2.160176595383742626e-01
2.223081405021916090e-01
2.284653766731923330e-01
2.347332342252907988e-01
2.410838088917182098e-01
2.472971972985114064e-01
2.535540451640436732e-01
2.598224631735677193e-01
2.659405152761538105e-01
2.720124074737011455e-01
2.781538175436935045e-01
2.844526130297779787e-01
2.905604151344347574e-01
2.967006385207975327e-01
3.027910566105596057e-01
3.089668577808699634e-01
3.150103638948098528e-01
3.208605329483567026e-01
3.269959794493728644e-01
3.330553754424430135e-01
3.389585042984943897e-01
3.449142834294431914e-01
3.511123184437576761e-01
3.569180608823416812e-01
3.626414250793181804e-01
3.686544362312111911e-01
3.746022576995160502e-01
3.803726151779993625e-01
3.861863640776777018e-01
3.920084203739506723e-01
3.977976783674521677e-01
4.035102689546670174e-01
4.091353358640037463e-01
4.149928997691381127e-01
4.206343123461364630e-01
4.264122089732147458e-01
4.320195505381121404e-01
4.374912750185402377e-01
4.433249511370442875e-01
4.487941297285544806e-01
4.542256646814308851e-01
4.597656672684977686e-01
4.654953236968402130e-01
4.709027634808105045e-01
4.760928851080448165e-01
4.816654117289600467e-01
4.869432119028205275e-01
4.922223693387950405e-01
4.976716929068980555e-01
5.028578294647356728e-01
5.082405663188831468e-01
5.132985345428378032e-01
5.185716509182001221e-01
5.238006794766365548e-01
5.291083847068331902e-01
5.340733396146077894e-01
5.390126714695151477e-01
5.441268351160575278e-01
5.492366943731821216e-01
5.541893469855765364e-01
5.589548019225913933e-01
5.640642030621934033e-01
5.689740663761244654e-01
5.737942883607145550e-01
5.786812151831723927e-01
5.832446940458473339e-01
5.880652607193250780e-01
5.926946604747804770e-01
5.974294510057065466e-01
6.020924954030859588e-01
6.066751456607948345e-01
6.113023035217635126e-01
6.158333177729988783e-01
6.201642069641273292e-01
6.246761913558782631e-01
6.290048263421206265e-01
6.335149244245952271e-01
6.379263994375174995e-01
6.422046382297290634e-01
6.464340669683461549e-01
6.507190894999668185e-01
6.548244995396454993e-01
6.591143444069467172e-01
6.631185878576668635e-01
6.672859895324347868e-01
6.712741475803456481e-01
6.751152330457359518e-01
6.792105660002354384e-01
6.831589789073506669e-01
6.870789356614246390e-01
6.908373718167712951e-01
6.946454427931356701e-01
6.983108757745408735e-01
7.021036502798472245e-01
7.058708558970334668e-01
7.094501760354139375e-01
7.128935059978152022e-01
7.164890487464290469e-01
7.200572453834575004e-01
7.233502884380837994e-01
7.268383572307082208e-01
7.303406895554227507e-01
7.337159801410171323e-01
7.368793844042540453e-01
7.400954358180475978e-01
7.433921701415191485e-01
7.465251797135634693e-01
7.495281369562649676e-01
7.525062726123616930e-01
7.556384614627418284e-01
7.585887809201028453e-01
7.617152757291172360e-01
7.645184000288787196e-01
7.671290404891428771e-01
7.700815130731839542e-01
7.727991560732285770e-01
7.756290362484641321e-01
7.782547550639928868e-01
7.808912890776138482e-01
7.833638105406681706e-01
7.856767055835527369e-01
7.881959020532931515e-01
7.906299842862705152e-01
7.930390232437065645e-01
7.954221532058531885e-01
7.976717762900031872e-01
7.999558222854108447e-01
8.021442193722045921e-01
8.042698678892212794e-01
8.063137247702449883e-01
8.081908727530688896e-01
8.103275375067522379e-01
8.124560088907735178e-01
8.140455042684342502e-01
8.161039466549506738e-01
8.179595379199902094e-01
8.195384093186768304e-01
8.213705408043940892e-01
8.229354741472776347e-01
8.243958089253404786e-01
8.260927829062469918e-01
8.274032148343282156e-01
8.289512725407011118e-01
8.304476602192163437e-01
8.317311847042938577e-01
8.330013070928472541e-01
8.343030822238626243e-01
8.357366090540860881e-01
8.367097167344463848e-01
8.377567298193748790e-01
8.388435838891414864e-01
8.399151369553112811e-01
8.407374866170940209e-01
8.416046261785452565e-01
8.425786700196402634e-01
8.434341529034674600e-01
8.441482644897826404e-01
8.446617615667535439e-01
8.453905826413299351e-01
8.460059964624750961e-01
8.465468985330035778e-01
8.470412106913927097e-01
8.475444994155834078e-01
8.478529762377464696e-01
8.482844442559445142e-01
8.485360788264606491e-01
8.490125466473370519e-01
8.491463284343050422e-01
8.489984765708962211e-01
8.491666095428145322e-01
8.492146676274523465e-01
8.492386843028081334e-01
8.492674276466558592e-01
8.491660410716108665e-01
8.488211074258331656e-01
8.487598147394803672e-01
8.484488621924530793e-01
8.481347240079715188e-01
8.477987130589059728e-01
8.473268635487540834e-01
8.468161555538331609e-01
8.462388746904083714e-01
8.457227367734181378e-01
8.451361197488376220e-01
8.444381225085622056e-01
8.436760975344341773e-01
8.429631642593986562e-01
8.421335266674649933e-01
8.413016768399799172e-01
8.404504926060700765e-01
8.393359418465564659e-01
8.384700207091562163e-01
8.372142365931218855e-01
8.362659946753876472e-01
8.350231253447104596e-01
8.338639707234676290e-01
8.324713162912640296e-01
8.310052457283445548e-01
8.298157195128628150e-01
8.284375851085916675e-01
8.269965079536323316e-01
8.254139671216311758e-01
8.237691540620544206e-01
8.221650165239062780e-01
8.204901926609680096e-01
8.188622795121907050e-01
8.169152318002377289e-01
8.152255440927733687e-01
8.133328179734917729e-01
8.115245357228129119e-01
8.091930928243962207e-01
8.074554777949800588e-01
8.055851230420147946e-01
8.032552360161497873e-01
8.012136699768603876e-01
7.989633412005205937e-01
7.966347899432006940e-01
7.943042366738748417e-01
7.920693240786158551e-01
7.896893874559032245e-01
7.871637615667967935e-01
7.846724546688399471e-01
7.822345800873935495e-01
7.797145603630450950e-01
7.769658093317839409e-01
7.741147676118513843e-01
7.715447794276659721e-01
7.689832425244849112e-01
7.661188029878751582e-01
7.632302490150424390e-01
7.602249488155190527e-01
7.573356737189984589e-01
7.543177349989547142e-01
7.512737564719615957e-01
7.480724597030476986e-01
7.452525778559297986e-01
7.418927017247793909e-01
7.386808163084455092e-01
7.355367497193048276e-01
7.321688694903007999e-01
7.286034481756245018e-01
7.254022655774667871e-01
7.220862804400460799e-01
7.185501558998195204e-01
7.149432126434442925e-01
7.114941573004007758e-01
7.078542645131564726e-01
7.041162548926258591e-01
7.004521953929718769e-01
6.968061945401446966e-01
6.929760351733920132e-01
6.890793276995972327e-01
6.852033184302537272e-01
6.813640323137675203e-01
6.774939693970460919e-01
6.734430951628449513e-01
6.694629830066896048e-01
6.653125918906253045e-01
6.612384655795751076e-01
6.571057994224138721e-01
6.531002752849823789e-01
6.487994585437293349e-01
6.446872284237077366e-01
6.402908608459465523e-01
6.359306800099329138e-01
6.315908445590963094e-01
6.271324266181437235e-01
6.229209313854944252e-01
6.182497425853898942e-01
6.136410535086813667e-01
6.092344756411971485e-01
6.045198300295087090e-01
6.000350111989742885e-01
5.952926579860491341e-01
5.905223454137054073e-01
5.859337134146227477e-01
5.810184043141963794e-01
5.763424474137697207e-01
5.715526155880228387e-01
5.667772919401592446e-01
5.618217540992198611e-01
5.568350549210876466e-01
5.519794730091402979e-01
5.469498785798558860e-01
5.418153608841251856e-01
5.367539162665320163e-01
5.317449783001102492e-01
5.267520299432066899e-01
5.215919332233227568e-01
5.162862122302964707e-01
5.111284911430957756e-01
5.057580732037212368e-01
5.005118215583175267e-01
4.952651085317858470e-01
4.898998434989234596e-01
4.845675179194304238e-01
4.792560838912265364e-01
4.736776562691629167e-01
4.683904563428522572e-01
4.629011483754008616e-01
4.573463672011526260e-01
4.518523499807283184e-01
4.461703820211098126e-01
4.405428792453880416e-01
4.350503184320824168e-01
4.294697154353621649e-01
4.239146462491210077e-01
4.181865397960018438e-01
4.124085577965883598e-01
4.066905393295521254e-01
4.009920408360669875e-01
3.950701925907462719e-01
3.892615485612993531e-01
3.838742782688562283e-01
3.776959874062080225e-01
3.719083848543907056e-01
3.660357012277331012e-01
3.601063729676166059e-01
3.541285657570263368e-01
3.481691572093832399e-01
3.422559593655813970e-01
3.362284500305408041e-01
3.303178211303170464e-01
3.243773779361458498e-01
3.181297140070522556e-01
3.121800196419626250e-01
3.061982100440396870e-01
2.999444492160801001e-01
2.937956424358767471e-01
2.878196227087430614e-01
2.818095395082655941e-01
2.756818075830198556e-01
2.694457622933301710e-01
2.631577936668438866e-01
2.569194541534762788e-01
2.505148553072720219e-01
2.443965854655156811e-01
2.381471392538327958e-01
2.318261177766474113e-01
2.257099533780546619e-01
2.193718282396273089e-01
2.129991091460654573e-01
2.067947797139266797e-01
2.004749033102604105e-01
1.941953521147055106e-01
1.878424938011493683e-01
1.814136838197120127e-01
1.750757392071173868e-01
1.687801458908513297e-01
1.623991446064958488e-01
1.559661408661434656e-01
1.496194742672225519e-01
1.432000189249345024e-01
1.366896528470293859e-01
1.304496260220437964e-01
1.240354085261685668e-01
1.175644018904591359e-01
1.112551108056514249e-01
1.046318344919558996e-01
9.822057831288222296e-02
9.162531652631100698e-02
8.534468897275337973e-02
7.885931880863528143e-02
7.245332060688869369e-02
6.584676476458928285e-02
5.941058965028145344e-02
5.291365859878971456e-02
4.660011320266210788e-02
4.000119304576754686e-02
3.345392672804892165e-02
2.725850735253931845e-02
2.067456007402590501e-02
1.421291508083943889e-02
7.875291509648052468e-03
1.074275445956507369e-03
-5.307100037596712561e-03
-1.176201043227165233e-02
-1.812196002826249597e-02
-2.456718988073591792e-02
-3.129516274254751096e-02
-3.768282573851156059e-02
-4.399945018919382278e-02
-5.037626603448186469e-02
-5.679812276944262717e-02
-6.334999044541544944e-02
-6.994168098778752451e-02
-7.625920397064822609e-02
-8.258155284231671889e-02
-8.889996440841685388e-02
-9.534448382931159927e-02
-1.018700860013218579e-01
-1.082000300147897276e-01
-1.146209743620070221e-01
-1.209433613605760405e-01
-1.273205312179470639e-01
-1.335793010729592334e-01
-1.399689318654946391e-01
-1.464044647264448606e-01
-1.527024586766924097e-01
-1.588461058608583443e-01
-1.650793419442213583e-01
-1.717216280607061218e-01
-1.777568129397616437e-01
-1.843269678623430385e-01
-1.903738109065936657e-01
-1.967268391718445253e-01
-2.029556368016434131e-01
-2.092603242080388615e-01
-2.154394134684428641e-01
-2.214390623748341280e-01
-2.274826940329873759e-01
-2.336937910104855964e-01
-2.397670194386861686e-01
-2.460884917805501448e-01
-2.520902444381103447e-01
-2.581610266274471099e-01
-2.642277416673444179e-01
-2.702529957296279095e-01
-2.762760156412573664e-01
-2.825308971431857996e-01
-2.882818083299948375e-01
-2.941703326703701826e-01
-3.002244497677426516e-01
-3.062590064871112405e-01
-3.120337825453489700e-01
-3.178699363250159227e-01
-3.239612379240088824e-01
-3.298366192995556556e-01
-3.356334499548614403e-01
-3.412783812260836713e-01
-3.472312626348549314e-01
-3.529014003953163670e-01
-3.586350623506118218e-01
-3.643804677772185530e-01
-3.700998453750661277e-01
-3.757352012499041161e-01
-3.814336235332463909e-01
-3.870343840510876987e-01
-3.925191640628007406e-01
-3.981638708866598320e-01
-4.035775573981086328e-01
-4.092533948269938548e-01
-4.147037713867980369e-01
-4.201171142625051980e-01
-4.256511187735149138e-01
-4.308945367083892863e-01
-4.363497371276454651e-01
-4.416590564001390273e-01
-4.469123768839611266e-01
-4.522652080937984431e-01
-4.574029437413676957e-01
-4.628037167635516980e-01
-4.679033875868401360e-01
-4.731007443613349794e-01
-4.782223980528401697e-01
-4.833562834932106922e-01
-4.884852661168095356e-01
-4.934307581836487877e-01
-4.984017227708895659e-01
-5.036635238435678286e-01
-5.085563737540916840e-01
-5.134262681835009001e-01
-5.182357578099843209e-01
-5.229552774055296060e-01
-5.279853161089973490e-01
-5.326710069137563508e-01
-5.374595061710634170e-01
-5.419053213848274986e-01
-5.468160078089396858e-01
-5.514699137716454480e-01
-5.560194757159278023e-01
-5.605745102442366568e-01
-5.653234980456809389e-01
-5.695790767073449778e-01
-5.741950450570629805e-01
-5.785690295793175508e-01
-5.829326167296967620e-01
-5.872160709646987442e-01
-5.915586494739105694e-01
-5.957388599244990424e-01
-5.999760132200437912e-01
-6.041938163186252320e-01
-6.084263378556781232e-01
-6.124846345046914831e-01
-6.167041027192914360e-01
-6.206519433038549804e-01
-6.247802207567227928e-01
-6.285000516262677639e-01
-6.323821292307929554e-01
-6.365338668340800865e-01
-6.400851588946884219e-01
-6.439997801215801010e-01
-6.477049876002324291e-01
-6.514727076840285402e-01
-6.551637490892161519e-01
-6.585980097008989897e-01
-6.623678233767658075e-01
-6.658634053835210675e-01
-6.692846740187425869e-01
-6.728431666961549595e-01
-6.763243635692839373e-01
-6.795897201498373175e-01
-6.830052265534369837e-01
-6.862456616821914768e-01
-6.894487312871737661e-01
-6.926182200731795247e-01
-6.959318306021845535e-01
-6.989586741487323618e-01
-7.019987013259935127e-01
-7.050620143532135842e-01
-7.079982440912173658e-01
-7.108815175068108339e-01
-7.138430794240553379e-01
-7.166896580327137833e-01
-7.195072924126818537e-01
-7.221447278744749232e-01
-7.248886926766751060e-01
-7.275238437700959349e-01
-7.302693092844936285e-01
-7.326105576239844153e-01
-7.353089439567617180e-01
-7.376352545568403141e-01
-7.399701594981156205e-01
-7.423153213673345796e-01
-7.447343394003447248e-01
-7.470006073292382309e-01
-7.493347778173559126e-01
-7.514576218209428893e-01
-7.535402941652084019e-01
-7.556699158483630718e-01
-7.576579908941600827e-01
-7.597383345378643238e-01
-7.617185718230403690e-01
-7.634385075569424250e-01
-7.653532821203807845e-01
-7.671009119884852900e-01
-7.687922180686248552e-01
-7.706586849478342938e-01
-7.722638415031286563e-01
-7.737483913444552774e-01
-7.754105513200676425e-01
-7.770421656782732223e-01
-7.784263550874903625e-01
-7.798426856494289350e-01
-7.812088429075725315e-01
-7.823814459477420602e-01
-7.837915764877154690e-01
-7.848082853755125043e-01
-7.860008347433651288e-01
-7.872679243519160597e-01
-7.882512379886995602e-01
-7.891537709303961812e-01
-7.902329891949200213e-01
-7.910377698610044916e-01
-7.919771328422533507e-01
-7.926575431858006171e-01
-7.933038769233340393e-01
-7.940283231391042085e-01
-7.946126142279449356e-01
-7.953893695876848025e-01
-7.959432476975868420e-01
-7.962500380953506651e-01
-7.967703976791058462e-01
-7.972793439911999291e-01
-7.975970812090341644e-01
-7.978309714325455548e-01
-7.980350405842692174e-01
-7.983203596574331984e-01
-7.986244114353928669e-01
-7.985314801526713913e-01
-7.985543394884985213e-01
-7.985945287717961527e-01
-7.983934059432986619e-01
-7.984648672359097032e-01
-7.983175420771938535e-01
-7.980923480611139542e-01
-7.976634705946826776e-01
-7.974408346288961447e-01
-7.970665483412082697e-01
-7.965886553331593678e-01
-7.964195692993305542e-01
-7.956553708029096006e-01
-7.950679302045391417e-01
-7.944094638068738279e-01
-7.937486133759195095e-01
-7.931912995387591092e-01
-7.924119539279571578e-01
-7.916251082212899526e-01
-7.907093133656609707e-01
-7.898190994436617984e-01
-7.886433506135227534e-01
-7.878123726748658129e-01
-7.865358586827220222e-01
-7.855566360749893784e-01
-7.843048047743665929e-01
-7.831549374706252564e-01
-7.818374394954799023e-01
-7.805123440741899010e-01
-7.791647779361974280e-01
-7.777932794837422170e-01
-7.761594799120609123e-01
-7.746708847061811731e-01
-7.732748872149666219e-01
-7.716603837277771216e-01
-7.699108012871567208e-01
-7.680787737293466311e-01
-7.664412773734592399e-01
-7.645498327918616166e-01
-7.627202465551570221e-01
-7.607733245464034511e-01
-7.587174266536358402e-01
-7.568757681924036529e-01
-7.547082303387444568e-01
-7.526311760086061842e-01
-7.502878137308203188e-01
-7.483237871973589250e-01
-7.460254373492525293e-01
-7.437105245102435536e-01
-7.414608146500645258e-01
-7.389159925818222785e-01
-7.366123492903250414e-01
-7.342160774123820399e-01
-7.315183212935156831e-01
-7.289603688361211420e-01
-7.264282396269743369e-01
-7.234208997171416300e-01
-7.210527567630258261e-01
-7.181924995635253772e-01
-7.151558565785014476e-01
-7.125170744879197882e-01
-7.094302494356754529e-01
-7.066484085913808944e-01
-7.037717058659347380e-01
-7.006829694075747961e-01
-6.975172729863610144e-01
-6.943491829010339789e-01
-6.912510592100242768e-01
-6.880218298960756318e-01
-6.847983511584734284e-01
-6.814914775051217344e-01
-6.781804563012436837e-01
-6.746124105241131375e-01
-6.712240212047630994e-01
-6.677908625145072552e-01
-6.642526532861690036e-01
-6.607979760309539152e-01
-6.571959052624851694e-01
-6.535435201270443084e-01
-6.497279335845584924e-01
-6.460412115499978292e-01
-6.421799036328499355e-01
-6.383839273077882570e-01
-6.346452921760996624e-01
-6.307973179329029456e-01
-6.268686167344941218e-01
-6.229914945545790284e-01
-6.186983295448549303e-01
-6.146787969142568642e-01
-6.107390735624766975e-01
-6.064671810462767265e-01
-6.022374992990948694e-01
-5.982242702799978051e-01
-5.938400733769140238e-01
-5.895783390717610484e-01
-5.853925313412380316e-01
-5.809662110074473862e-01
-5.766017854175481405e-01
-5.721281215202775883e-01
-5.678003176279887709e-01
-5.631369367706258178e-01
-5.585793020161426981e-01
-5.539166385419915795e-01
-5.494096813892688225e-01
-5.448356579121989007e-01
-5.399843201250342783e-01
-5.352562934376268178e-01
-5.303549118880223068e-01
-5.257360357814935270e-01
-5.208349331768735713e-01
-5.160468785437425376e-01
-5.110789005027456255e-01
-5.062872245256293535e-01
-5.012647922957333968e-01
-4.961980734645887736e-01
-4.912026823398346620e-01
-4.862138022113755564e-01
-4.812809643799820236e-01
-4.760490699138497650e-01
-4.706578373262887416e-01
-4.655294193913132039e-01
-4.604382041122937474e-01
-4.551015536695046659e-01
-4.498249191923177071e-01
-4.446024243554390631e-01
-4.392633521309692313e-01
-4.339604283711283594e-01
-4.286064411466521396e-01
-4.229961902737193746e-01
-4.177139679396898453e-01
-4.123245538698577795e-01
-4.067113454999944366e-01
-4.012936683402402727e-01
-3.955340620919834960e-01
-3.901563596519153077e-01
-3.845071938265945954e-01
-3.788429190639395205e-01
-3.732621160807806371e-01
-3.673310356034934498e-01
-3.617869104992920137e-01
-3.560643187338602411e-01
-3.503264108535938393e-01
-3.445522985452981191e-01
-3.386990452408644714e-01
-3.328676845103142323e-01
-3.270689658223638885e-01
-3.212443112744690632e-01
-3.153830931353557299e-01
-3.095044772466399863e-01
-3.034117925860636555e-01
-2.976332897694889956e-01
-2.914972860345764749e-01
-2.855410987299016323e-01
-2.797013392309103397e-01
-2.736248974519911448e-01
-2.676348401147916611e-01
-2.615289364551930396e-01
-2.554934881958822457e-01
-2.493310213362899264e-01
-2.433158236343206937e-01
-2.370192860978567184e-01
-2.311371233281026560e-01
-2.248532405726335615e-01
-2.187449333106034066e-01
-2.124345864982701837e-01
-2.061643756733727573e-01
-2.002023172172563426e-01
-1.939241141132181934e-01
-1.874214829808946714e-01
-1.811305902317067451e-01
-1.750405319135807103e-01
-1.687170716276867877e-01
-1.624869409228597572e-01
-1.561083834946914717e-01
-1.498488346611666078e-01
-1.433772459265226784e-01
-1.372355002046111716e-01
-1.308822902392362542e-01
-1.245329141661704053e-01
-1.182121311889100523e-01
-1.117402589247917799e-01
-1.052877367943872988e-01
-9.894704838996137841e-02
-9.239460279044253710e-02
-8.611562206823120125e-02
-7.967157588966566895e-02
-7.316194364619976742e-02
-6.680910269591888717e-02
-6.031865885071441280e-02
-5.400515983495246530e-02
-4.759013252982968734e-02
-4.109545766568634129e-02
-3.482249064759912471e-02
-2.809074516601250959e-02
-2.144934325639880068e-02
-1.526727427982854657e-02
-8.550534738086534858e-03
-2.351852905777995772e-03
4.162129296660488365e-03
1.057275289550907438e-02
1.709063098920027279e-02
2.359140193001740826e-02
2.997950336320132081e-02
3.650782961212351019e-02
4.309767997958235952e-02
4.939174333037188447e-02
5.594418950684554304e-02
6.239321858571522661e-02
6.890233894493769107e-02
7.527627512692736111e-02
8.177859469991322072e-02
8.817902431546498221e-02
9.460701446393593450e-02
1.012315411599378212e-01
1.074171196451934041e-01
1.138526027550612607e-01
1.204099359378667522e-01
1.268158506426160237e-01
1.331039477278768146e-01
1.397246840428125747e-01
1.462390223629046471e-01
1.525577152162695960e-01
1.590192071197731316e-01
1.652258067712886191e-01
1.716064406690533950e-01
1.779510870488676400e-01
1.842812102128439378e-01
1.906980005865304140e-01
1.970286106545149352e-01
2.032996131170281551e-01
2.096608471667700258e-01
2.160337424195104550e-01
2.221820327526011774e-01
2.284691193988033220e-01
2.347124614231215212e-01
2.410703517545922381e-01
2.472867317899334338e-01
2.534233195008783746e-01
2.595636922520550005e-01
2.658215717861438510e-01
2.720612071152996858e-01
2.781988351090993739e-01
2.843909028330764421e-01
2.904139020992142495e-01
2.966665103650871771e-01
3.026419257065016133e-01
3.086386953443136516e-01
3.148738770067629478e-01
3.209948278770942132e-01
3.269577282085052161e-01
3.329334426931573887e-01
3.390061288693455577e-01
3.450703167415563044e-01
3.510093390272448488e-01
3.568647706593748303e-01
3.627861947516739516e-01
3.685699742986487948e-01
3.744250226987555497e-01
3.804252602941096129e-01
3.861064412853452144e-01
3.921651330064335195e-01
3.979585900936939424e-01
4.036100325284146528e-01
4.092688398852324383e-01
4.149828062257530092e-01
4.206715708003578857e-01
4.262937612124964026e-01
4.319355014931349768e-01
4.377611856601020257e-01
4.432764746997570615e-01
4.488810139253687215e-01
4.543142943153934965e-01
4.597974354222376103e-01
4.652537278046249281e-01
4.708103258725946372e-01
4.763229189902191685e-01
4.817351218485808051e-01
4.869431745402661438e-01
4.924252867735205985e-01
4.976597551956145615e-01
5.029160045115685929e-01
5.080868171030399338e-01
5.135141412964576713e-01
5.184792118774586012e-01
5.238939097185097982e-01
5.290016450691108485e-01
5.340816822968279531e-01
5.391863511356362881e-01
5.441004741056270078e-01
5.490559285818836788e-01
5.541763494636293697e-01
5.590528974245170257e-01
5.639253258593073248e-01
5.688142140579368622e-01
5.736967793196168230e-01
5.785102716658745425e-01
5.832612396330045801e-01
5.880345232603507721e-01
5.926642069389558287e-01
5.974700233156933216e-01
6.021078830645092417e-01
6.065882970019165210e-01
6.110575418768091627e-01
6.157807534667478766e-01
6.202609367053082412e-01
6.248323842572416353e-01
6.291553958720688122e-01
6.336548904547480987e-01
6.378358896993083782e-01
6.421592949044787613e-01
6.464473587658117193e-01
6.505481165143647271e-01
6.549686207275808858e-01
6.588636362516593348e-01
6.632380815655509743e-01
6.673141717676900342e-01
6.712284150964837881e-01
6.753457773360571625e-01
6.791749621731351105e-01
6.831153747853471181e-01
6.870503914344050500e-01
6.907972234129824418e-01
6.946267770473455450e-01
6.984774106865914156e-01
7.020717663712825463e-01
7.058267290575894748e-01
7.093306888074304428e-01
7.130353929522121881e-01
7.165274261789102983e-01
7.199287631290318679e-01
7.234126559143461144e-01
7.268187715620486600e-01
7.302770805925309361e-01
7.335878141420715259e-01
7.369478190367739767e-01
7.401186933239287669e-01
7.433027076489886475e-01
7.464390344639078023e-01
7.496356066600524670e-01
7.526977087563166968e-01
7.557074142703956721e-01
7.587356415496075979e-01
7.615566757531380127e-01
7.644442478729303048e-01
7.673380644008511720e-01
7.700392910082509701e-01
7.728614662102679667e-01
7.754829879443165819e-01
7.781489596019879329e-01
7.806785487236398424e-01
7.833965041743804480e-01
7.857865015988751978e-01
7.882571331211465360e-01
7.908480131221837794e-01
7.932805031492888848e-01
7.955050770709661823e-01
7.976970342321645369e-01
8.000489014639160512e-01
8.021259313308153338e-01
8.042881023953667441e-01
8.062762883302572181e-01
8.083060985828891543e-01
8.103319371630024470e-01
8.122256871507502751e-01
8.142542470509719355e-01
8.159813508564954798e-01
8.177080988108009763e-01
8.195253548676471045e-01
8.211883853036701097e-01
8.229096875229684471e-01
8.245726053665243249e-01
8.260508654136062834e-01
8.273734884559302838e-01
8.289027967359592353e-01
8.304402124708067934e-01
8.317484376041235361e-01
8.331599028176366328e-01
8.342347823186653244e-01
8.354689647823194676e-01
8.367322270445136656e-01
8.378673576686830327e-01
8.386808019207430132e-01
8.400179460678445231e-01
8.407907299915744481e-01
8.416302549188716675e-01
8.425240712915615937e-01
8.433353098457188057e-01
8.440051339961398558e-01
8.447681851303290301e-01
8.454187340690886288e-01
8.459946555257444878e-01
8.466750952394239693e-01
8.470967876617381265e-01
8.475400336388991818e-01
8.479296913663882940e-01
8.481556970245651694e-01
8.484940455688778638e-01
8.489344002394321187e-01
8.488730755783278070e-01
8.491186386974132194e-01
8.492430692738961451e-01
8.491546458387553287e-01
8.492980304163013638e-01
8.491980405050094660e-01
8.490997541724689679e-01
8.490347535087532371e-01
8.485813976094178646e-01
8.485361898769336886e-01
8.481129713628468014e-01
8.478060289171553965e-01
8.473417739602973064e-01
8.468351441067856200e-01
8.462934303232072519e-01
8.457742365882083835e-01
8.450982607498864763e-01
8.444401733449302672e-01
8.437225622097299649e-01
8.428935317558001739e-01
8.422385426345366799e-01
8.413132569411876371e-01
8.403502587913209698e-01
8.394742850296423864e-01
8.382712009444919232e-01
8.373129258135016961e-01
8.362641068093783492e-01
8.349503513924996234e-01
8.337679645637858794e-01
8.324557529692504509e-01
8.311608992788483974e-01
8.298398661928592102e-01
8.283121348545672280e-01
8.269038189942208295e-01
8.254902761831981461e-01
8.239022400468916096e-01
8.222554865052389417e-01
8.208121570586381921e-01
8.186272792200537385e-01
8.170335200623577432e-01
8.151298074696329277e-01
8.134682595265647631e-01
8.113498254152327060e-01
8.096322021325901286e-01
8.075111181157035301e-01
8.053503478596673038e-01
8.034470383420722062e-01
8.012338775919922718e-01
7.990227075821785263e-01
7.967754847083212688e-01
7.944731381770702150e-01
7.921006316621179710e-01
7.896989614422005310e-01
7.873892346508215567e-01
7.847274930396062054e-01
7.820909128833373192e-01
7.795733296781652832e-01
7.767823235796571524e-01
7.742441634454453325e-01
7.715745037526731132e-01
7.687387223676758197e-01
7.660209264216335523e-01
7.630004566754040596e-01
7.602234264004914532e-01
7.572850677680689202e-01
7.541602281300479049e-01
7.513159483079174805e-01
7.481782749783532083e-01
7.451234900794694305e-01
7.418240740011814438e-01
7.387257476717850047e-01
7.355573450806214275e-01
7.323814583992258598e-01
7.288305486789434795e-01
7.253405960913181794e-01
7.220231087312454221e-01
7.183036497968118272e-01
7.149372195680907538e-01
7.115389354996453086e-01
7.077804014126913845e-01
7.040222667894580066e-01
7.005634472894994857e-01
6.967303263090294241e-01
6.929963952068196598e-01
6.891929602616702066e-01
6.852925120737449749e-01
6.813078406152386357e-01
6.773858662804781439e-01
6.734724185685763143e-01
6.694381994403377778e-01
6.653736501391320779e-01
6.613160443417240852e-01
6.571636755117729045e-01
6.529558529398538091e-01
6.487981311910744342e-01
6.444740272646078960e-01
6.404811961769829587e-01
6.359338771018572256e-01
6.317078352759919468e-01
6.271740950799828962e-01
6.227118131580955396e-01
6.182655684554534403e-01
6.135193408036232476e-01
6.090798806111361596e-01
6.046269896774485453e-01
5.999604946184220466e-01
5.953985564013077880e-01
5.906854305796120919e-01
5.858588278006247041e-01
5.810824632595734673e-01
5.763820933345475961e-01
5.716881436531577876e-01
5.667570980204592601e-01
5.616407322377849898e-01
5.567930425634579628e-01
5.518712428602841058e-01
5.469891380222355881e-01
5.418338789227787888e-01
5.367912791702385000e-01
5.315027090174941904e-01
5.265714379095260966e-01
5.215525371764733187e-01
5.163011306309770454e-01
5.110171186329570681e-01
5.059221234528550326e-01
5.006059490454624061e-01
4.953345126797010778e-01
4.898937236767486603e-01
4.845424999035843339e-01
4.792965306772321021e-01
4.738461575065726628e-01
4.683928879202778894e-01
4.628122477106078048e-01
4.574821626203959823e-01
4.519784933380188718e-01
4.461499100729269252e-01
4.406635105579230771e-01
4.351291787988873505e-01
4.293420495048536623e-01
4.237977671493842191e-01
4.182672072329560731e-01
4.124010094605576882e-01
4.066604027185654058e-01
4.009472416467028122e-01
3.950837376580409455e-01
3.893675289353029090e-01
3.836007454101399983e-01
3.777254818603901221e-01
3.719020303913909142e-01
3.659373701646715382e-01
3.599755152523129720e-01
3.541104800724734769e-01
3.482118911910760950e-01
3.423362726202492379e-01
3.361373364271165176e-01
3.301453483040093229e-01
3.243116775353187542e-01
3.181876380245867164e-01
3.121744649492148582e-01
3.061460129670632302e-01
2.999375952252045785e-01
2.938172166220400783e-01
2.879903787881694655e-01
2.816686141912929653e-01
2.753329888734072917e-01
2.692111828378651595e-01
2.631751612854049682e-01
2.568297014713749604e-01
2.507592731148176046e-01
2.444774601748123111e-01
2.383372920304598352e-01
2.320912682802516169e-01
2.256399688801682402e-01
2.193940698679754941e-01
2.132946468977894305e-01
2.067052752931892723e-01
2.003961435100010124e-01
1.941226770277868496e-01
1.878612707330671316e-01
1.814116666814573620e-01
1.751372844557361752e-01
1.687156006210119852e-01
1.623447166117535367e-01
1.559737379669707824e-01
1.494785115637717876e-01
1.432043690205484499e-01
1.367494836820932758e-01
1.303263838791512974e-01
1.240990720995553964e-01
1.175348863759031470e-01
1.110355472507404961e-01
1.047450468965871462e-01
9.806653862218994711e-02
9.163761458839436713e-02
8.530789304845520782e-02
7.885288932227552117e-02
7.239266305573122118e-02
6.585691697729512128e-02
5.942671736115379133e-02
5.307281540402408737e-02
4.660745447347625081e-02
4.004730797901667749e-02
3.361261950693172906e-02
2.711877282734054262e-02
2.063352820240527130e-02
1.409546188888621820e-02
7.578900486302719841e-03
1.246544675268745905e-03
-5.083720421715565152e-03
-1.160082598688749744e-02
-1.818477617096736498e-02
-2.472874628224819293e-02
-3.119511004870678672e-02
-3.764899068874938415e-02
-4.403787977957906996e-02
-5.034753274409220491e-02
-5.684325481635987831e-02
-6.326637551424318939e-02
-6.979638528668830055e-02
-7.600924416231569225e-02
-8.256485284829806481e-02
-8.910456922968568172e-02
-9.550105829527977264e-02
-1.018426047997459394e-01
-1.082130246908751259e-01
-1.146341109414641402e-01
-1.209209742250166864e-01
-1.273602082416630532e-01
-1.337783793795939147e-01
-1.400243958254062671e-01
-1.462563090866808579e-01
-1.527264208010777891e-01
-1.589064068170739086e-01
-1.651969051242525577e-01
-1.715458036375621109e-01
-1.776915232688861535e-01
-1.839113664477836085e-01
-1.903015089871713528e-01
-1.967087314164955858e-01
-2.028500403232875726e-01
-2.090986483963331866e-01
-2.152992679820713295e-01
-2.212923604908755282e-01
-2.276500904768390399e-01
-2.336327644905067391e-01
-2.398758677033825393e-01
-2.460418342123010804e-01
-2.520819361959305560e-01
-2.581590438259179221e-01
-2.642952856500497827e-01
-2.703582661102819085e-01
-2.763032956413584706e-01
-2.824833963491127919e-01
-2.883589489903155556e-01
-2.944796477308495586e-01
-3.002744809063448983e-01
-3.061948335948757594e-01
-3.122332613147181801e-01
-3.180244214781390300e-01
-3.238666550661585264e-01
-3.296836029878562613e-01
-3.356692470095098413e-01
-3.413657508811249741e-01
-3.471300773067997891e-01
-3.528792973888781326e-01
-3.585615236996319011e-01
-3.643508147902012606e-01
-3.699520220982736030e-01
-3.755776239724678556e-01
-3.813450816869404791e-01
-3.868867486773165387e-01
-3.924904984082754344e-01
-3.981582845249675984e-01
-4.035950410393143173e-01
-4.092659414394808071e-01
-4.146305100750359296e-01
-4.201966772420869800e-01
-4.255950066937345122e-01
-4.309078778098472950e-01
-4.362591253404080049e-01
-4.416763544132967789e-01
-4.469491323389664927e-01
-4.523453183569003944e-01
-4.575237271298715491e-01
-4.626845139023572084e-01
-4.680298651948007205e-01
-4.730897985736011169e-01
-4.783083984698640601e-01
-4.834176948292897569e-01
-4.884107985151439069e-01
-4.934447269042888662e-01
-4.985982145655487585e-01
-5.034327570436079036e-01
-5.084293884899502292e-01
-5.132707155135531885e-01
-5.182661875662422091e-01
-5.232137983853420993e-01
-5.276863200672263776e-01
-5.326844852959948806e-01
-5.373669538195006146e-01
-5.420406029326867436e-01
-5.466439106505414092e-01
-5.514376830138667529e-01
-5.559924762825005917e-01
-5.607346614174232302e-01
-5.650386657786071742e-01
-5.695449026954449989e-01
-5.740340756078869955e-01
-5.784929592135511500e-01
-5.828718292080781183e-01
-5.872138696386033363e-01
-5.915895896111994512e-01
-5.957969805606222469e-01
-6.001027034506620783e-01
-6.042261432400547472e-01
-6.083687145027669718e-01
-6.123721399502255469e-01
-6.165401254867100000e-01
-6.205919081523393332e-01
-6.246785986426517390e-01
-6.285237521281960005e-01
-6.326144945092828653e-01
-6.363742208202374240e-01
-6.401024623784663525e-01
-6.439353861736223372e-01
-6.477263366249632615e-01
-6.515245128322155743e-01
-6.551200251782330897e-01
-6.587296245269345096e-01
-6.622453517026738457e-01
-6.659911863172185420e-01
-6.692884174881512660e-01
-6.728434598786254828e-01
-6.763376910044304191e-01
-6.796073336648905672e-01
-6.828882128436599697e-01
-6.862751117397023481e-01
-6.895635955212628954e-01
-6.925530339262258028e-01
-6.958133131207601130e-01
-6.988915004957532151e-01
-7.020711376597315034e-01
-7.051678879475880013e-01
-7.080023971438964558e-01
-7.108005328283937274e-01
-7.138459286602909515e-01
-7.164867545102899804e-01
-7.194215515945665551e-01
-7.220773921856971089e-01
-7.248538113939824168e-01
-7.274914197776116698e-01
-7.301602789297150231e-01
-7.326253355319176652e-01
-7.350944217201813569e-01
-7.377254466243124975e-01
-7.401954836671209570e-01
-7.425794219321325551e-01
-7.447245898402601316e-01
-7.470325221846585428e-01
-7.493632548853701447e-01
-7.515514971629201346e-01
-7.535720056999530847e-01
-7.557027098144476485e-01
-7.577688815870794459e-01
-7.595466504492071058e-01
-7.616698664256017492e-01
-7.634522527825526872e-01
-7.654803053729934970e-01
-7.671885200120694970e-01
-7.689023258824805307e-01
-7.704902710612449024e-01
-7.721238145436900568e-01
-7.739080211666271580e-01
-7.755350356890720054e-01
-7.769231918925362246e-01
-7.782568242671079606e-01
-7.797245473997245213e-01
-7.813220340735640423e-01
-7.824226726900800344e-01
-7.836678051489162078e-01
-7.846840068733438311e-01
-7.859195989877667543e-01
-7.871472995509567472e-01
-7.881335379133483920e-01
-7.892697266433061909e-01
-7.900492461318138204e-01
-7.909066340010839635e-01
-7.918606830618459824e-01
-7.926660436623748085e-01
-7.934378771845864708e-01
-7.940422741856947297e-01
-7.947858036081882904e-01
-7.955054544090465196e-01
-7.959099788225907357e-01
-7.964225190834481882e-01
-7.967830897720342698e-01
-7.972007114457089205e-01
-7.976038609497980714e-01
-7.979869205695780954e-01
-7.982121601838724212e-01
-7.983915762867499488e-01
-7.984981409246364459e-01
-7.985307787815325575e-01
-7.985847527142861946e-01
-7.986574261166209387e-01
-7.985078995782841638e-01
-7.982909977071858121e-01
-7.981878266675070943e-01
-7.980604392391372759e-01
-7.977468542705532517e-01
-7.974637487575580996e-01
-7.971377229407736742e-01
-7.967195222978330493e-01
-7.961588250530815536e-01
-7.955776456391741025e-01
-7.952553429883527647e-01
-7.944394602842088648e-01
-7.938606345179778367e-01
-7.931533991945473039e-01
-7.924200591918515446e-01
-7.914799361008818535e-01
-7.906421095053356440e-01
-7.896624693523682792e-01
-7.887416580485249185e-01
-7.878619628997901581e-01
-7.866831171908809095e-01
-7.855990962196026661e-01
-7.843488162410938713e-01
-7.830794197439028270e-01
-7.818816344793411144e-01
-7.803984829026102688e-01
-7.791269255164046115e-01
-7.776973738862671404e-01
-7.763722576174509893e-01
-7.746813376887762281e-01
-7.731108811157758609e-01
-7.715273184926836336e-01
-7.699505302540324836e-01
-7.680249851665963412e-01
-7.664370440645639215e-01
-7.645541695200224197e-01
-7.626191096433938554e-01
-7.606768836458530636e-01
-7.588178707520789601e-01
-7.568319664197971086e-01
-7.546915856799829569e-01
-7.527121448701791229e-01
-7.506502906788919960e-01
-7.484069088120426372e-01
-7.461210487735241426e-01
-7.438606412952787350e-01
-7.414446324817612899e-01
-7.389214576749831842e-01
-7.364904699544574385e-01
-7.341815585027977598e-01
-7.315080986125380713e-01
-7.288551172108093112e-01
-7.262917340336614291e-01
-7.237096410973620220e-01
-7.209161242462593933e-01
-7.182477334085513032e-01
-7.153597334764825177e-01
-7.125597101629239649e-01
-7.095992508581854263e-01
-7.064204307463464172e-01
-7.038250661281150178e-01
-7.006667929165513176e-01
-6.975721650199739887e-01
-6.943196443212718005e-01
-6.912869539946334685e-01
-6.879745814558511086e-01
-6.848781726718435880e-01
-6.814999726500275967e-01
-6.782905039886251153e-01
-6.746730254242663261e-01
-6.712643696712519148e-01
-6.676556857416159341e-01
-6.643081402152295478e-01
-6.607112538350912168e-01
-6.572788479271790552e-01
-6.536001845238559316e-01
-6.498488749007664822e-01
-6.461786851943602805e-01
-6.422164807151753418e-01
-6.384248453337431073e-01
-6.345759647015287719e-01
-6.307016317741114264e-01
-6.266702168573998755e-01
-6.226686748212286737e-01
-6.187768345684376836e-01
-6.147306397706184811e-01
-6.107493398583563327e-01
-6.065478313944494548e-01
-6.024146645977241921e-01
-5.980771646952969256e-01
-5.938748624443349611e-01
-5.895520499612387777e-01
-5.852893778106202927e-01
-5.809037825184084625e-01
-5.764157935266094324e-01
-5.719690768472411868e-01
-5.676063642655939656e-01
-5.631400001661546195e-01
-5.585704572241537713e-01
-5.541095304161739454e-01
-5.494026646537114589e-01
-5.447210032254918843e-01
-5.400485735501530105e-01
-5.352599502910899698e-01
-5.305007797564289529e-01
-5.260082697406014418e-01
-5.207420555838255805e-01
-5.159450402186454010e-01
-5.112289381342172145e-01
-5.061763515712460748e-01
-5.012516997485580994e-01
-4.962317107673515082e-01
-4.910969277682237788e-01
-4.861088325217930439e-01
-4.811088498137583436e-01
-4.759129898802815228e-01
-4.707344222904387143e-01
-4.656789744036471390e-01
-4.603349902842079899e-01
-4.552445867524247403e-01
-4.499392607632343166e-01
-4.445641370232865652e-01
-4.392182065957087600e-01
-4.339034903371656871e-01
-4.284868819830998099e-01
-4.230345165111206729e-01
-4.176792944602725211e-01
-4.121812972309664147e-01
-4.066964321057602305e-01
-4.010075197430237326e-01
-3.956164337133674103e-01
-3.900448685023578665e-01
-3.843817493222039250e-01
-3.785923972761853218e-01
-3.732051380224213899e-01
-3.674572665059810950e-01
-3.618067867389245240e-01
-3.559810967717323971e-01
-3.502121969845499727e-01
-3.445525084189575704e-01
-3.387449282830908848e-01
-3.329321315870111819e-01
-3.270312170632467819e-01
-3.212728194849011620e-01
-3.152493941755096785e-01
-3.092949149665181752e-01
-3.034454523178180541e-01
-2.975461262435794563e-01
-2.915749091454312714e-01
-2.855365360113644169e-01
-2.796696801530443866e-01
-2.734206797384854948e-01
-2.675720680240738503e-01
-2.616650292478700512e-01
-2.555220281156305173e-01
-2.493421378494540264e-01
-2.432013901332621408e-01
-2.370868150907348149e-01
-2.308571172554042539e-01
-2.248140075323944442e-01
-2.187872934247563350e-01
-2.124815175822752922e-01
-2.062735699062928640e-01
-2.000630243310663747e-01
-1.937655945695031523e-01
-1.874895042250853683e-01
-1.813360595307085266e-01
-1.748419840894430699e-01
-1.687092195186009613e-01
-1.624906124330713908e-01
-1.562657975977411740e-01
-1.498286317460062467e-01
-1.434765471623710154e-01
-1.371447622915762388e-01
-1.307789496309411659e-01
-1.244877364112364493e-01
-1.180359353241864362e-01
-1.116723074089200907e-01
-1.052938104679487230e-01
-9.891300370701738842e-02
-9.256493474815108424e-02
-8.609186409748970092e-02
-7.958427045384297571e-02
-7.313905119815611311e-02
-6.683708492685980218e-02
-6.040607374373652139e-02
-5.416283290328016697e-02
-4.758590374160320824e-02
-4.110552477179596487e-02
-3.464361056084008794e-02
-2.812656870521024199e-02
-2.163724814235179483e-02
-1.526646226547279106e-02
-8.718123226277407767e-03
-2.405581473220563815e-03
4.113894263819251051e-03
1.070005841507803979e-02
1.705897220953334070e-02
2.353333986549999146e-02
3.017775358571661570e-02
3.646965206593399955e-02
4.299981743487268915e-02
4.946943752145482875e-02
5.584438300093541585e-02
6.229994440380193232e-02
6.882902824424008692e-02
7.512983896497726910e-02
8.162698499276310748e-02
8.831344686387798681e-02
9.477318072896778745e-02
1.011611593513768170e-01
1.074054165259559213e-01
1.140484474570011564e-01
1.203683443102592232e-01
1.268131174736839561e-01
1.333449230689924825e-01
1.395724273361260703e-01
1.461682530088475040e-01
1.523230810265694402e-01
1.588736029132191696e-01
1.652438235361466390e-01
1.716935782223167895e-01
1.782065025110779466e-01
1.842996917378671995e-01
1.907078771074053325e-01
1.970083041451737849e-01
2.033699019621231230e-01
2.097067949971773704e-01
2.159786533482004334e-01
2.221404690276946869e-01
2.285305076729631235e-01
2.349771424656321717e-01
2.409277966769849399e-01
2.470897536811893502e-01
2.535027928094975014e-01
2.596737129807651367e-01
2.660107245539802268e-01
2.720867385441114727e-01
2.783418331332647710e-01
2.843942715315492809e-01
2.906413413506094834e-01
2.966865008523307257e-01
3.029281542522639370e-01
3.086688431836723812e-01
3.149597473220702160e-01
3.209384649746518381e-01
3.271092378434692360e-01
3.331424749791749296e-01
3.390846029353931090e-01
3.449557607147710758e-01
3.509520839075126464e-01
3.568086258462399574e-01
3.627693719427795838e-01
3.686145483996214889e-01
3.744615792914800512e-01
3.805281010195442626e-01
3.861993158116130420e-01
3.921641320064663816e-01
3.977551742375982080e-01
4.036382744628930208e-01
4.093591644424579012e-01
4.150072037187342300e-01
4.207520887476032811e-01
4.264048261579018728e-01
4.318749876170722146e-01
4.375938548187323640e-01
4.433370865202779232e-01
4.486868746236627459e-01
4.543338351622594473e-01
4.597427879155870922e-01
4.653001538311187790e-01
4.707392731322361801e-01
4.761801287770437430e-01
4.817257416083449151e-01
4.872393509619494800e-01
4.924387749128624758e-01
4.974828835931992543e-01
5.029079244242897762e-01
5.082198810911071618e-01
5.134112102728929372e-01
5.185312016631287158e-01
5.239000915994809215e-01
5.288951267096413389e-01
5.340408451871643258e-01
5.391266276179103034e-01
5.440560766158746286e-01
5.490878889126837858e-01
5.540635428705116272e-01
5.590874530303968637e-01
5.640762944427599734e-01
5.687988126322793825e-01
5.736508220002976000e-01
5.784959588108362638e-01
5.834554399230682531e-01
5.880888795730463414e-01
5.927787186211426196e-01
5.974184767832129150e-01
6.021273422809518827e-01
6.067940349691549606e-01
6.112289567538999879e-01
6.158774700356897114e-01
6.203108556449981048e-01
6.247491697650906506e-01
6.292660145206825373e-01
6.334568042652404252e-01
6.380082895282441768e-01
6.421234319905169130e-01
6.464455752775413178e-01
6.505356759419016477e-01
6.549504189533763565e-01
6.591249793486482211e-01
6.630842974805828405e-01
6.673691622620976371e-01
6.712828315551300218e-01
6.753426152544663719e-01
6.792503945301653356e-01
6.830713064590521189e-01
6.868775676078002768e-01
6.907668424447748201e-01
6.947341320442077528e-01
6.983431789433216519e-01
7.020685421041170660e-01
7.058361247662445770e-01
7.094614788254920423e-01
7.130002885029778081e-01
7.165943430791654745e-01
7.201128289835598828e-01
7.234671502621721206e-01
7.270328458174144526e-01
7.303735777226514347e-01
7.337543242056718817e-01
7.369489549564294251e-01
7.402070949456647231e-01
7.434196046242607103e-01
7.464035221596536651e-01
7.495102170877230296e-01
7.527072258856664089e-01
7.557146807408641198e-01
7.586333526312116771e-01
7.615291821628686897e-01
7.645463718210501192e-01
7.673930199023557552e-01
7.701625934079197044e-01
7.728543245599834854e-01
7.756509414715466733e-01
7.782585507745733988e-01
7.806845556648942530e-01
7.834002770016987860e-01
7.858709851945580027e-01
7.883823216803667044e-01
7.906832904814300456e-01
7.931599588478164264e-01
7.954537304374615925e-01
7.975758663105876334e-01
8.000214377330123749e-01
8.021555966956019912e-01
8.043281867747575919e-01
8.064453134108662269e-01
8.083526194525343378e-01
8.104202590455678035e-01
8.123081670957408296e-01
8.142909578810828553e-01
8.160248895782464817e-01
8.178614036219322703e-01
8.195585127579196882e-01
8.212843020850024711e-01
8.229635062228319864e-01
8.244525045709227840e-01
8.260566803030955363e-01
8.275397902896977076e-01
8.289209808041049232e-01
8.305090081585964068e-01
8.317558826779263281e-01
8.330653126904656869e-01
8.342502832819966851e-01
8.354494153428775327e-01
8.367546437504074230e-01
8.377545116195903585e-01
8.388536076920716233e-01
8.397155093544841353e-01
8.408564171083370287e-01
8.417005930812100356e-01
8.425107678427794511e-01
8.433037782866616983e-01
8.441126194312267295e-01
8.447226628726671738e-01
8.453044818738806310e-01
8.460899556992829140e-01
8.464991824117311658e-01
8.470456674701061228e-01
8.475792554086800656e-01
8.478118314235274511e-01
8.483131328446544828e-01
8.485814105688762599e-01
8.488965048393299906e-01
8.490794450111662783e-01
8.491676614643213217e-01
8.492519681972228174e-01
8.490934513141654705e-01
8.491582648339348616e-01
8.491614925924462209e-01
8.490573292439569375e-01
8.490426546290408272e-01
8.487632547060768307e-01
8.484594566744931843e-01
8.481481061101265873e-01
8.478860902798295296e-01
8.472750979789187564e-01
8.469858166709882674e-01
8.462119012065412171e-01
8.457906043283049957e-01
8.450565155198270784e-01
8.444896713841254510e-01
8.436437191404002611e-01
8.430605186675439455e-01
8.421816140223212788e-01
8.412104076591242485e-01
8.404281771354134012e-01
8.394199003527975655e-01
8.384926078105243707e-01
8.375059816782588484e-01
8.362221204291515608e-01
8.350565129015847798e-01
8.337077647126911462e-01
8.324912128404409195e-01
8.311189920799773034e-01
8.298391760618692992e-01
8.282853646854961838e-01
8.269038520623137600e-01
8.253096867615976606e-01
8.239991448245844730e-01
8.221753334632904142e-01
8.205442974356900177e-01
8.189228490020472595e-01
8.169813698186088047e-01
8.150978789566090121e-01
8.133883829095160944e-01
8.115106101287652418e-01
8.094479336121755964e-01
8.075194232636213609e-01
8.053257795734982682e-01
8.033099058296329087e-01
8.010588499914199634e-01
7.989311743017493139e-01
7.967013731718333158e-01
7.943524536495540911e-01
7.920403876314709990e-01
7.896572272691868566e-01
7.872553537188786699e-01
7.847472562605273261e-01
7.821633941500318876e-01
7.797049131206963413e-01
7.768658334440932123e-01
7.743194902793539836e-01
7.715634744678128154e-01
7.687859835543888742e-01
7.660491283246251282e-01
7.630789573112590762e-01
7.603815718557849213e-01
7.572990497653899755e-01
7.544427635273560639e-01
7.512568726062065494e-01
7.481171938908921515e-01
7.450790614720150806e-01
7.419305915039882127e-01
7.386844956378690874e-01
7.354954278411773849e-01
7.320826108650178021e-01
7.286776797571101749e-01
7.252978903750408879e-01
7.218931613596100139e-01
7.185047345542951991e-01
7.150687029400779604e-01
7.113334442356560317e-01
7.077003388550557883e-01
7.041366841758176509e-01
7.005389240839270393e-01
6.967220792461799039e-01
6.929346031540188910e-01
6.891403063112411242e-01
6.852068752514242078e-01
6.814058680208716634e-01
6.773369801583075667e-01
6.733757271126126209e-01
6.695753108307418433e-01
6.653644880916986803e-01
6.613017346587328760e-01
6.570519183759624404e-01
6.531117021223253882e-01
6.487394640733457063e-01
6.444793084626823099e-01
6.401388883909397975e-01
6.359459481627351973e-01
6.315159368541543028e-01
6.270920528247088122e-01
6.226865185245358258e-01
6.182239369378881300e-01
6.138261388907619853e-01
6.090743622995067330e-01
6.046732303500976791e-01
6.001756491703353902e-01
5.953314011289385643e-01
5.906331212000144326e-01
5.859137703852974610e-01
5.811032409339982330e-01
5.763233894666319745e-01
5.716393696058836849e-01
5.666802899904808122e-01
5.617772200529889126e-01
5.568649015323188234e-01
5.518528504405937340e-01
5.468952455383024880e-01
5.418952135609174103e-01
5.367335780635744680e-01
5.318411444336332838e-01
5.265947725880251173e-01
5.214441264500779827e-01
5.161581914996300480e-01
5.109408490153382054e-01
5.058837190630265379e-01
5.006112859704718865e-01
4.953211173720537541e-01
4.899269051528516439e-01
4.845111870623695083e-01
4.791042303569346128e-01
4.738006616127528048e-01
4.683755902977133623e-01
4.627688880492615286e-01
4.574098337051268892e-01
4.518217777376223321e-01
4.463607969115801488e-01
4.408402759438081464e-01
4.350830331453923172e-01
4.294875036422818315e-01
4.237991421990692231e-01
4.182596145449966052e-01
4.124716549071967275e-01
4.067840850072312886e-01
4.010117446859371437e-01
3.952014405464470137e-01
3.893636609421291528e-01
3.835479926011768903e-01
3.776824110791170419e-01
3.719178306372850074e-01
3.660066055468056412e-01
3.600489697567301750e-01
3.542130241337404506e-01
3.483134683081217098e-01
3.422246822936279020e-01
3.362891404938896933e-01
3.302168789490007583e-01
3.242856597520988871e-01
3.181769454270528819e-01
3.121726069725299091e-01
3.060001067050555079e-01
3.000505320876407644e-01
2.938125155750468398e-01
2.876338829040301359e-01
2.814958588332499012e-01
2.753658443992139659e-01
2.692727044868377106e-01
2.630574555920128788e-01
2.569349548323993648e-01
2.506109443741388887e-01
2.444109377264844785e-01
2.383115066718883845e-01
2.320410205595471176e-01
2.257628805135110106e-01
2.195419345806013389e-01
2.131090407622864280e-01
2.068488508164290085e-01
2.005454711866374584e-01
1.940908682857700462e-01
1.878120797440021583e-01
1.815135644450178720e-01
1.749116756161197550e-01
1.686727117379402952e-01
1.623238216823199576e-01
1.559167452133396470e-01
1.494779116273909914e-01
1.430820924996230037e-01
1.365835477640158224e-01
1.302774664793155956e-01
1.239363373754933662e-01
1.176338745251890305e-01
1.112095288437802143e-01
1.045152322555329416e-01
9.799979255703838987e-02
9.169879981632700350e-02
8.527344433511396815e-02
7.886475877799514755e-02
7.242174754416952354e-02
6.590597278904897216e-02
5.943278227669779312e-02
5.308456108432868525e-02
4.641700152252070666e-02
3.998382503357489348e-02
3.370717463252015378e-02
2.705555952461535796e-02
2.071150758646700396e-02
1.421348937243882560e-02
7.603023215440707361e-03
1.224681350763923149e-03
-5.174469562792105570e-03
-1.179345651810714823e-02
-1.812204649760251751e-02
-2.470302027684556645e-02
-3.114594781614010710e-02
-3.755079460876720177e-02
-4.385143117677248181e-02
-5.029615313291924128e-02
-5.686793484850150016e-02
-6.337719013439446769e-02
-6.986727692737093598e-02
-7.618947006950727019e-02
-8.254854746019057998e-02
-8.911235216905499801e-02
-9.535163541400726306e-02
-1.018478192637475299e-01
-1.081948231484767264e-01
-1.145564902166801291e-01
-1.207627282620251652e-01
-1.271860180701163134e-01
-1.336508354370684604e-01
-1.400391978116686253e-01
-1.464421125121678768e-01
-1.527550159100851124e-01
-1.590119124068724021e-01
-1.651389947903301181e-01
-1.716015426829996526e-01
-1.779292269267138682e-01
-1.842220282621012117e-01
-1.902346689625590281e-01
-1.965664043953152529e-01
-2.028692817352719668e-01
-2.090899971163879822e-01
-2.152950117036652733e-01
-2.212777633546375577e-01
-2.275815556346936219e-01
-2.336955768618769191e-01
-2.398990329404574462e-01
-2.460273855980241731e-01
-2.520610692976806844e-01
-2.582714309449350987e-01
-2.643312899939707084e-01
-2.702438515241023520e-01
-2.763422978477694247e-01
-2.823760994846975514e-01
-2.884622752538829049e-01
-2.942381732888187384e-01
-3.002214520259725017e-01
-3.061746171514624359e-01
-3.120642470431670423e-01
-3.180638000678036592e-01
-3.239817078675019113e-01
-3.296677096955552555e-01
-3.355841097349112623e-01
-3.412851779660841522e-01
-3.470740636923350664e-01
-3.528788955570300034e-01
-3.586318999138202734e-01
-3.642328437826434229e-01
-3.699649391695938316e-01
-3.758775069285716919e-01
-3.812815191500433798e-01
-3.869624466443154498e-01
-3.924832680044367805e-01
-3.982403332263804163e-01
-4.035768349583881420e-01
-4.091787258814250094e-01
-4.145267818885377542e-01
-4.200089908330997268e-01
-4.255583397674962409e-01
-4.309496454370254082e-01
-4.362778456760749712e-01
-4.415332128670704792e-01
-4.470023739826860520e-01
-4.523617378256779009e-01
-4.573731078443190601e-01
-4.628202439256055012e-01
-4.680031054744840935e-01
-4.729618435226067286e-01
-4.784646408213737434e-01
-4.835078416875034923e-01
-4.884594413867522356e-01
-4.935532262528955494e-01
-4.984918342692642446e-01
-5.033407499124251672e-01
-5.084313027151128317e-01
-5.132435415234064546e-01
-5.181367500162923356e-01
-5.231082049369093490e-01
-5.277998967915877859e-01
-5.324910715925027516e-01
-5.373825336287936238e-01
-5.420505832570352567e-01
-5.467145967380026006e-01
-5.514320366917282445e-01
-5.559707533794441270e-01
-5.605510135643285707e-01
-5.650162983489865898e-01
-5.696521720318241666e-01
-5.741263373320453223e-01
-5.785524951136844507e-01
-5.829311190738462045e-01
-5.871372425943934825e-01
-5.915063423605968485e-01
-5.960543268270559469e-01
-6.000819727681698801e-01
-6.042525650858362463e-01
-6.084128000796162894e-01
-6.124935137892406622e-01
-6.167744054861820091e-01
-6.205385108011804984e-01
-6.245486171378702434e-01
-6.283887529431961827e-01
-6.324586363076485362e-01
-6.364056225952744450e-01
-6.402004460998836910e-01
-6.441477801604353903e-01
-6.478554501044127001e-01
-6.515883233204478042e-01
-6.550685935413922412e-01
-6.586646150175290426e-01
-6.622248468848377367e-01
-6.660099720483974028e-01
-6.693684935197035113e-01
-6.729641362104697988e-01
-6.763579032653693757e-01
-6.797089930748061448e-01
-6.827953299318667568e-01
-6.862666385667441915e-01
-6.894183381497637209e-01
-6.925988162725631447e-01
-6.958042205875920594e-01
-6.988955510543071181e-01
-7.019567871977815399e-01
-7.049189904785371219e-01
-7.079137481424446765e-01
-7.109524536511898640e-01
-7.137485968944454751e-01
-7.166078175872478973e-01
-7.193737815683365344e-01
-7.221101021473101955e-01
-7.247190902734358398e-01
-7.274885788079288318e-01
-7.301507918998735303e-01
-7.326137253530781157e-01
-7.351427881078665960e-01
-7.376033234435056540e-01
-7.401856484042326212e-01
-7.424602922712408848e-01
-7.447426496740618962e-01
-7.470970437156470023e-01
-7.493385247296224794e-01
-7.515446324160280911e-01
-7.535993541696484055e-01
-7.556079271696316546e-01
-7.576945184803314248e-01
-7.598060521129392786e-01
-7.616308107883609235e-01
-7.635713154133563219e-01
-7.653359648420692274e-01
-7.671379664219908356e-01
-7.688902547930261955e-01
-7.706195778929576523e-01
-7.723780803239213011e-01
-7.738545515412463827e-01
-7.755867954752478921e-01
-7.767867975210975828e-01
-7.782895764230830515e-01
-7.798136756439809636e-01
-7.810991000907963056e-01
-7.822368229343084067e-01
-7.836734407997104634e-01
-7.849751935153216342e-01
-7.860353917289961689e-01
-7.872725434414152845e-01
-7.880555010969325647e-01
-7.891061200880280513e-01
-7.900320614420626164e-01
-7.909814701518400604e-01
-7.917643678812069652e-01
-7.925341082227704836e-01
-7.933375791976506886e-01
-7.939535425288420933e-01
-7.947905870910627613e-01
-7.954097827915403984e-01
-7.959776159166165321e-01
-7.964072704476028441e-01
-7.967962867697829799e-01
-7.971971862402360554e-01
-7.976788472907362371e-01
-7.979855101487898228e-01
-7.981798290562007736e-01
-7.984713215868938230e-01
-7.984289138019297072e-01
-7.984949690873692774e-01
-7.986830045868147376e-01
-7.986375490747759098e-01
-7.984966203711163502e-01
-7.984083378438097123e-01
-7.982183600075725138e-01
-7.980596345198411878e-01
-7.978314041256568956e-01
-7.975626412936490661e-01
-7.971168098219478804e-01
-7.967936475484626024e-01
-7.962210470958306363e-01
-7.957351148206437408e-01
-7.951265810028764758e-01
-7.945726615221307965e-01
-7.937682117054810638e-01
-7.930890001801964573e-01
-7.923050995267268970e-01
-7.914566146965094084e-01
-7.906841308938205026e-01
-7.898128908469204124e-01
-7.887781061664702609e-01
-7.877105389845980854e-01
-7.866657836494059808e-01
-7.855244944226236203e-01
-7.843827686694699874e-01
-7.830671406007578828e-01
-7.819785114378199342e-01
-7.806735774782660453e-01
-7.790646806294263538e-01
-7.777711024734200729e-01
-7.762158796573591646e-01
-7.747654129714962590e-01
-7.731724390365858346e-01
-7.715898523840933887e-01
-7.699758325805799997e-01
-7.683038936142347897e-01
-7.664604133585501966e-01
-7.644284670499843504e-01
-7.626937144926035916e-01
-7.608224610027997104e-01
-7.589122337705935806e-01
-7.569160829555658943e-01
-7.548413614030985430e-01
-7.526672169018241432e-01
-7.505432932626251441e-01
-7.482169756304494213e-01
-7.460674650540057851e-01
-7.437043008657764354e-01
-7.413871042984341297e-01
-7.390235198285661777e-01
-7.366285941156369699e-01
-7.341357136099448955e-01
-7.315285733607214125e-01
-7.288421994484270972e-01
-7.262320675130768954e-01
-7.236177588710703823e-01
-7.210568042218147289e-01
-7.181979637860227417e-01
-7.151705976161368827e-01
-7.123143384966624803e-01
-7.096045396569817809e-01
-7.065307110162187820e-01
-7.037777963794041858e-01
-7.007830387829776519e-01
-6.976234825830958108e-01
-6.943463534771487922e-01
-6.911481409034765377e-01
-6.880594560117949676e-01
-6.849192283102725209e-01
-6.814189293580770190e-01
-6.780592551010499180e-01
-6.746468351131360563e-01
-6.713340841868306041e-01
-6.677194399982964157e-01
-6.643583068858832652e-01
-6.607636185982252996e-01
-6.570711211113491323e-01
-6.533878888649533589e-01
-6.496605430365085532e-01
-6.459628575311930909e-01
-6.422525508049594656e-01
-6.385039324302774766e-01
-6.345650001565834586e-01
-6.306377661647084576e-01
-6.267515872612274830e-01
-6.227634695611202753e-01
-6.188037511730756224e-01
-6.147226576173495660e-01
-6.105134572945924987e-01
-6.065331982596815497e-01
-6.023265271431456069e-01
-5.980895493829927467e-01
-5.939704616148343552e-01
-5.896040702487482799e-01
-5.852575331792202462e-01
-5.809723142844950283e-01
-5.764743482899244986e-01
-5.721408806386043544e-01
-5.676273361042958321e-01
-5.631868379437663386e-01
-5.584984097327055919e-01
-5.539809308118046616e-01
-5.493688764302138150e-01
-5.447084642523490894e-01
-5.400324276658763356e-01
-5.354577092259364957e-01
-5.304978556499796438e-01
-5.257037591729432080e-01
-5.209276864597052192e-01
-5.161537127714723727e-01
-5.111932656252640150e-01
-5.061681961526132145e-01
-5.011275889975408404e-01
-4.961822244649287672e-01
-4.911401232254245519e-01
-4.861897576558696921e-01
-4.810425919911069936e-01
-4.759614355995753776e-01
-4.707214153926144729e-01
-4.656759311811679014e-01
-4.603471963277396828e-01
-4.550713586911170339e-01
-4.499459527306018947e-01
-4.444567812941765395e-01
-4.393658779962636984e-01
-4.340192585527149483e-01
-4.285682054754407222e-01
-4.229424449806892250e-01
-4.175864462682690181e-01
-4.122567029121323445e-01
-4.067289687000180676e-01
-4.010989973497609551e-01
-3.955496032287584285e-01
-3.900025934575822584e-01
-3.843018388726303636e-01
-3.788823503871435738e-01
-3.731230804441438842e-01
-3.674291407806792309e-01
-3.616949213059039714e-01
-3.561309087674801033e-01
-3.503955806321549238e-01
-3.445826817845982770e-01
-3.387995487287388530e-01
-3.329837664192876190e-01
-3.270539145745015031e-01
-3.211301917856319577e-01
-3.152399373993777232e-01
-3.093756127718575444e-01
-3.035203380316222610e-01
-2.976331947488571883e-01
-2.915396687166985634e-01
-2.856363354880351313e-01
-2.794951678163279940e-01
-2.736748921213606467e-01
-2.675350912570094719e-01
-2.615494191813769742e-01
-2.554083735204433214e-01
-2.492706994078953686e-01
-2.433060611812195573e-01
-2.371387861284957044e-01
-2.309245939714498208e-01
-2.247309942861801524e-01
-2.185774817181472818e-01
-2.123865563349528474e-01
-2.062048327545207282e-01
-2.000828674279414576e-01
-1.937765889835380007e-01
-1.874227215558981197e-01
-1.814243288219489214e-01
-1.750758435497097310e-01
-1.688021967044125438e-01
-1.623739680187265000e-01
-1.560906102237480386e-01
-1.497739968151389212e-01
-1.434360558824524512e-01
-1.371216330311721965e-01
-1.310061306371124168e-01
-1.245151420399485120e-01
-1.179989431412186152e-01
-1.116170854649706223e-01
-1.055577138389264258e-01
-9.901433480213184257e-02
-9.245954326014416136e-02
-8.614635456546049230e-02
-7.956393269451578210e-02
-7.335457828131697333e-02
-6.675606170419190466e-02
-6.039163202575037470e-02
-5.390223192798637708e-02
-4.738357961849692934e-02
-4.095063061785353398e-02
-3.468098029917565661e-02
-2.821929435604675351e-02
-2.171109325038222959e-02
-1.526800214581414128e-02
-8.769655550883936890e-03
-2.529375173983328118e-03
4.198596344554106352e-03
1.069833288566712781e-02
1.712224156157149402e-02
2.353467147711563179e-02
2.997165441493887528e-02
3.646999964812769335e-02
4.317048755360874956e-02
4.950629610505852263e-02
5.575816059657889845e-02
6.225162081874247022e-02
6.882690305425720467e-02
7.535749647060563383e-02
8.176583017719885049e-02
8.822453781016714736e-02
9.473022801701436180e-02
1.010326553503775315e-01
1.075366865477258571e-01
1.141303503041899425e-01
1.203022211069071368e-01
1.268365508693296562e-01
1.331891993261051788e-01
1.395123886559526127e-01
1.460465028793314080e-01
1.524048844625236487e-01
1.588909138447707203e-01
1.651890875699213446e-01
1.715803960975463838e-01
1.781076071167748687e-01
1.842070918189413486e-01
1.907553583004448772e-01
1.970014420984904646e-01
2.034273987935995009e-01
2.097074834842511670e-01
2.158555362601390915e-01
2.222742005094970885e-01
2.285068364004267938e-01
2.347985377963024423e-01
2.409768495697544033e-01
2.473212522837444638e-01
2.534321035985516168e-01
2.597627047382982113e-01
2.658515296464536437e-01
2.721073411538335041e-01
2.782141947271901117e-01
2.844090698511836379e-01
2.905383402469878806e-01
2.968182450024263730e-01
3.027748536763918974e-01
3.088233139868585830e-01
3.149107770758206026e-01
3.209591728060248172e-01
3.270245183596913741e-01
3.328660177602127401e-01
3.390935914863488776e-01
3.448717061995103528e-01
3.509671513551586575e-01
3.569048422328231496e-01
3.627131632825701946e-01
3.688603398763008467e-01
3.745303376363404713e-01
3.803558282539380997e-01
3.862876459382820205e-01
3.921498687616957746e-01
3.978441853561096586e-01
4.035451436782455659e-01
4.093020579885384702e-01
4.150324560358846782e-01
4.206084616516938546e-01
4.262909644456041036e-01
4.319718746075424942e-01
4.376713577992066284e-01
4.432154880171890188e-01
4.487740369071950841e-01
4.545442154919057121e-01
4.597790926461735594e-01
4.651836891622314063e-01
4.707604779736158651e-01
4.763133213826724610e-01
4.815505033746310115e-01
4.870957228290204721e-01
4.924030028059240838e-01
4.976598403776311130e-01
5.028081322589732505e-01
5.081386066972790605e-01
5.135346475618862705e-01
5.185826991778519357e-01
5.237938169245739406e-01
5.289555177474034586e-01
5.340439642780936413e-01
5.391244980411789012e-01
5.441837804926394906e-01
5.490888848535298017e-01
5.540889305315976898e-01
5.591400809115163462e-01
5.639276008093467851e-01
5.686812800177427629e-01
5.737194567063310657e-01
5.785485337205014122e-01
5.833626649997487590e-01
5.880138910223271509e-01
5.928034864853648500e-01
5.974339902852088269e-01
6.022024144214392916e-01
6.066389979911033237e-01
6.111755243604153343e-01
6.158798218727745688e-01
6.202848450690392479e-01
6.247994467265836072e-01
6.290375607437976857e-01
6.336083287910292405e-01
6.379112327118738879e-01
6.421833495048876461e-01
6.464907160278856590e-01
6.507115582176272728e-01
6.550124071153957672e-01
6.590897101220303256e-01
6.631829451994222246e-01
6.672752903917553713e-01
6.710963390622968205e-01
6.754123026843432687e-01
6.792309583058750988e-01
6.831614398249072906e-01
6.869199872628224401e-01
6.907961929179626814e-01
6.946422532419207485e-01
6.983611961073834529e-01
7.019778101665572478e-01
7.058116390218600600e-01
7.092983928686793504e-01
7.130913289282136969e-01
7.165809156972309246e-01
7.198863355346101223e-01
7.234522298928505180e-01
7.269472575736928288e-01
7.302967786533707262e-01
7.336174166938276286e-01
7.370807182789254064e-01
7.402556531751953717e-01
7.434000071605182391e-01
7.464985073401311233e-01
7.495560734701589567e-01
7.525888602241370684e-01
7.556399807108620248e-01
7.587212592082694940e-01
7.615369094878308154e-01
7.644401224703802900e-01
7.672069211894216867e-01
7.700093557611462636e-01
7.729005829819139972e-01
7.756367260713592504e-01
7.781498606882879532e-01
7.808937983070061151e-01
7.833295496724250739e-01
7.859977375712330350e-01
7.882372064608018647e-01
7.907247624585360679e-01
7.931331717865024444e-01
7.953869147619030411e-01
7.977047661484215624e-01
7.999887874486371064e-01
8.021133342766169072e-01
8.044573208589731461e-01
8.064470711042341922e-01
8.083564441078825435e-01
8.103585993316351210e-01
8.123451614961163525e-01
8.141949651644346808e-01
8.160941659683391691e-01
8.178690764550333725e-01
8.195379917595337904e-01
8.213529614144781110e-01
8.227813742526230989e-01
8.246145582474897484e-01
8.261657508151194484e-01
8.275750224797493448e-01
8.290355774161242142e-01
8.304570084294276011e-01
8.317815298763937548e-01
8.331411143200533331e-01
8.343251344865814101e-01
8.354723333333056168e-01
8.366315857618298324e-01
8.379765768791915814e-01
8.388283584067901533e-01
8.397877270134921357e-01
8.408551479169146248e-01
8.417215375525537446e-01
8.424717001490544810e-01
8.432855864785515632e-01
8.440999819505279333e-01
8.447829329964273715e-01
8.454345620399614791e-01
8.461172638076224217e-01
8.465471122667087567e-01
8.470733515086068532e-01
8.474768865354020964e-01
8.479363437599576336e-01
8.482291926060574472e-01
8.484854006749624755e-01
8.487104464106591806e-01
8.488875399913633490e-01
8.492387768454447983e-01
8.492031665023027642e-01
8.491824058794403829e-01
8.491846461991201522e-01
8.491198766260030784e-01
8.491175896595286599e-01
8.489000991937245555e-01
8.487056787835209892e-01
8.485400697557292649e-01
8.480893227287507052e-01
8.478353899092323509e-01
8.475007881009424260e-01
8.469551666107362209e-01
8.463905473074324615e-01
8.458795116890767130e-01
8.451494560976986481e-01
8.443898613843912049e-01
8.437809683744672551e-01
8.431580177329014436e-01
8.422833553723152455e-01
8.414855188082037696e-01
8.404323679705347772e-01
8.393948208819506096e-01
8.383776402598752675e-01
8.374254033059325142e-01
8.361660510949961989e-01
8.350538665776781055e-01
8.337999440519128225e-01
8.325989685817842823e-01
8.311911524968733644e-01
8.298792418481479860e-01
8.283954309668282168e-01
8.269023846385623600e-01
8.255335237671090898e-01
8.237808190498430161e-01
8.222862897897467160e-01
8.205075708730893425e-01
8.188297995464342005e-01
8.169006767027839899e-01
8.152789817292545038e-01
8.133523197994361187e-01
8.115385082408725914e-01
8.095078330924365684e-01
8.075712415955060841e-01
8.054892878272033041e-01
8.033304230739795049e-01
8.011247654740965007e-01
7.989988902037317153e-01
7.967341692345177862e-01
7.944654499871919295e-01
7.921254151885297468e-01
7.896591371329959586e-01
7.872968064547454237e-01
7.847452612381049519e-01
7.822866436281783464e-01
7.795838676618322971e-01
7.769661158603735629e-01
7.744775551482048215e-01
7.717840145139307495e-01
7.687532184009833180e-01
7.660176328435770454e-01
7.631095418082525228e-01
7.602389845409813773e-01
7.572676210967821397e-01
7.543395259013194742e-01
7.513121821264481248e-01
7.482949802528171546e-01
7.450246280781920305e-01
7.419540223846095017e-01
7.387171160724572694e-01
7.355250161831299316e-01
7.322073415359404702e-01
7.287126525096003782e-01
7.252588713875496307e-01
7.219562190966193338e-01
7.185019159399699262e-01
7.149543830956401891e-01
7.115173154957017410e-01
7.075673665776809340e-01
7.043678629365190957e-01
7.004623735729185174e-01
6.966696827023559635e-01
6.928947161711700442e-01
6.890000540036507193e-01
6.853510507283691044e-01
6.813425228179104121e-01
6.773524555938350566e-01
6.735552318716626630e-01
6.694129090617286781e-01
6.655031088274336870e-01
6.613820070193441314e-01
6.573365487648510364e-01
6.530622118645525997e-01
6.487791496452377515e-01
6.445275879064331637e-01
6.403295093436549568e-01
6.358473011344132342e-01
6.315722529673626351e-01
6.272335747964297159e-01
6.226578239939921655e-01
6.183340688332439328e-01
6.137063599266034952e-01
6.092777610596094018e-01
6.045306608367801982e-01
6.000394142043494750e-01
5.952494779119867907e-01
5.906642004541788893e-01
5.859303178655337341e-01
5.811641485487193393e-01
5.763374029311643110e-01
5.715586215270687109e-01
5.666788472886830075e-01
5.619054330825448140e-01
5.568168267622499723e-01
5.519648177926586019e-01
5.469590486594551049e-01
5.419927525155734394e-01
5.367625842594343499e-01
5.316882117982053568e-01
5.265681362293439527e-01
5.214796901969180887e-01
5.163566417004143982e-01
5.108940416463254586e-01
5.056830350472141244e-01
5.005080504114645112e-01
4.954141076689781986e-01
4.898842300534516081e-01
4.844307879323617172e-01
4.791899948824502875e-01
4.735851601409388767e-01
4.682887053348481210e-01
4.628866980397146058e-01
4.574175660679236088e-01
4.518584616216496652e-01
4.463106215008958433e-01
4.406442860772747938e-01
4.351336210203773369e-01
4.295659718246052083e-01
4.238564968447378067e-01
4.181075113818153444e-01
4.124680687794746170e-01
4.066345959379509267e-01
4.010342190355546954e-01
3.952259859451867641e-01
3.894654279532312469e-01
3.836318822107069870e-01
3.777035550735026170e-01
3.720897862473295792e-01
3.659311604213346669e-01
3.601576089537223968e-01
3.542114646987761795e-01
3.483231610861072802e-01
3.422989943303726967e-01
3.362642971015199489e-01
3.302258799513047016e-01
3.242191094630113568e-01
3.182231711361145354e-01
3.122439281315223525e-01
3.059247006024616855e-01
3.000459699378306144e-01
2.938560511059185032e-01
2.877617441763531403e-01
2.816208414441385699e-01
2.754546685717429444e-01
2.693238070796999395e-01
2.632509641281317592e-01
2.569264139399229929e-01
2.506964916744540695e-01
2.443110471866012379e-01
2.381356428218099897e-01
2.319876643592697629e-01
2.257225121438519722e-01
2.193510610056117471e-01
2.130978167930066558e-01
2.067915071281458683e-01
2.005031336645040074e-01
1.939841053110076263e-01
1.878426586349961624e-01
1.815565215414207678e-01
1.751103162573290906e-01
1.686148022179285721e-01
1.622816752959288511e-01
1.558883729870155221e-01
1.496293465804874323e-01
1.432327921651739278e-01
1.367844976006553637e-01
1.301862368645323453e-01
1.239349259138626813e-01
1.175182473139801953e-01
1.111530287049220522e-01
1.045494727490499098e-01
9.816932653020193911e-02
9.167086150474013095e-02
8.537051650379212653e-02
7.885827928360411576e-02
7.241350164235971221e-02
6.591441323392022156e-02
5.941898349235286148e-02
5.284047118226609108e-02
4.650270217124030658e-02
4.001563398718022135e-02
3.360095968783216591e-02
2.719510500372779305e-02
2.057300595180500125e-02
1.410567826187780760e-02
7.757657406796347743e-03
1.166556286691156075e-03
-5.325436034458785883e-03
-1.172753469635501311e-02
-1.815228329843177058e-02
-2.463784281539982413e-02
-3.116003731353300665e-02
-3.751601611109400825e-02
-4.400592088309429606e-02
-5.059873341942111580e-02
-5.678599718471000202e-02
-6.325299020824481921e-02
-6.980378255032182455e-02
-7.601958472583758564e-02
-8.255055429281654700e-02
-8.898757190415140794e-02
-9.538865369729887522e-02
-1.017513987016563926e-01
-1.081538907200673139e-01
-1.145985269022515851e-01
-1.210286213346650763e-01
-1.272891021219376695e-01
-1.337477295383965314e-01
-1.400301996026541707e-01
-1.464198509489994526e-01
-1.527681543508512263e-01
-1.589118170921716144e-01
-1.653595874585095382e-01
-1.713960302422773418e-01
-1.777907111327169387e-01
-1.842336168573441846e-01
-1.902652063902280366e-01
-1.965998761073717294e-01
-2.028454671667667686e-01
-2.090264793376792607e-01
-2.151885578943024679e-01
-2.213522377420803489e-01
-2.274573177540539781e-01
-2.338108415242055038e-01
-2.399369272803768549e-01
-2.460960670576223253e-01
-2.519775449849284144e-01
-2.581079903254683838e-01
-2.642007000341255463e-01
-2.702099202496766051e-01
-2.763342818643376164e-01
-2.823314830997725178e-01
-2.884509165439126388e-01
-2.944555685143295243e-01
-3.001118676306899768e-01
-3.060084368431607027e-01
-3.120634954918335424e-01
-3.181227878613732685e-01
-3.238164897809731047e-01
-3.297127636196398592e-01
-3.356342307263838753e-01
-3.411903276291131659e-01
-3.471401740419501891e-01
-3.528111591525050494e-01
-3.586085134368591776e-01
-3.642843544284486423e-01
-3.700737738911762387e-01
-3.756786889157107678e-01
-3.813621832426841163e-01
-3.869825318642077239e-01
-3.925526443843212476e-01
-3.982110095130650951e-01
-4.035818690157665367e-01
-4.089846906579853725e-01
-4.147447598349697229e-01
-4.200319135519122726e-01
-4.254931102171967128e-01
-4.307846051741189841e-01
-4.363344756399685220e-01
-4.417378347752075607e-01
-4.470554631051097960e-01
-4.521053583570765477e-01
-4.574674967010795568e-01
-4.627180737107009501e-01
-4.679859845837207599e-01
-4.731361523581995021e-01
-4.783372305194922847e-01
-4.834603158548032020e-01
-4.885120022233297998e-01
-4.934619430764289882e-01
-4.984192914608644998e-01
-5.034551079203717361e-01
-5.084465682496698280e-01
-5.133778485546127701e-01
-5.181583901524644542e-01
-5.230737240547717048e-01
-5.277561523600189375e-01
-5.325073823623680536e-01
-5.372677529492753123e-01
-5.421666938167697403e-01
-5.468096275790699234e-01
-5.514320471417917258e-01
-5.560452966969557931e-01
-5.605246904222280779e-01
-5.651359920636962464e-01
-5.696924269241270267e-01
-5.739719757021323199e-01
-5.784901521188972051e-01
-5.827682034673133948e-01
-5.873074671528875079e-01
-5.914273461254744291e-01
-5.957133916485284342e-01
-5.999710637257688051e-01
-6.040818913271644996e-01
-6.083199666210181711e-01
-6.125095313287507448e-01
-6.165567310514146193e-01
-6.206395237641610940e-01
-6.246030886246227709e-01
-6.285836665685855529e-01
-6.324944672187196026e-01
-6.362042906848830448e-01
-6.402400877809582003e-01
-6.440293099049299030e-01
-6.475401133062708148e-01
-6.513182874335674555e-01
-6.551118937944293563e-01
-6.587274230169146705e-01
-6.623129559436145009e-01
-6.659041681038941896e-01
-6.694561640440490624e-01
-6.727685156488539819e-01
-6.762319520756193691e-01
-6.795548931154316019e-01
-6.828742090510074858e-01
-6.863106090297215189e-01
-6.895718370883646697e-01
-6.927498058091858812e-01
-6.958000578721742491e-01
-6.988490555206454680e-01
-7.021102200596113230e-01
-7.049035893455548596e-01
-7.080034852086536379e-01
-7.109059690723797953e-01
-7.138081508550085941e-01
-7.165656431227267475e-01
-7.193982463109201975e-01
-7.221555615494954505e-01
-7.249868446986423853e-01
-7.275132501803429630e-01
-7.302013924662027478e-01
-7.325727095624248175e-01
-7.352441891449554845e-01
-7.375967921815469452e-01
-7.400535166957245004e-01
-7.425716582215162731e-01
-7.448810457698908927e-01
-7.470395634270161622e-01
-7.493450977169360261e-01
-7.513616462482476388e-01
-7.534613055430322559e-01
-7.556216945828639897e-01
-7.576294901501370305e-01
-7.597348661909245626e-01
-7.618450969939258854e-01
-7.635235141068255071e-01
-7.652301552822374786e-01
-7.671909208256709745e-01
-7.689483244729760081e-01
-7.707170789816787382e-01
-7.722962217148692243e-01
-7.739728841564949002e-01
-7.754613422790456179e-01
-7.768756471660661633e-01
-7.782282234188553360e-01
-7.797872308461720747e-01
-7.810689019253724830e-01
-7.824433800361330071e-01
-7.837158945003920296e-01
-7.849470604900392612e-01
-7.859489953304141796e-01
-7.871610385604549398e-01
-7.882137092123706612e-01
-7.891333505354459765e-01
-7.900939485528125639e-01
-7.910258785910557755e-01
-7.917992656959688125e-01
-7.927321780829202913e-01
-7.934136582604610632e-01
-7.940369121178797451e-01
-7.949408295708580985e-01
-7.952978533021287655e-01
-7.958607003348170394e-01
-7.965304447045350456e-01
-7.968936947914120328e-01
-7.975086339556869408e-01
-7.976926649613558240e-01
-7.979120160991741706e-01
-7.981561502032434863e-01
-7.982990336695121592e-01
-7.984141783714454599e-01
-7.986311819801779066e-01
-7.986145826923420898e-01
-7.985010544936517185e-01
-7.983985837317445489e-01
-7.983383916510132794e-01
-7.981555026352066262e-01
-7.981696022851900718e-01
-7.978396227514491512e-01
-7.973936037996086634e-01
-7.970403575693547626e-01
-7.966508281927795476e-01
-7.962707686260978024e-01
-7.955884340630628992e-01
-7.951950022092511006e-01
-7.944751003918395504e-01
-7.938892445773534368e-01
-7.930647455031318849e-01
-7.923227520333910867e-01
-7.915563446389373148e-01
-7.905213201466599893e-01
-7.897527717233624456e-01
-7.887470613620026771e-01
-7.877620189167980902e-01
-7.866905473487486589e-01
-7.855290995120467468e-01
-7.843577168081307116e-01
-7.830035252090513653e-01
-7.818491003919342264e-01
-7.805364163443477832e-01
-7.792531561584365996e-01
-7.776229550125091095e-01
-7.764145243567445176e-01
-7.747119706588755372e-01
-7.731971356366542647e-01
-7.715906671875433220e-01
-7.697863117716621240e-01
-7.681589925863721025e-01
-7.664063002304455363e-01
-7.645819383475979114e-01
-7.625849550801674370e-01
-7.609138582461374423e-01
-7.587204959866435949e-01
-7.568563801264333035e-01
-7.545994495563819182e-01
-7.525059383333787544e-01
-7.503922381602192715e-01
-7.484145563328000739e-01
-7.460300066166678512e-01
-7.438681834583924513e-01
-7.415248913017700172e-01
-7.391337190960363124e-01
-7.363809432660148868e-01
-7.340972125434219731e-01
-7.315873643603180154e-01
-7.288976354279543823e-01
-7.262911134681703240e-01
-7.235515141364416980e-01
-7.209608037724543061e-01
-7.182835640469042993e-01
-7.153707579081348689e-01
-7.125647464031124034e-01
-7.096977679239691028e-01
-7.066742808412493915e-01
-7.035902902097789235e-01
-7.006623199447652439e-01
-6.975477426337628462e-01
-6.943088449173576704e-01
-6.913385680671189082e-01
-6.879960300614686997e-01
-6.847356960556910677e-01
-6.813989871716747970e-01
-6.780403662492215933e-01
-6.747907502063801299e-01
-6.713568371556644099e-01
-6.677629190142186921e-01
-6.643702425879756124e-01
-6.608470958098318082e-01
-6.570399826035511204e-01
-6.533449138334401773e-01
-6.495048376112986244e-01
-6.460242339593919025e-01
-6.422242236978402685e-01
-6.384280361658980496e-01
-6.345099451393987344e-01
-6.307568220447929974e-01
-6.267742244375229532e-01
-6.227955002173987120e-01
-6.188700989365440996e-01
-6.149171812146900784e-01
-6.106179784021545931e-01
-6.064791447946966674e-01
-6.022043743405627314e-01
-5.982041690860891991e-01
-5.939310830424684440e-01
-5.896141149809337456e-01
-5.852076945066841951e-01
-5.808851384168792764e-01
-5.764193872023695153e-01
-5.719430775373296472e-01
-5.674702172197456651e-01
-5.629855344128232852e-01
-5.587188803977329865e-01
-5.540353730727418657e-01
-5.493694069344249309e-01
-5.445552044773509515e-01
-5.400379970681228325e-01
-5.352999098313606652e-01
-5.306082963399539887e-01
-5.255988675175121694e-01
-5.209152196787325551e-01
-5.161581262070584764e-01
-5.111169030093825061e-01
-5.061634704109330141e-01
-5.013376926181284388e-01
-4.962143246142207698e-01
-4.910647661845827239e-01
-4.861402249002214626e-01
-4.811943466987298468e-01
-4.758947031386585591e-01
-4.706490024435651121e-01
-4.655784802909253006e-01
-4.604807968423503262e-01
-4.549350838354254689e-01
-4.498518670219441296e-01
-4.446159471873675217e-01
-4.392079021468225930e-01
-4.338725519177820678e-01
-4.286612693478443203e-01
-4.232132371940222626e-01
-4.177010628637438661e-01
-4.122003254610364653e-01
-4.067349669497483111e-01
-4.011800658230606498e-01
-3.956320670940522977e-01
-3.899990648832081241e-01
-3.845162140926988714e-01
-3.787499131043553513e-01
-3.731144144904335880e-01
-3.674554097178076573e-01
-3.617698009211856025e-01
-3.560850338791178293e-01
-3.503153607725592034e-01
-3.444910435914876334e-01
-3.388299979408939677e-01
-3.330594079284194819e-01
-3.270938670868650533e-01
-3.212895178513964778e-01
-3.153952332269149839e-01
-3.095019607458292521e-01
-3.034547164140438680e-01
-2.974620692172942338e-01
-2.916280104104624904e-01
-2.856945533436296980e-01
-2.795766961327529332e-01
-2.736386472780899526e-01
-2.673980744133636067e-01
-2.614190776967023622e-01
-2.555133120216445120e-01
-2.493417502537299546e-01
-2.430619570383725225e-01
-2.369995091322985026e-01
-2.309376679985472025e-01
-2.248599586999787681e-01
-2.185805775624451996e-01
-2.124201608281583997e-01
-2.062118813833135889e-01
-1.998568812860794797e-01
-1.937456016290719507e-01
-1.875042063272877035e-01
-1.812352518518707267e-01
-1.750754642380801807e-01
-1.687357900714162584e-01
-1.626037425807350667e-01
-1.560683528491050298e-01
-1.498119934615923521e-01
-1.435462463570981173e-01
-1.371022651300510820e-01
-1.308326656619650530e-01
-1.243571543119932343e-01
-1.181665700837244426e-01
-1.116122071575410546e-01
-1.052170424883529520e-01
-9.894817301982139490e-02
-9.270722204941850286e-02
-8.597463128434978952e-02
-7.979974774069698018e-02
-7.308751186201378758e-02
-6.688711404936664717e-02
-6.037439864233706821e-02
-5.401238840775313133e-02
-4.757113695691550515e-02
-4.101470570180487663e-02
-3.462632023282830041e-02
-2.820951799055004816e-02
-2.169325031684954386e-02
-1.534673803513808554e-02
-8.798516147786372699e-03
-2.247150073947934423e-03
4.156310718617328703e-03
1.062421468648722112e-02
1.702155105845015726e-02
2.352924726539473710e-02
3.001082665945475902e-02
3.654911864703525026e-02
4.279591240540980834e-02
4.945407681707658654e-02
5.590540670988031202e-02
6.226655199747832548e-02
6.875236676454221652e-02
7.544240288395620553e-02
8.174314751865496831e-02
8.813285791796010571e-02
9.451955852920934653e-02
1.009844647225899283e-01
1.073534842559418223e-01
1.138419448851297755e-01
1.205571289894402653e-01
1.267351894938861800e-01
1.333207155004911826e-01
1.395917243310840217e-01
1.459742546055682322e-01
1.525567147440272109e-01
1.589180005937858020e-01
1.651887634556361562e-01
1.715840505374843783e-01
1.779993987702985780e-01
1.844028910092356810e-01
1.908033252999352669e-01
1.970762259626037682e-01
2.032438600581747412e-01
2.095523188650514346e-01
2.157524247739990297e-01
2.222774722625751043e-01
2.285312176088640790e-01
2.346766482946052168e-01
2.411046919407768829e-01
2.471683302302132290e-01
2.534797336870400208e-01
2.595727748849125938e-01
2.658243779484179559e-01
2.721957243326240672e-01
2.782630791591882424e-01
2.843652419391813346e-01
2.904302495308379584e-01
2.965759112528900676e-01
3.027143418494735450e-01
3.087618294908813787e-01
3.148639928826402201e-01
3.209802513175092908e-01
3.270490997590509430e-01
3.330873103406020164e-01
3.390469823329214094e-01
3.450248399315665182e-01
3.507017500536380172e-01
3.568658587155668638e-01
3.628499805471756545e-01
3.686959333923274240e-01
3.745159030843472348e-01
3.803741016155319787e-01
3.863083980954113983e-01
3.920624194010067232e-01
3.977777645648621352e-01
4.035450665445421414e-01
4.093588978047006943e-01
4.150460294610989198e-01
4.208437120460934988e-01
4.262650698360683776e-01
4.318705881955691162e-01
4.375716120078310123e-01
4.432250054083026747e-01
4.487691033867204915e-01
4.543525957491327816e-01
4.598664334683020272e-01
4.652143035772871027e-01
4.707500735310909956e-01
4.764356788570882628e-01
4.816222413016930659e-01
4.869137001015941824e-01
4.923534719938360560e-01
4.975432412302307483e-01
5.029048949359871123e-01
5.080607023787149235e-01
5.133747683533935735e-01
5.185506193796380892e-01
5.237958647132334722e-01
5.289670767243026539e-01
5.339261119573026626e-01
5.392398683959556127e-01
5.441903063945034980e-01
5.489604292613459169e-01
5.540291334494078512e-01
5.591840158862122490e-01
5.640020466637030161e-01
5.689013307968184829e-01
5.737304284834066070e-01
5.786340640042555439e-01
5.832418349343346797e-01
5.879865585541310669e-01
5.926942645785844288e-01
5.974474131568054958e-01
6.021667099569540937e-01
6.067430202412351647e-01
6.111540798520214146e-01
6.157818212368548760e-01
6.201595947210782889e-01
6.246381618887328901e-01
6.291546204632496586e-01
6.334888603973447552e-01
6.379919607321717923e-01
6.421471574146837558e-01
6.466516127789545543e-01
6.507122601129609052e-01
6.547688280682597561e-01
6.592758130267861727e-01
6.630935469848013852e-01
6.671001137141068238e-01
6.713113752702308812e-01
6.751877428874140108e-01
6.792484203144681931e-01
6.831065976174557353e-01
6.870828316784123313e-01
6.908730924181121225e-01
6.946771650066649872e-01
6.983416394357615520e-01
7.021381678610763011e-01
7.058562198201352444e-01
7.093998042751012978e-01
7.131099255603643439e-01
7.163752288786651157e-01
7.201365974389963842e-01
7.236072600838496793e-01
7.268639298056596143e-01
7.303518488023637012e-01
7.335560558746945237e-01
7.369377537583243765e-01
7.402292536698338310e-01
7.433074214440669181e-01
7.464184648529781363e-01
7.495158769183560832e-01
7.526017645114351229e-01
7.557329943578734444e-01
7.585705091126182520e-01
7.616346358771648450e-01
7.645045408791852903e-01
7.674157678380861825e-01
7.700032422861025072e-01
7.729420010969469956e-01
7.753945261576216108e-01
7.781986621694974016e-01
7.808390031807854736e-01
7.834960040816383309e-01
7.858705258177529629e-01
7.884183246745086748e-01
7.908631116875513012e-01
7.930757363974989538e-01
7.953921075483123548e-01
7.977523152208803037e-01
7.999963857452061511e-01
8.022003372886898909e-01
8.041370651096722000e-01
8.063501267492094726e-01
8.085162396049498934e-01
8.104284062276709832e-01
8.123310763318953853e-01
8.142849414864956614e-01
8.159394512464159810e-01
8.179837345787650538e-01
8.196241101366177340e-01
8.213611616923199854e-01
8.229933149854862240e-01
8.244609306304748753e-01
8.261381752111855992e-01
8.276157374926020882e-01
8.289083257739655597e-01
8.304562618350477265e-01
8.318779387986525720e-01
8.331512508310563447e-01
8.343708881597837745e-01
8.354652374003859183e-01
8.367659672489657918e-01
8.377307048204478690e-01
8.388812229458744163e-01
8.398955033552020222e-01
8.406633019429410325e-01
8.417122531619702919e-01
8.427479323217352825e-01
8.433757940936297270e-01
8.442997893549306632e-01
8.448079713533032109e-01
8.454483264250531871e-01
8.460783018329116612e-01
8.464684289911685866e-01
8.471722161114194627e-01
8.475003729190344615e-01
8.478999845154140402e-01
8.483304119136345633e-01
8.485017022435983325e-01
8.489031980487260487e-01
8.488802656328473528e-01
8.490566943344257655e-01
8.492420383642527160e-01
8.493225792262437679e-01
8.492544316825965112e-01
8.491340136809186756e-01
8.490927538619890136e-01
8.489147462021076063e-01
8.486065618575382441e-01
8.484116168431092841e-01
8.480635849945490357e-01
8.478086422066812844e-01
8.472271202258003786e-01
8.468578886889079893e-01
8.461948925443489866e-01
8.457074864977391915e-01
8.451306112647816171e-01
8.443216215367619348e-01
8.437096579200993318e-01
8.429705436525634088e-01
8.421337284048566740e-01
8.414417450959483791e-01
8.403653513394047092e-01
8.394822223943423367e-01
8.383293346866329543e-01
8.373898891175639569e-01
8.362613286841762417e-01
8.349857749144589114e-01
8.337393956017631336e-01
8.325001997644310148e-01
8.311606786186489515e-01
8.297997889477779498e-01
8.285002702405481756e-01
8.268219838223671569e-01
8.253994825975290439e-01
8.237539862652683009e-01
8.222146195756276921e-01
8.207271496431500779e-01
8.188610698795366627e-01
8.170684785771038516e-01
8.151819443429504375e-01
8.132626812977856723e-01
8.113652271659728132e-01
8.095217303923232244e-01
8.075022312374151578e-01
8.055264388515606111e-01
8.033691822111996839e-01
8.011703212133101104e-01
7.989832407419270588e-01
7.967302140187799697e-01
7.945133559240886711e-01
7.921139581949450115e-01
7.896467743783219806e-01
7.872474211064042215e-01
7.847753735012759080e-01
7.823435232042403875e-01
7.795426202005610872e-01
7.770307111097864983e-01
7.743307995302146640e-01
7.716059620564625909e-01
7.687184418970149924e-01
7.660158645830588142e-01
7.630740819528403218e-01
7.602461275707212973e-01
7.573643800597318343e-01
7.543297218979450047e-01
7.512798330265890723e-01
7.481624351867830480e-01
7.451019488417041092e-01
7.419383146401734574e-01
7.386418427437531076e-01
7.354358914648155832e-01
7.321201923452327343e-01
7.288310458058975261e-01
7.254636201503381621e-01
7.219868673317115793e-01
7.185404885696111688e-01
7.149550604531225151e-01
7.112161441573361387e-01
7.077776125489603221e-01
7.042013416471812892e-01
7.004095452327991911e-01
6.968714839075269563e-01
6.930733726549522800e-01
6.892787079656899074e-01
6.853089199681934307e-01
6.813317973591994647e-01
6.774898273195273379e-01
6.736198987635231283e-01
6.695226068337152281e-01
6.653797850373086575e-01
6.613715474050192444e-01
6.572021198107032003e-01
6.529276759050939294e-01
6.486822013284947452e-01
6.444801496146392861e-01
6.401427182341676847e-01
6.359369804130214909e-01
6.316123092544707607e-01
6.271113834376980112e-01
6.226178893660032632e-01
6.182292860268450152e-01
6.138664558076261102e-01
6.091524267041543705e-01
6.046133347988387197e-01
6.000429154141158072e-01
5.953838108240190330e-01
5.905174755302800005e-01
5.860250671285722746e-01
5.811938448097742071e-01
5.764630230852365589e-01
5.715714838115233398e-01
5.667809108699513043e-01
5.617444033523453228e-01
5.569146059683076633e-01
5.520277006303553335e-01
5.467966712049527889e-01
5.417677630662667276e-01
5.369687830999065881e-01
5.317440787463101337e-01
5.266026932271439254e-01
5.213958415509538646e-01
5.163830372630988652e-01
5.112678964203267729e-01
5.057488918511869880e-01
5.005133980999534327e-01
4.952060824977200237e-01
4.900017370549356599e-01
4.844160339929768355e-01
4.791912359439594038e-01
4.738015726136310946e-01
4.681814685856622305e-01
4.627944800748369225e-01
4.573600880482397990e-01
4.518659711837755832e-01
4.462459473512834229e-01
4.407589866919436883e-01
4.350605888284555522e-01
4.295864053927995752e-01
4.238548193934383868e-01
4.181386430535922738e-01
4.124514257041218546e-01
4.065732646371158499e-01
4.010749801629795996e-01
3.952457698238407424e-01
3.893817693283607717e-01
3.836060638789224875e-01
3.775819989678199651e-01
3.718963331619176138e-01
3.661401122543128661e-01
3.602328154612113309e-01
3.541887614501832982e-01
3.482822023234075637e-01
3.424190591841018705e-01
3.361902062992947471e-01
3.300667051197951896e-01
3.243173792644664655e-01
3.184225608717186073e-01
3.121336799858882571e-01
3.061341550916540921e-01
3.000132079465336332e-01
2.940045656831582477e-01
2.877307766200112304e-01
2.817415901256459243e-01
2.754261994515756484e-01
2.692049746454263648e-01
2.631422538560002078e-01
2.569172423743197875e-01
2.506551490138237970e-01
2.444126679840581406e-01
2.382689052446278488e-01
2.319590098073889273e-01
2.255159199754754873e-01
2.193008337616009218e-01
2.131369905759985528e-01
2.068446872159690475e-01
2.006189511335165765e-01
1.939740415543651508e-01
1.879143068339492739e-01
1.816065203680699014e-01
1.752384643326507785e-01
1.686661091165135851e-01
1.623324608432672456e-01
1.558845006051423621e-01
1.494890523361558365e-01
1.432948022588167447e-01
1.367941144109092733e-01
1.303967688197369412e-01
1.240298363554386274e-01
1.174423701500995065e-01
1.110230649239727363e-01
1.045742375678413438e-01
9.823151090996895540e-02
9.172749023034243443e-02
8.524055401774011109e-02
7.881431703882380013e-02
7.234428972020134907e-02
6.589196468977664978e-02
5.947692585257047249e-02
5.303377410716025864e-02
4.652461194497758967e-02
4.004409270615028049e-02
3.357925761699598333e-02
2.716564137903754172e-02
2.068123207666983099e-02
1.417374742630084228e-02
7.682033083563188924e-03
1.192260331793981720e-03
-5.182963983189403656e-03
-1.168884608137676917e-02
-1.801433412094821662e-02
-2.468260565171309651e-02
-3.113962093657629548e-02
-3.740273990302478424e-02
-4.396891391746093891e-02
-5.040414995089637085e-02
-5.684157263080902300e-02
-6.335112619386362720e-02
-6.960466219582406300e-02
-7.622108833581131559e-02
-8.269365466339118065e-02
-8.904757256571393942e-02
-9.562874427500667185e-02
-1.018506943415987687e-01
-1.082383209503076094e-01
-1.146321701307384533e-01
-1.210788173396218914e-01
-1.272051529116628998e-01
-1.336502765413635219e-01
-1.401206759360631438e-01
-1.463492406163157122e-01
-1.526593326966000363e-01
-1.589956648299983843e-01
-1.653841031608821455e-01
-1.715411094624528232e-01
-1.779071763930395456e-01
-1.840755793866643009e-01
-1.903994372165302984e-01
-1.966046148377110780e-01
-2.027054817226019434e-01
-2.092464510253370102e-01
-2.152067042728449398e-01
-2.214915101213996707e-01
-2.276254714228738152e-01
-2.338711570580819243e-01
-2.399099190251475777e-01
-2.460784344777483534e-01
-2.521255468472088923e-01
-2.582896205998378436e-01
-2.641444626427232878e-01
-2.701110139171318814e-01
-2.763407638963587543e-01
-2.822850504764603530e-01
-2.883341398935588273e-01
-2.942680919237491421e-01
-3.002005002873109341e-01
-3.061162448428592642e-01
-3.121544524049174596e-01
-3.179061280642532239e-01
-3.239336405932637941e-01
-3.296986391071299316e-01
-3.355540469615462262e-01
-3.413989897443762134e-01
-3.471250134813839150e-01
-3.529776452549776566e-01
-3.586507280495861982e-01
-3.644677243173333192e-01
-3.699793341761806742e-01
-3.757196060380060265e-01
-3.814191222797028713e-01
-3.870966267892266277e-01
-3.925826207443399163e-01
-3.982411568397563606e-01
-4.037299954035298288e-01
-4.091326877462680978e-01
-4.147489308648069084e-01
-4.201180748746863314e-01
-4.253823004885542991e-01
-4.309834955775091458e-01
-4.364839547944392439e-01
-4.416632591091570470e-01
-4.469357760745822361e-01
-4.521963612210786465e-01
-4.575473270002237136e-01
-4.627915306458398881e-01
-4.680356491949119180e-01
-4.731410634869892551e-01
-4.783068759582334017e-01
-4.833197711895294013e-01
-4.882743127805558858e-01
-4.935180638114829987e-01
-4.984431656206439465e-01
-5.034762172270783598e-01
-5.084208614233691748e-01
-5.133535880059625356e-01
-5.181745756446120010e-01
-5.229445204397609182e-01
-5.277004960542371892e-01
-5.324624753616723494e-01
-5.373620361223678810e-01
-5.421640314900464386e-01
-5.469009524030008507e-01
-5.514433265148934726e-01
-5.559578420578501490e-01
-5.604886558651982487e-01
-5.651160234425871565e-01
-5.697886413021275853e-01
-5.740851432276623534e-01
-5.784617216391911843e-01
-5.828638685162610411e-01
-5.872592238229724648e-01
-5.916140716267553890e-01
-5.959570317250031390e-01
-6.000591114492295208e-01
-6.042855451034017111e-01
-6.085404644029291932e-01
-6.125382730050381586e-01
-6.164984310622065866e-01
-6.206602052593797048e-01
-6.245267128678686497e-01
-6.285403034784513565e-01
-6.325234836863777854e-01
-6.362943209312209580e-01
-6.402009555024271714e-01
-6.440902227869653718e-01
-6.476387658662813296e-01
-6.514626633543854073e-01
-6.550066592742047611e-01
-6.587316504165963149e-01
-6.623409824217920683e-01
-6.658763909736364894e-01
-6.692742190563173432e-01
-6.728712304736168548e-01
-6.763507801697192789e-01
-6.796086911747172277e-01
-6.828380527519304355e-01
-6.861804886778396506e-01
-6.896504895179510486e-01
-6.925839747935912394e-01
-6.960215963477787149e-01
-6.988853677057553782e-01
-7.018224625806522843e-01
-7.050355942485415639e-01
-7.080121398843615133e-01
-7.109883924645343800e-01
-7.137710909381469460e-01
-7.166645745695610081e-01
-7.194086412482598725e-01
-7.221610311246996483e-01
-7.249463304195166158e-01
-7.274735829318808022e-01
-7.301162210606200187e-01
-7.326917250356672628e-01
-7.352304691789200985e-01
-7.377128142667475075e-01
-7.400819404302749760e-01
-7.425055591623110907e-01
-7.446046363204461560e-01
-7.470596649573426618e-01
-7.492359613632610937e-01
-7.515379102633632513e-01
-7.536539179284723611e-01
-7.556819358022501820e-01
-7.578865827861821503e-01
-7.596897738453469717e-01
-7.616567394834283800e-01
-7.635858713961068966e-01
-7.653437570856045369e-01
-7.670969892721771766e-01
-7.689717926128870618e-01
-7.706100978674977897e-01
-7.724096346598703366e-01
-7.738629527069692537e-01
-7.754316104570169177e-01
-7.769445240352818027e-01
-7.782663008544152827e-01
-7.798710081881748968e-01
-7.811543376715001097e-01
-7.823607353236686768e-01
-7.835798159701117260e-01
-7.849099389522026238e-01
-7.859254458288154055e-01
-7.870827761256997679e-01
-7.880873590913741733e-01
-7.890953297621672302e-01
-7.901151098008688534e-01
-7.911281212098607574e-01
-7.917927937296304064e-01
-7.925864576982932785e-01
-7.934021033694815817e-01
-7.940675124440202959e-01
-7.948609584647294835e-01
-7.953472219201067617e-01
-7.957818774330653877e-01
-7.963577303802871210e-01
-7.967727936857291748e-01
-7.973246341281587934e-01
-7.975345177432765498e-01
-7.978380421926218879e-01
-7.981905649904927902e-01
-7.982531478410083148e-01
-7.984542225255887304e-01
-7.985284306820557010e-01
-7.985607302161635834e-01
-7.986865050928272369e-01
-7.984683331941844209e-01
-7.982722531561937673e-01
-7.982083648804971787e-01
-7.980390760095745772e-01
-7.978611274595842628e-01
-7.974176931094623111e-01
-7.969925907348992533e-01
-7.966246101935603452e-01
-7.962700703098277710e-01
-7.956878060196289626e-01
-7.951483809846019435e-01
-7.945126460208769004e-01
-7.938242961145529630e-01
-7.931036831145091837e-01
-7.923161574927458650e-01
-7.916056824940743697e-01
-7.905894163029796307e-01
-7.897257130252677282e-01
-7.887954651118507243e-01
-7.877596123717300891e-01
-7.865668706738072613e-01
-7.855406330558650785e-01
-7.842265594060735534e-01
-7.830577708255388458e-01
-7.819022589239603693e-01
-7.805212971693409330e-01
-7.790947334657942758e-01
-7.776827625714369807e-01
-7.762326299067794366e-01
-7.746657791437310259e-01
-7.731561462977901700e-01
-7.716387242322423345e-01
-7.699900860696696769e-01
-7.680994298821673949e-01
-7.664257458001314527e-01
-7.645435108187392803e-01
-7.627176333544590792e-01
-7.607439167087263199e-01
-7.588023428555423777e-01
-7.569428744636288453e-01
-7.547730723273993192e-01
-7.526515486421160306e-01
-7.502483095218288600e-01
-7.483367001824743348e-01
-7.460562871605657120e-01
-7.438270629330722139e-01
-7.413806857450668808e-01
-7.389199848579690588e-01
-7.365542828436075773e-01
-7.340610845398530815e-01
-7.315065011621190161e-01
-7.290702050625831321e-01
-7.263407403699425613e-01
-7.236337344471813759e-01
-7.210415119933668571e-01
-7.182113035504047449e-01
-7.153855995021054515e-01
-7.125814660175555648e-01
-7.096161399163427586e-01
-7.066447139572673564e-01
-7.037027157192452531e-01
-7.007568285811967002e-01
-6.975724930057960460e-01
-6.944560971808932948e-01
-6.913112821366160787e-01
-6.881650131939456294e-01
-6.846534247344038260e-01
-6.814106397660144587e-01
-6.780445986448662143e-01
-6.746534821296275020e-01
-6.712091493441365575e-01
-6.677958120755549398e-01
-6.643394489096435818e-01
-6.609456957096466745e-01
-6.571089984513365234e-01
-6.535669267716075481e-01
-6.497761705273152888e-01
-6.459894929224389015e-01
-6.422215664524613121e-01
-6.384947838911229079e-01
-6.346357547107369657e-01
-6.307633182005187855e-01
-6.267720390169895239e-01
-6.228528767265215649e-01
-6.187737470275549434e-01
-6.147567631619241801e-01
-6.107538554582365720e-01
-6.065605320597211580e-01
-6.023378516889827949e-01
-5.980729623930823857e-01
-5.939580996571947047e-01
-5.896310141717183706e-01
-5.852522452799591157e-01
-5.810251846621301564e-01
-5.764776554934776254e-01
-5.721514367696283188e-01
-5.675635817192322685e-01
-5.630314925876888088e-01
-5.584561367623935846e-01
-5.538856295310727873e-01
-5.492901762064154036e-01
-5.448123329225385003e-01
-5.399674267681181528e-01
-5.353990302512510180e-01
-5.305779151395484394e-01
-5.257888678063579180e-01
-5.210895258404841801e-01
-5.160174676823949813e-01
-5.109389510343649299e-01
-5.062040045593445559e-01
-5.014385201749053111e-01
-4.962668071929540181e-01
-4.914255499790946002e-01
-4.860604237250056858e-01
-4.810397926743973374e-01
-4.759123748073371685e-01
-4.707824358953439647e-01
-4.653373516368638496e-01
-4.604187111322715076e-01
-4.552551338036902040e-01
-4.498594903431832881e-01
-4.445701013145311187e-01
-4.392708522806144655e-01
-4.339350884716501877e-01
-4.283894368689367127e-01
-4.232059424675094217e-01
-4.176632595451638119e-01
-4.121570098206441823e-01
-4.066804399522253588e-01
-4.010893092934371129e-01
-3.955809373996278522e-01
-3.900765620036805714e-01
-3.844589421287097908e-01
-3.786861079510147610e-01
-3.730421987276331119e-01
-3.673959449995943816e-01
-3.617451284473620632e-01
-3.561329802555971424e-01
-3.502164053619405415e-01
-3.444935568328474362e-01
-3.385632496803163693e-01
-3.329839984658493623e-01
-3.270844983527539940e-01
-3.212748087696337684e-01
-3.153021119926656679e-01
-3.095505395151346706e-01
-3.033833537621802856e-01
-2.976408456789503276e-01
-2.916509582127930766e-01
-2.857274090325355731e-01
-2.795737495976747811e-01
-2.736066904756330187e-01
-2.676471633037506015e-01
-2.614448503032736904e-01
-2.554346822232428371e-01
-2.493812542376974140e-01
-2.432274026714678072e-01
-2.369254479714861805e-01
-2.308481762505973922e-01
-2.249603823712145179e-01
-2.186376413442930877e-01
-2.125371202667389881e-01
-2.062833923915468048e-01
-1.999689020490477143e-01
-1.936733644524266662e-01
-1.875813584748907692e-01
-1.813739886373867405e-01
-1.750060545905633980e-01
-1.687121792250073637e-01
-1.623961211718036868e-01
-1.560035995700774780e-01
-1.498179980611034079e-01
-1.436165057942462298e-01
-1.372590586858091211e-01
-1.307749407130712749e-01
-1.245064052663640286e-01
-1.181155497948951361e-01
-1.116715749607066765e-01
-1.052099257521795783e-01
-9.887834641520421020e-02
-9.256626219944386058e-02
-8.609325858241700935e-02
-7.951743695121238353e-02
-7.323866914343657442e-02
-6.682948876974059704e-02
-6.039605384213064809e-02
-5.404962302869076307e-02
-4.757184695350014092e-02
-4.107536274849699076e-02
-3.461017174281311171e-02
-2.814534192973128235e-02
-2.167443126154244837e-02
-1.522144205940079154e-02
-8.725909886943772342e-03
-2.338676997982402916e-03
4.201259523282763197e-03
1.047777779012659671e-02
1.700043008682761148e-02
2.344761545172091566e-02
3.014849815474507366e-02
3.656494109048202823e-02
4.295146934717863907e-02
4.952167343324109794e-02
5.597439835527184826e-02
6.238468577149181016e-02
6.876339966945965720e-02
7.515958865208260953e-02
8.174684951773825148e-02
8.822993321992855797e-02
9.463590548042644102e-02
1.011595222978256547e-01
1.075652050267894566e-01
1.140004763313966496e-01
1.205279571132289451e-01
1.268824355747306676e-01
1.331619915377328933e-01
1.394905868128326620e-01
1.460033752578477895e-01
1.525922347091159814e-01
1.588574576893189150e-01
1.652635837074709624e-01
1.715743309304262887e-01
1.780865787178267379e-01
1.843819234412020780e-01
1.906160461001409345e-01
1.970844493183201429e-01
2.033977078261739457e-01
2.096896229086648855e-01
2.159394579660607327e-01
2.223021132416549417e-01
2.284449492864688569e-01
2.347486661774520478e-01
2.411182038412686968e-01
2.472998943680049244e-01
2.535141398089282294e-01
2.597767745254928595e-01
2.659927564545199186e-01
2.722379927954701184e-01
2.782084205472774574e-01
2.844357213134252049e-01
2.905822596397478197e-01
2.965859349759876196e-01
3.026667841409720339e-01
3.088475153435141785e-01
3.149044268486111964e-01
3.209704680810925304e-01
3.268856272709672606e-01
3.329651269698514771e-01
3.388509624249740337e-01
3.448394756640138503e-01
3.510369674776958604e-01
3.568863351542033158e-01
3.626260443585882509e-01
3.687695170650850951e-01
3.746224143890632963e-01
3.805187825561608950e-01
3.862685065368582915e-01
3.920522648735123017e-01
3.978437398254777158e-01
4.036067969790548826e-01
4.093018620287429687e-01
4.148094586400548067e-01
4.205515335815150912e-01
4.264638180816036073e-01
4.318920224062650082e-01
4.375349918327018361e-01
4.433456618258564408e-01
4.486984713271391367e-01
4.543249707272827287e-01
4.597300329891984561e-01
4.653867518410430559e-01
4.707448306566426321e-01
4.761116628316806043e-01
4.815013181502951767e-01
4.870303424491784217e-01
4.923549995024447679e-01
4.974142149114932909e-01
5.029296312828783755e-01
5.081874011801024160e-01
5.133765409939092805e-01
5.186947674136199726e-01
5.237289676779472991e-01
5.290602256756664623e-01
5.340180291306118043e-01
5.390503412939775529e-01
5.441881594077957462e-01
5.491654077463496986e-01
5.539967110024508479e-01
5.590281074845491194e-01
5.638547822403434662e-01
5.688586807239881526e-01
5.737855906547033591e-01
5.785752458501465245e-01
5.833863706009649874e-01
5.880961951824046352e-01
5.926590568470613274e-01
5.975493793744401927e-01
6.021322197900049744e-01
6.065820475293017822e-01
6.112258069812259720e-01
6.158176669521275848e-01
6.203042306268140571e-01
6.248488665588185498e-01
6.291627923243703346e-01
6.335670628743694799e-01
6.378023954924549876e-01
6.423230631789860201e-01
6.465027791850390670e-01
6.507684362388219679e-01
6.548752837355782397e-01
6.591468474773691799e-01
6.631746079946023720e-01
6.672279208605991219e-01
6.713420699366898781e-01
6.753186630894343345e-01
6.791949637955823071e-01
6.831542655308022738e-01
6.870924455270599474e-01
6.908268773769428162e-01
6.946308464978689923e-01
6.986775191343199687e-01
7.021981149383562659e-01
7.057554454836645341e-01
7.093690859722774356e-01
7.130380120155535018e-01
7.165393932576633595e-01
7.199543995781378936e-01
7.236191974561652085e-01
7.268982325068253925e-01
7.303994547321697173e-01
7.336021220562076728e-01
7.368723728882844437e-01
7.401511588029934252e-01
7.433170657922016922e-01
7.464768926074965005e-01
7.497223643793902159e-01
7.527100762094645070e-01
7.555710718999444353e-01
7.587371214836928779e-01
7.615931407345288839e-01
7.645513555529026561e-01
7.672965237951339112e-01
7.701888961212477458e-01
7.728620761735760514e-01
7.754576031763866784e-01
7.781527800994212374e-01
7.807329809113243702e-01
7.832430958752960581e-01
7.859728137867931785e-01
7.883975111762857590e-01
7.907021514541781038e-01
7.932273176572037787e-01
7.954098016650732461e-01
7.976885707351990540e-01
7.999857196665247638e-01
8.021015847300603241e-01
8.042157641419391823e-01
8.062617417854014423e-01
8.083778295356640609e-01
8.103947380139679968e-01
8.121913318062998766e-01
8.142168998896912591e-01
8.161772741927921793e-01
8.179201202839283535e-01
8.194050122474398901e-01
8.212365708485258597e-01
8.229860184427120195e-01
8.245546557802050369e-01
8.261585547541123731e-01
8.276968281894612200e-01
8.291027470520262455e-01
8.304625580256679296e-01
8.317096080967809613e-01
8.331480937162425437e-01
8.343356851363223914e-01
8.354844497197633224e-01
8.366547478920063341e-01
8.378143995672859834e-01
8.389193759111974735e-01
8.397498853176503797e-01
8.405001157063451966e-01
8.418214520218640917e-01
8.425140837723976706e-01
8.434503205284884508e-01
8.441793579791689872e-01
8.448082900472357881e-01
8.454369729312933845e-01
8.460503902738853998e-01
8.465377274806715757e-01
8.470916585785852604e-01
8.474416852759811825e-01
8.479765814624691256e-01
8.481446077523924210e-01
8.487640594203347266e-01
8.487056816313804930e-01
8.490347563061122482e-01
8.491071978619244565e-01
8.491962612328671778e-01
8.492059358908461419e-01
8.492452117170838921e-01
8.492114420915213291e-01
8.491128072220939238e-01
8.488020093271728683e-01
8.486467802644854785e-01
8.485175335222807647e-01
8.482042442577635288e-01
8.477144880308868924e-01
8.473963050860449098e-01
8.469043332533321422e-01
8.465230443034195140e-01
8.457814678039230483e-01
8.452095567477597715e-01
8.444731896601440635e-01
8.437965276655041702e-01
8.430001251889103209e-01
8.423820181926950923e-01
8.413170712977606769e-01
8.403416195332578109e-01
8.394256675249454069e-01
8.385120742424529983e-01
8.371408840693603803e-01
8.361718096750834217e-01
8.350267708854435256e-01
8.338014936087938533e-01
8.327433240878800991e-01
8.311792529710784194e-01
8.296973125299207386e-01
8.284805717609140530e-01
8.269334529775751452e-01
8.252512018773159319e-01
8.237439359064600009e-01
8.222620233789372790e-01
8.205515817391819677e-01
8.188854923683057674e-01
8.172020698224973234e-01
8.151810070238363348e-01
8.133966815542288398e-01
8.115038018791422836e-01
8.095632062284960906e-01
8.074375563954787616e-01
8.054445583787268603e-01
8.032664187992550886e-01
8.009754942793436694e-01
7.989342828876773162e-01
7.966961179942058102e-01
7.943178903625733867e-01
7.920893109888575978e-01
7.897193110975424535e-01
7.872365551734130662e-01
7.848071301916683673e-01
7.822573399284615814e-01
7.796594601262534230e-01
7.771118689475207120e-01
7.743836009479225790e-01
7.715444809137772531e-01
7.688046936767582995e-01
7.659945787388400262e-01
7.633008245232373312e-01
7.604774192700287649e-01
7.572878593555707472e-01
7.542959719619592995e-01
7.514070669250307866e-01
7.481965338424254597e-01
7.450975016837217968e-01
7.418823427339031884e-01
7.387308942296082481e-01
7.355393704361175011e-01
7.321104324770246752e-01
7.288046051855361362e-01
7.253735644640497693e-01
7.219957141031667636e-01
7.185546315748225776e-01
7.149368211822848540e-01
7.113422252933889744e-01
7.076416372019094236e-01
7.040496124702566583e-01
7.004063033818723749e-01
6.967633834728086395e-01
6.929617030891594975e-01
6.892117030367850283e-01
6.851256744371558849e-01
6.814857289160705101e-01
6.775484880275064459e-01
6.734542219217598547e-01
6.695869939315375330e-01
6.653403715431542853e-01
6.613447302297947861e-01
6.572208931352940819e-01
6.530869864600035157e-01
6.489073265793987577e-01
6.446790941843463241e-01
6.403264096862848476e-01
6.359360145370180906e-01
6.314843622427661618e-01
6.272343516379261796e-01
6.227241485546484157e-01
6.182915292340913638e-01
6.136674806986015529e-01
6.092981754326980415e-01
6.046132112411350956e-01
6.000628905854887840e-01
5.952758496619445783e-01
5.907663567802181603e-01
5.859828776156621455e-01
5.812170457533487600e-01
5.763023896036523208e-01
5.713250525018229720e-01
5.665539013021845260e-01
5.617403737048014545e-01
5.568491882505666180e-01
5.519823726067643044e-01
5.467662810926512407e-01
5.419804863644683834e-01
5.367337779661391917e-01
5.316110275284280373e-01
5.264488945160528122e-01
5.214335433298684652e-01
5.161661110152169218e-01
5.110649916914602464e-01
5.057606364093951701e-01
5.005796125592230084e-01
4.951441902835995723e-01
4.898833829332673862e-01
4.848118973610548998e-01
4.793225995845649123e-01
4.738313220129541925e-01
4.683665424234737529e-01
4.627589803226692666e-01
4.573776616984994714e-01
4.519055389414892154e-01
4.462946960847267164e-01
4.407963565305574871e-01
4.351543175891359194e-01
4.294210124943553808e-01
4.239170694431211306e-01
4.180368907867195727e-01
4.124902779855947887e-01
4.067881742732948336e-01
4.009666465705430394e-01
3.953611524671090116e-01
3.895914470384329586e-01
3.835123204460793023e-01
3.777159710460999964e-01
3.718742182381049588e-01
3.661286359235249588e-01
3.600589275138921241e-01
3.540276422723043215e-01
3.483352857588575269e-01
3.423862139727829046e-01
3.362191049846150470e-01
3.303047247449304447e-01
3.242018820438388182e-01
3.183367505883736293e-01
3.119398934381920618e-01
3.061363293720045231e-01
3.000819567777568420e-01
2.937927363863244157e-01
2.878562018264680944e-01
2.817107462707755250e-01
2.755052609014914111e-01
2.691949826279644853e-01
2.631167818273032477e-01
2.570216591484657531e-01
2.507246864894085991e-01
2.444189817756823313e-01
2.382370093143282297e-01
2.318261951702833557e-01
2.257087659436121108e-01
2.195403807534803686e-01
2.129824335460668294e-01
2.067645827219484200e-01
2.004890275962702972e-01
1.941232647363835273e-01
1.877299690735554361e-01
1.814593164537336989e-01
1.752154166173802707e-01
1.687731362342137498e-01
1.624023472544349200e-01
1.560412117368805696e-01
1.495202315697763407e-01
1.431802679415756785e-01
1.367213652358318932e-01
1.303326302026537320e-01
1.239349348082525726e-01
1.175875739975640322e-01
1.110521330714611121e-01
1.046253076392256176e-01
9.817204601800910702e-02
9.178646987879957031e-02
8.546293352421718836e-02
7.880417701964126387e-02
7.240622595480639134e-02
6.593403311269607769e-02
5.960265727349933762e-02
5.309950421310793978e-02
4.646352461744207574e-02
3.989795310519150817e-02
3.359764339066040328e-02
2.713446329093494036e-02
2.061324946220177701e-02
1.414833110919189174e-02
7.724994571373544616e-03
1.288102392645207317e-03
-5.075860645979757280e-03
-1.170293523964882620e-02
-1.814748003144739386e-02
-2.462798773709007349e-02
-3.104853529880458041e-02
-3.766361929848960344e-02
-4.388441411315058271e-02
-5.035054810542327619e-02
-5.683177829978158790e-02
-6.326988631531271778e-02
-6.975523269571592966e-02
-7.614734279389556715e-02
-8.257534594384430271e-02
-8.907659518964894385e-02
-9.538537857321549573e-02
-1.017783852832722102e-01
-1.082354785465772240e-01
-1.145257049022808671e-01
-1.210492178390629725e-01
-1.273251664333747701e-01
-1.337057369065683954e-01
-1.400609847435613231e-01
-1.463794311844381912e-01
-1.526496788134514837e-01
-1.590749995128658556e-01
-1.654122476620161208e-01
-1.716066851454787212e-01
-1.778468431053367160e-01
-1.840950319360846743e-01
-1.903067596946435014e-01
-1.965600496860435697e-01
-2.029858222647242805e-01
-2.090560642543597414e-01
-2.152260360822819685e-01
-2.214388292353338672e-01
-2.276444240054408263e-01
-2.336386017559318740e-01
-2.397061155151581913e-01
-2.459476021713334903e-01
-2.520342831920744375e-01
-2.582707972273222685e-01
-2.643756201846333420e-01
-2.703531167553078207e-01
-2.762120774912202315e-01
-2.823015954639623848e-01
-2.883169370638494211e-01
-2.944185346638301670e-01
-3.003296872183667254e-01
-3.061995837291627831e-01
-3.121116905599143898e-01
-3.179736965355579592e-01
-3.239004395121568569e-01
-3.297380228163135918e-01
-3.355080706107145261e-01
-3.412231063301921496e-01
-3.472385447378470991e-01
-3.528550742855870448e-01
-3.586741163901374652e-01
-3.644174201786141154e-01
-3.700244274806633316e-01
-3.755859264323454516e-01
-3.812858001629563232e-01
-3.870063633270529602e-01
-3.925961853394319689e-01
-3.981784245282027346e-01
-4.036072761437821121e-01
-4.091086329433996083e-01
-4.145873377035323992e-01
-4.201898952550947586e-01
-4.255105696312490027e-01
-4.309790965347755076e-01
-4.363941285600377862e-01
-4.416687176689104710e-01
-4.469076936518844301e-01
-4.522141340412657584e-01
-4.575036000270614744e-01
-4.627779570912206042e-01
-4.679801262728988664e-01
-4.730770866882366699e-01
-4.782023822116531209e-01
-4.834594003184027322e-01
-4.884830176823137249e-01
-4.935057158752360618e-01
-4.986289904269968210e-01
-5.034734581145584587e-01
-5.084480107569365748e-01
-5.132569222693595945e-01
-5.181318317759953107e-01
-5.230549708124385688e-01
-5.280029785867070835e-01
-5.327076690766134881e-01
-5.373960631600788185e-01
-5.419046114194929764e-01
-5.468520111467503053e-01
-5.513537782633189943e-01
-5.559775537717133176e-01
-5.606103906923448621e-01
-5.651938736839255961e-01
-5.697106286724862301e-01
-5.741543799253645552e-01
-5.785149127306108419e-01
-5.827607204498772564e-01
-5.872888108403386820e-01
-5.914325457183127188e-01
-5.957245077288666479e-01
-5.999668578774859373e-01
-6.041531216679791871e-01
-6.084004365828086236e-01
-6.125956348629195691e-01
-6.165455246172117931e-01
-6.205606114195555412e-01
-6.245683453500180393e-01
-6.286139569570580177e-01
-6.324160857682149528e-01
-6.363730664709718043e-01
-6.401122828566707668e-01
-6.440632113930496727e-01
-6.477623773839185084e-01
-6.513488935517386391e-01
-6.552832892017735889e-01
-6.588388777231100057e-01
-6.624523855874990819e-01
-6.658950141614674578e-01
-6.694367376236370903e-01
-6.727252374317396200e-01
-6.762283413125167453e-01
-6.795567006822580414e-01
-6.828771636578399029e-01
-6.861482185020307822e-01
-6.893913501784760811e-01
-6.926820127643478209e-01
-6.958343348344560031e-01
-6.990153790617144036e-01
-7.020531851960947201e-01
-7.049946024946671663e-01
-7.080057631497339576e-01
-7.109305332826796331e-01
-7.138433164198624281e-01
-7.167287031454405710e-01
-7.195141562484113074e-01
-7.221187086891378559e-01
-7.248013249657014878e-01
-7.275298935621036245e-01
-7.300235952449196652e-01
-7.327889860744676298e-01
-7.352270063124342059e-01
-7.376845762766939263e-01
-7.401426740608778587e-01
-7.424136020194836982e-01
-7.449256922513982637e-01
-7.469688287142074445e-01
-7.492444248833720621e-01
-7.516273899682645032e-01
-7.533710502628798711e-01
-7.556755963725689806e-01
-7.576807853061668929e-01
-7.596289734550618622e-01
-7.616090485330189175e-01
-7.636868003055109488e-01
-7.653720406294521883e-01
-7.671511590706314720e-01
-7.690159479087295136e-01
-7.706033471552640179e-01
-7.724417266134140370e-01
-7.737464647144342011e-01
-7.754272725657602727e-01
-7.769934607091228962e-01
-7.784114226668743530e-01
-7.797801025648664064e-01
-7.812021255492154204e-01
-7.824335547390739443e-01
-7.836762247493747058e-01
-7.848849421104560076e-01
-7.859657036957241605e-01
-7.871791682408263435e-01
-7.882104753327282554e-01
-7.890898115848201666e-01
-7.901004498367941720e-01
-7.910359017927167669e-01
-7.918481407378901160e-01
-7.926908413543384269e-01
-7.935293846012335672e-01
-7.942556661495032699e-01
-7.948316683938180249e-01
-7.953358940996010373e-01
-7.958352875793024417e-01
-7.963195736857505702e-01
-7.966999174292905828e-01
-7.973197583634160646e-01
-7.973942706508139189e-01
-7.977184882574996916e-01
-7.979017989921515230e-01
-7.982966042666634898e-01
-7.984646106271837684e-01
-7.985768931944763338e-01
-7.985387390963065712e-01
-7.984006469535269712e-01
-7.982327943671676529e-01
-7.979103712184781871e-01
-7.976013278400256867e-01
-7.971348104965318981e-01
-7.965212475099269218e-01
-7.960915237197725425e-01
-7.951601203958432729e-01
-7.944198705163481034e-01
-7.936587850401607414e-01
-7.926720696048622505e-01
-7.915176643853212290e-01
-7.903507786491524856e-01
-7.893159884713949470e-01
-7.879809561266436502e-01
-7.864320423369868251e-01
-7.852804793544165829e-01
-7.834677743166222896e-01
-7.820156659313975966e-01
-7.802447853037686176e-01
-7.785568357188826782e-01
-7.767850430283219643e-01
-7.750139489687162264e-01
-7.729934175809847208e-01
-7.709142341889064776e-01
-7.687574126015175313e-01
-7.666566060278467987e-01
-7.644404676502614127e-01
-7.620816833936941981e-01
-7.598671358787935093e-01
-7.574934095844473303e-01
-7.547814465429805164e-01
-7.523125184383442354e-01
-7.495936956970161713e-01
-7.469230187538293819e-01
-7.440520906021841352e-01
-7.412515758386869491e-01
-7.383864749230077962e-01
-7.355615015706020721e-01
-7.324671270268037215e-01
-7.295282497511167419e-01
-7.262691413874717838e-01
-7.231687458325793960e-01
-7.199203479545300821e-01
-7.166654598404011978e-01
-7.132279855755619957e-01
-7.098928178623667984e-01
-7.064425604132409386e-01
-7.027800502030850938e-01
-6.994580221684746357e-01
-6.958260910809355160e-01
-6.920462231958650623e-01
-6.883707767655922183e-01
-6.846668228273853352e-01
-6.807528136016525178e-01
-6.767230513951171256e-01
-6.730071531869488144e-01
-6.688095023514875059e-01
-6.648618016214670190e-01
-6.606942914273192802e-01
-6.567203493440454398e-01
-6.525383943807119280e-01
-6.484386260863883589e-01
-6.439714165535049828e-01
-6.397377785502114111e-01
-6.352247808062194689e-01
-6.311393765436996706e-01
-6.264025263147749989e-01
-6.220313062074772636e-01
-6.176037185488774117e-01
-6.130496102198560449e-01
-6.083152663257238579e-01
-6.036734833390513533e-01
-5.989776809432025839e-01
-5.942692293320671615e-01
-5.893732090998833328e-01
-5.844877074243448600e-01
-5.797676967415653637e-01
-5.748457711393415437e-01
-5.697550991181585811e-01
-5.648357817256348667e-01
-5.598246423883465051e-01
-5.548596382461064014e-01
-5.498013005058112190e-01
-5.444866461664533697e-01
-5.393850689829767786e-01
-5.342709063162867089e-01
-5.288619373829620551e-01
-5.237021558777910091e-01
-5.183222591518608091e-01
-5.129941431959270659e-01
-5.076797215875764602e-01
-5.022689589188189530e-01
-4.966796729365197116e-01
-4.913894315907162413e-01
-4.857919113175912518e-01
-4.803642896781876725e-01
-4.746151099948829888e-01
-4.692139073201198052e-01
-4.634231274202622597e-01
-4.577915486693618918e-01
-4.520625570159302331e-01
-4.462778831787457268e-01
-4.405795055621796186e-01
-4.349204137975943851e-01
-4.289209510246355661e-01
-4.228733906747775828e-01
-4.170621500373027368e-01
-4.110780251236455518e-01
-4.053140241326864679e-01
-3.994852398701825846e-01
-3.932644700163669960e-01
-3.873793611055162955e-01
-3.812915732871204888e-01
-3.750260993698467660e-01
-3.689168587268581989e-01
-3.630686724879744753e-01
-3.567171902580564824e-01
-3.505685006711122265e-01
-3.443572760473846417e-01
-3.381704331448632805e-01
-3.318830928383392775e-01
-3.255988035602959130e-01
-3.192697285115365657e-01
-3.130705966669196094e-01
-3.067066321632059278e-01
-3.002269045630923117e-01
-2.938448308336080173e-01
-2.873862036411749532e-01
-2.809648302797913555e-01
-2.744496944634005065e-01
-2.682747713508195631e-01
-2.613821548323053134e-01
-2.550005845246373637e-01
-2.482805891474043625e-01
-2.417988098866189484e-01
-2.352772463043557583e-01
-2.284059619283480558e-01
-2.219431511815265212e-01
-2.152513704253262716e-01
-2.084622847695584147e-01
-2.017726081206802080e-01
-1.951669809875609118e-01
-1.883738449312208907e-01
-1.816304765564948909e-01
-1.748185818975235284e-01
-1.680756067102668894e-01
-1.611738620536349309e-01
-1.545371651486502351e-01
-1.476568467898734527e-01
-1.406207411779356597e-01
-1.337610028386300165e-01
-1.267377391844937140e-01
-1.198792983671087553e-01
-1.130958480623523998e-01
-1.060457291084109244e-01
-9.907042036411828345e-02
-9.185710713316352916e-02
-8.503986484185643846e-02
-7.799926128568435146e-02
-7.092706628666001212e-02
-6.390853695124376621e-02
-5.681018426667028276e-02
-4.968764286175608724e-02
-4.268306702755275683e-02
-3.541439129282464293e-02
-2.830452195340971144e-02
-2.120386478247882067e-02
-1.391409419608380382e-02
-6.610512271242763305e-03
5.100419886197027353e-04
7.640135086939503495e-03
1.483643756112873469e-02
2.213613146772819285e-02
2.948748145157664702e-02
3.672913860109705553e-02
4.391728404529415819e-02
5.121981111832796252e-02
5.859082309325835958e-02
6.592048921498272485e-02
7.320214454842366436e-02
8.057894674033971860e-02
8.804773995423165189e-02
9.532197525008179184e-02
1.026927130833112933e-01
1.101837782670433974e-01
1.175185824204809659e-01
1.248434111294813853e-01
1.323846011402585177e-01
1.398097170947938395e-01
1.473588998935333461e-01
1.546572038168181340e-01
1.621491323228549941e-01
1.697387564155639073e-01
1.772292368373533655e-01
1.848663141552406852e-01
1.922601987142142921e-01
1.997510774607851314e-01
2.073337988136192411e-01
2.149421196375100873e-01
2.227167071872449000e-01
2.300658062391423009e-01
2.378792396745590398e-01
2.453560967057935027e-01
2.528849420485650423e-01
2.606501526277844594e-01
2.682992203311329593e-01
2.758489703217057443e-01
2.836310684871330423e-01
2.912575716873722076e-01
2.986861533596516516e-01
3.066652197489392329e-01
3.142538431981660718e-01
3.219105323137840813e-01
3.297442450284686633e-01
3.373704490037794379e-01
3.451131552684139070e-01
3.529709704255459268e-01
3.606206284129336304e-01
3.683341398014359225e-01
3.760977409931458570e-01
3.839091405709327276e-01
3.917558907372782340e-01
3.995213968445823216e-01
4.072069569450915694e-01
4.151047396731668560e-01
4.228767424988355561e-01
4.308143293500426019e-01
4.385390848109711470e-01
4.464000276760358155e-01
4.543702295239511191e-01
4.620882351426398582e-01
4.699537786069751810e-01
4.779052570921675791e-01
4.856491638080617790e-01
4.937824397728296510e-01
5.015581880978334794e-01
5.095084631091255645e-01
5.173391879869839727e-01
5.250942320283298326e-01
5.331589843153647923e-01
5.411281864285428789e-01
5.489845930862553569e-01
5.570228108045767179e-01
5.647811202424632970e-01
5.728470451826472853e-01
5.809777928302939376e-01
5.889299278320168085e-01
5.968100268956777477e-01
6.048181882935004250e-01
6.127902215630971483e-01
6.208807365908632914e-01
6.286805911312669526e-01
6.367322276235789502e-01
6.441951825241274410e-01
6.516112612295641426e-01
6.586887957376723612e-01
6.658894893363604961e-01
6.726257309921246375e-01
6.795141555492443253e-01
6.862250723080849379e-01
6.922818494071012463e-01
6.986593425202087815e-01
7.047379827073996239e-01
7.106973924373642948e-01
7.164719991855061920e-01
7.219603499157196680e-01
7.274600413025564816e-01
7.326430476349130583e-01
7.377791181761732542e-01
7.427278147995579616e-01
7.475941918675095277e-01
7.522644559385360807e-01
7.565701552404289210e-01
7.609566669208220890e-01
7.652067656647683069e-01
7.692696428350851434e-01
7.731401060662983493e-01
7.769250485824195085e-01
7.805157934491102623e-01
7.841868269658280877e-01
7.875189103919979505e-01
7.906896409918948709e-01
7.937729691145427591e-01
7.968629029670657449e-01
7.996217374975194137e-01
8.021565019822127773e-01
8.047474929352431694e-01
8.073792865827724707e-01
8.096404994200909755e-01
8.117893695296640733e-01
8.141265607899197398e-01
8.159282782700636449e-01
8.176928459661505499e-01
8.195734799882579136e-01
8.209757771295016493e-01
8.225541114123557929e-01
8.240723630585671255e-01
8.252314586629077020e-01
8.264853771132241178e-01
8.276478607695252343e-01
8.284943019716868307e-01
8.293833190143415912e-01
8.297413005932992025e-01
8.304796521056598824e-01
8.310708993199422689e-01
8.314329169044865075e-01
8.318281074247251272e-01
8.316159136058156598e-01
8.320122589766714150e-01
8.320494130120199561e-01
8.319037452195858773e-01
8.316088047239933445e-01
8.314049050747216452e-01
8.310662242490842733e-01
8.306853113085346241e-01
8.302632721902167834e-01
8.294367035702761015e-01
8.286997771790676204e-01
8.279205139704164385e-01
8.271360494125092888e-01
8.261806338778823200e-01
8.252051226087671054e-01
8.241267635185229867e-01
8.228709183915547953e-01
8.216655424167094157e-01
8.202732561817622781e-01
8.190031027577882039e-01
8.174313466362495006e-01
8.159796870731501617e-01
8.142925869495134528e-01
8.125668876595903978e-01
8.108301318534305580e-01
8.089882942287793810e-01
8.070853005061529029e-01
8.050089648369256334e-01
8.029499504323660553e-01
8.007978399927422331e-01
7.985483906571979595e-01
7.965333970565919852e-01
7.941958539855804577e-01
7.916421831953051047e-01
7.892702161796858462e-01
7.867581550595617035e-01
7.841075285472631773e-01
7.814161857553738599e-01
7.787816314643909443e-01
7.759257825524037422e-01
7.731142594089963627e-01
7.702252306673595950e-01
7.673736146407279524e-01
7.644023721593753429e-01
7.611721645815632264e-01
7.582279900358688263e-01
7.549684257424718048e-01
7.516392451774662753e-01
7.485853458010860439e-01
7.450402142038805575e-01
7.417468149838908342e-01
7.384082622082743796e-01
7.349049731433756616e-01
7.314269543734293055e-01
7.276944408594263614e-01
7.239853319222322448e-01
7.201508337191306897e-01
7.164922037439793723e-01
7.127717229660048837e-01
7.088721346422801606e-01
7.049913635416393820e-01
7.010222887886461418e-01
6.970946884610869088e-01
6.930766243375785507e-01
6.888913067521620359e-01
6.847967488960038374e-01
6.805528220800782790e-01
6.762777468109451018e-01
6.719605794835388224e-01
6.677229419574775005e-01
6.633671088191950282e-01
6.589409845849818481e-01
6.546392891654480017e-01
6.500178742059015136e-01
6.454626647950081342e-01
6.409427042516706585e-01
6.362217039069426594e-01
6.315751505259781240e-01
6.269799116216714374e-01
6.221242958058179617e-01
6.173862449942666419e-01
6.127049923141867360e-01
6.078366716701502082e-01
6.028555503007726468e-01
5.980103180116083106e-01
5.929411821964158946e-01
5.880125938868969726e-01
5.830672816702493488e-01
5.778239937673574911e-01
5.727932230114658463e-01
5.675018113605554415e-01
5.623347336682906761e-01
5.571007600619648503e-01
5.520269431489479572e-01
5.467091735922047224e-01
5.412733988070630442e-01
5.359844736993397696e-01
5.306435519405159340e-01
5.252000662178140100e-01
5.197212412155503003e-01
5.142896512604262504e-01
5.089536422512412894e-01
5.032006358743330576e-01
4.977107629831365454e-01
4.921388217832876055e-01
4.864567940626842724e-01
4.808206581425074067e-01
4.751905395471323068e-01
4.694806456502309544e-01
4.637479608146737320e-01
4.579372486391199981e-01
4.521876558431250359e-01
4.463217709383784371e-01
4.405658799652565349e-01
4.346097255137046922e-01
4.285114811381935951e-01
4.226345692969279977e-01
4.167329783294435597e-01
4.107571580464273175e-01
4.047190357489365287e-01
3.987302566799728609e-01
3.925619546896856882e-01
3.865937457818513501e-01
3.804237708306106303e-01
3.743190310900590401e-01
3.679691696667890533e-01
3.619476194419741777e-01
3.556927830861067452e-01
3.494868318922157435e-01
3.433131254641796914e-01
3.368874970043902461e-01
3.306406125104033311e-01
3.241196167087112556e-01
3.178513111316578765e-01
3.114698519234906371e-01
3.050692743177394473e-01
2.987157343442849999e-01
2.922784377073390782e-01
2.857886790677000022e-01
2.794405700261157754e-01
2.730980538222966825e-01
2.662291218719461394e-01
2.598806403219504624e-01
2.532691937846269781e-01
2.466027248007518491e-01
2.402723248353582086e-01
2.339557046560978293e-01
2.280256804067499754e-01
2.220106441915183915e-01
2.162891122909853525e-01
2.107457227910314312e-01
2.052738024726874499e-01
2.001267501399484061e-01
1.948381306093445176e-01
1.899477856743625459e-01
1.850721294163668595e-01
1.805636921653019922e-01
1.760604460800383464e-01
1.716898322018132195e-01
1.674133394662797869e-01
1.634183404078151103e-01
1.595450322253506581e-01
1.558729953662383316e-01
1.520679900810040230e-01
1.487164839547490125e-01
1.453076392366337011e-01
1.420764485555132683e-01
1.388386946143469469e-01
1.360774934193200725e-01
1.331699039335887402e-01
1.306040309956895129e-01
1.280937443556906530e-01
1.254664234261420042e-01
1.233693956111936441e-01
1.210989223131122561e-01
1.190146017074411589e-01
1.172173946035550696e-01
1.153714973670412203e-01
1.135506051125660942e-01
1.120831860546984693e-01
1.106599505133416539e-01
1.092664535732226216e-01
1.078654588186898078e-01
1.068196916549117859e-01
1.057438904810610314e-01
1.049495435367211460e-01
1.042310779494826090e-01
1.034419720398882525e-01
1.030469574090275842e-01
1.025871880155753146e-01
1.023336973592896548e-01
1.018198290479455093e-01
1.019634475569757281e-01
1.017878969210950224e-01
1.018517132584413343e-01
1.020393260362684185e-01
1.023208977008096543e-01
1.026819170183059793e-01
1.031480050951096850e-01
1.035648278427629965e-01
1.041250081980262809e-01
1.048509143366107565e-01
1.055554432044054636e-01
1.063765532549645343e-01
1.073615539797236895e-01
1.083372054547646623e-01
1.094105697927694187e-01
1.106403138134128827e-01
1.117320014174068010e-01
1.131516837656980634e-01
1.144954252478895818e-01
1.160206647001083002e-01
1.177071134038487621e-01
1.192118440491043430e-01
1.209314631731088774e-01
1.227145124986552815e-01
1.246450320062681971e-01
1.265301775998624034e-01
1.286106584418520438e-01
1.305892617077186735e-01
1.326737619402178492e-01
1.348650308866294889e-01
1.371084352507749848e-01
1.393449687825429884e-01
1.418058157916530782e-01
1.441979179512395959e-01
1.469190027554860833e-01
1.496925840808664976e-01
1.521328139488531406e-01
1.548559698642453242e-01
1.578151318632114997e-01
1.606604581081727545e-01
1.634941145192423395e-01
1.664287393828289829e-01
1.694745788462748148e-01
1.724579094712799243e-01
1.756254590577284169e-01
1.788937433192514526e-01
1.822048793346737749e-01
1.855685637392705534e-01
1.888614063129347986e-01
1.923035981464518152e-01
1.957428791938486956e-01
1.994092273406147253e-01
2.028876638527645770e-01
2.066735444293250623e-01
2.102552181937551445e-01
2.141109523716226981e-01
2.178069043350421286e-01
2.217678474821198620e-01
2.257882962398050086e-01
2.297219158048215970e-01
2.335275717141602758e-01
2.376142890694727949e-01
2.417593512311930759e-01
2.459342329952864947e-01
2.500943428815072256e-01
2.543847166348767175e-01
2.585531773874905070e-01
2.627937452194892831e-01
2.673148328825103448e-01
2.718911898800093763e-01
2.763284860745427451e-01
2.807538374701723516e-01
2.851756661770512569e-01
2.900767955804874898e-01
2.945305665795374672e-01
2.992843381580612139e-01
3.039167249693814910e-01
3.087941300300085512e-01
3.134769919715294506e-01
3.184331155184698670e-01
3.233592823968134411e-01
3.282255502452675611e-01
3.331489513245144973e-01
3.381350708486867696e-01
3.432302651308698493e-01
3.484284559120016667e-01
3.534289060302402419e-01
3.585916998797988864e-01
3.637914442284675420e-01
3.690444007295887729e-01
3.744003498439267830e-01
3.795222031769931448e-01
3.849770031768693368e-01
3.902550122644465880e-01
3.955415483752393602e-01
4.010672472451990433e-01
4.066251910131808422e-01
4.120347061192211058e-01
4.176316379277051904e-01
4.231133062061287475e-01
4.285720684601761477e-01
4.343555191473726929e-01
4.400710979799253852e-01
4.458381229012680080e-01
4.513899293370506882e-01
4.571106213186080236e-01
4.630049711520383138e-01
4.688136467593131407e-01
4.747767381544554244e-01
4.806230872344190441e-01
4.865282755936406467e-01
4.924909804125026103e-01
4.984062749381288349e-01
5.041625327784073907e-01
5.103146052914135922e-01
5.164536679177644807e-01
5.224906585171338325e-01
5.286469344160606987e-01
5.346773757935638915e-01
5.408480246959381788e-01
5.468684269597872127e-01
5.530727047866950130e-01
5.593603164993310450e-01
5.655154192392259915e-01
5.720119710628475129e-01
5.781367700699058254e-01
5.844776119537795633e-01
5.908412001907763500e-01
5.973511812498843998e-01
6.035797698006504231e-01
6.098778210790065657e-01
6.165644687226692344e-01
6.229769457850438119e-01
6.293890847694654234e-01
6.359397884126138933e-01
6.425550820638761262e-01
6.487986053301313394e-01
6.555568045582207404e-01
6.621444355850762964e-01
6.685356381732945330e-01
6.755873720384260039e-01
6.817168718204056344e-01
6.880611959295848123e-01
6.942809371201288382e-01
7.002344836091420888e-01
7.061980385249622127e-01
7.118657967050621149e-01
7.171695705598506443e-01
7.225447366318684672e-01
7.277094604512712728e-01
7.326545660992755948e-01
7.376234578553344523e-01
7.422915111625070228e-01
7.469349772904292362e-01
7.513429653443755019e-01
7.553974667930518638e-01
7.597595486743182747e-01
7.636505700079665448e-01
7.674647946833874634e-01
7.710969829781322282e-01
7.747722017269973449e-01
7.780776130492288445e-01
7.816060629372862945e-01
7.846854498363637909e-01
7.876959276693240586e-01
7.905509734991313930e-01
7.933424747588846415e-01
7.959788481751228773e-01
7.983299832375225780e-01
8.009063619820855351e-01
8.030825900491720404e-01
8.052291887588167718e-01
8.073538884032813723e-01
8.091272220638285884e-01
8.110116838058978317e-01
8.125685390593873070e-01
8.141058427120266838e-01
8.154776520101136850e-01
8.169332553064059255e-01
8.182159276678053761e-01
8.191502340313236985e-01
8.202590596568968273e-01
8.208423400535937997e-01
8.217850065249405755e-01
8.224497835388226985e-01
8.229273248005053443e-01
8.234134819334457678e-01
8.239203203378551166e-01
8.240247006327447998e-01
8.242254615741664292e-01
8.240681026050333813e-01
8.242820394742229606e-01
8.239769650829524839e-01
8.236752498240227371e-01
8.233629204079229158e-01
8.229570136326800345e-01
8.224819718030864646e-01
8.218267665830216728e-01
8.213698263056901094e-01
8.204083541811029168e-01
8.198104991023373866e-01
8.186761477289525857e-01
8.178336444202756184e-01
8.166599698253131923e-01
8.155218397515739959e-01
8.143338422303489921e-01
8.129264104009055192e-01
8.116762057304809375e-01
8.100329887933988005e-01
8.085210943877443324e-01
8.070915615198690496e-01
8.053238887806446478e-01
8.036267875340339373e-01
8.018714820726022818e-01
7.998496005443513912e-01
7.979527064585383300e-01
7.958798894772105559e-01
7.937113900456440607e-01
7.915750902843330383e-01
7.894595376578525947e-01
7.870399016093154732e-01
7.847142189110398736e-01
7.823926054157532839e-01
7.797954648256375521e-01
7.771768020617093597e-01
7.744700088678051486e-01
7.719857555208515798e-01
7.691931384177947972e-01
7.663557935672400401e-01
7.635077989397689446e-01
7.607361219170392097e-01
7.574368327099638698e-01
7.545882747950118929e-01
7.514682880845731106e-01
7.484607988491509545e-01
7.453055569101971756e-01
7.419625156763196561e-01
7.385832991999792263e-01
7.351773296272223757e-01
7.316963079416818339e-01
7.282664283878497180e-01
7.246255041920606210e-01
7.212481254820741761e-01
7.175890964410731598e-01
7.138094324467014751e-01
7.102262364443927556e-01
7.062499190142557115e-01
7.023393621827442868e-01
6.985978930502034778e-01
6.946483100219031925e-01
6.906824216296032493e-01
6.867104194896660463e-01
6.825695938113869321e-01
6.784138119428535507e-01
6.744107625479216495e-01
6.701381689740972813e-01
6.657336487269618353e-01
6.614440734050963666e-01
6.570981599594700739e-01
6.528861448380629540e-01
6.483548683607269769e-01
6.438135402509737037e-01
6.394063314685458632e-01
6.347939010572500873e-01
6.302508127014603279e-01
6.257369316638679013e-01
6.210646838367446243e-01
6.162016883343801599e-01
6.113373908667552037e-01
6.065358928797359717e-01
6.017989777820762498e-01
5.968943513257898292e-01
5.918775293930018666e-01
5.870703690287921717e-01
5.821002389353531203e-01
5.770675153585449468e-01
5.719381205675102553e-01
5.668268300195027365e-01
5.617155644362656908e-01
5.565789297742489428e-01
5.514332657447240660e-01
5.463110514710067811e-01
5.408999579055460138e-01
5.355069818398034975e-01
5.302011762137763817e-01
5.249588908088460570e-01
5.194712462275012932e-01
5.140711394932724332e-01
5.084480419386068206e-01
5.030876274013575955e-01
4.976068005431626418e-01
4.918795175439323319e-01
4.863712915382278901e-01
4.810327645104952587e-01
4.752001667665501916e-01
4.695189618478541327e-01
4.637116168827146723e-01
4.579841141345712963e-01
4.522147960425717539e-01
4.465039815348263996e-01
4.406546869138234790e-01
4.348319966182259133e-01
4.288724076932108886e-01
4.230296025112947333e-01
4.170230470623617069e-01
4.112018161169130881e-01
4.051597538013791411e-01
3.991018792049503272e-01
3.932350983589547599e-01
3.871377872600181291e-01
3.811315165106330394e-01
3.747979224908473128e-01
3.687293159302438283e-01
3.627213432800076021e-01
3.564312654071968289e-01
3.500745044030049158e-01
3.438984671879856680e-01
3.378321687656871131e-01
3.313223167276331260e-01
3.252837134638473238e-01
3.187476101884614277e-01
3.125119345141944560e-01
3.059517890562561959e-01
2.997376630229726668e-01
2.934060641736897512e-01
2.869881202404869214e-01
2.805247784528461796e-01
2.741026923345366573e-01
2.674785267630217511e-01
2.609168070109180171e-01
2.543932216240274435e-01
2.479075919826558838e-01
2.413569927585268449e-01
2.347177878077109092e-01
2.282216059038828515e-01
2.215179785539203028e-01
2.147979083812112666e-01
2.082016013600238580e-01
2.015050484281317722e-01
1.947224161250686869e-01
1.881709792292654004e-01
1.819071725690146746e-01
1.757576102721605249e-01
1.696152007598921152e-01
1.638212742068561045e-01
1.581744337170174486e-01
1.525421951490184558e-01
1.470855564648607672e-01
1.419157367758994148e-01
1.370009138451999675e-01
1.320027227720399488e-01
1.272532603023908138e-01
1.226824236191306206e-01
1.183666879691398499e-01
1.138745059153036809e-01
1.097391316621325608e-01
1.058557425421673415e-01
1.018798463104944041e-01
9.808661333238011260e-02
9.453019360328873688e-02
9.105141247428383267e-02
8.778742412112050530e-02
8.463266984739803434e-02
8.157536957326749771e-02
7.857228229872759151e-02
7.585180709928307508e-02
7.324343958380685748e-02
7.073726716852735130e-02
6.815177891985779723e-02
6.592734600161587188e-02
6.377060484286278808e-02
6.187175442340309139e-02
6.001161181772007858e-02
5.800276410239346703e-02
5.655155524521715549e-02
5.508338511935728654e-02
5.360623506390793658e-02
5.228800245903353350e-02
5.109719013303570812e-02
5.004832451786600522e-02
4.908548821899816339e-02
4.817409462436650358e-02
4.732119575791471355e-02
4.680570242849846352e-02
4.629306017330669931e-02
4.582357145102089468e-02
4.553224666697142098e-02
4.522342655961875124e-02
4.528650177771309515e-02
4.527315289764444195e-02
4.543502267674837114e-02
4.546289386315005565e-02
4.567112345098567339e-02
4.604975102124675423e-02
4.641430316322714411e-02
4.719918210664597602e-02
4.769494607437185785e-02
4.835004605980675052e-02
4.908474331472478802e-02
5.006236102104844043e-02
5.108074763901160331e-02
5.202153679944832021e-02
5.304937989938540710e-02
5.436574031083840630e-02
5.547378496975419182e-02
5.690454417980328472e-02
5.831490880334344595e-02
5.974564284313399476e-02
6.151018142630526597e-02
6.297706887597653846e-02
6.478358868152933603e-02
6.663483067602626875e-02
6.847295428312927257e-02
7.048841771582270432e-02
7.253653321236996909e-02
7.452040062302445200e-02
7.673447219352258486e-02
7.874866391887613837e-02
8.117209778674827625e-02
8.356456514204091413e-02
8.593364472528985942e-02
8.848932219950400579e-02
9.118421786285280106e-02
9.360130002270450333e-02
9.640460387955052113e-02
9.917925117337689223e-02
1.020476244311394609e-01
1.047485375984602562e-01
1.077631753951056037e-01
1.107575226980088701e-01
1.136173403496281153e-01
1.169489722457730529e-01
1.201284499365984360e-01
1.232642932504948163e-01
1.265081068718743040e-01
1.300104002565778405e-01
1.333231196546329489e-01
1.367037595190589983e-01
1.401950858563556501e-01
1.438163932154679081e-01
1.473755461454995253e-01
1.511340350302108337e-01
1.547483595518548416e-01
1.585120772406565237e-01
1.623525131545104916e-01
1.662167417410012060e-01
1.701602086163476191e-01
1.742642982574147403e-01
1.780595874696895287e-01
1.822569940691607382e-01
1.864148360262007920e-01
1.904577417981667686e-01
1.947201038504107196e-01
1.990239100662685168e-01
2.032870274441753722e-01
2.076449125566963705e-01
2.120890920414320036e-01
2.163602170243557055e-01
2.210452350374261243e-01
2.254841584811351218e-01
2.299986424249844674e-01
2.348241811883020613e-01
2.393611188800754963e-01
2.441111863388250036e-01
2.488926162793771990e-01
2.534484639311407328e-01
2.586898383865374740e-01
2.632482008691534592e-01
2.682475342963910325e-01
2.730700951033542268e-01
2.781532841503187026e-01
2.830497424255975503e-01
2.882059067741937763e-01
2.932003231422677381e-01
2.983615684128824164e-01
3.034733621618657118e-01
3.087427453724165272e-01
3.140810186412636984e-01
3.192553279366889818e-01
3.246188028545107240e-01
3.298423495554856366e-01
3.352797824562807616e-01
3.406627659761842786e-01
3.460733556673452060e-01
3.515525363028977335e-01
3.571298026126090708e-01
3.626371049968322158e-01
3.683035044648677037e-01
3.737659679813611913e-01
3.793913561285799929e-01
3.849403435543321539e-01
3.906118462439565064e-01
3.965772186112508368e-01
4.022649247769243264e-01
4.082367713163530532e-01
4.138856820015575089e-01
4.197029440833943692e-01
4.257588706938197909e-01
4.315248211243187804e-01
4.374650679279450394e-01
4.434550025565389131e-01
4.494957480171899444e-01
4.555144475139556448e-01
4.616992991923969392e-01
4.676026607182250938e-01
4.737490042091598852e-01
4.798821266438315636e-01
4.860138003111273974e-01
4.922663175991650597e-01
4.983910334266692388e-01
5.047099900113949378e-01
5.107872717327905931e-01
5.172963943938875264e-01
5.235039613290968230e-01
5.297237304838329219e-01
5.362599077273073611e-01
5.424778115564201642e-01
5.489486805294987448e-01
5.553156298419739123e-01
5.618116447521679380e-01
5.681304382811913634e-01
5.747569944207449044e-01
5.813429347252236923e-01
5.878399206792799259e-01
5.942836124744721449e-01
6.009085752812965975e-01
6.075800794650887404e-01
6.142232620301324442e-01
6.207860451141837821e-01
6.274687189942320664e-01
6.340647558743930379e-01
6.408447689577454476e-01
6.474166634346971705e-01
6.543053877229700888e-01
6.611176453925078356e-01
6.679340423169999319e-01
6.746459557029729215e-01
6.815391230113914123e-01
6.880585959070912860e-01
6.945742970499062530e-01
7.010084365225306424e-01
7.070824650465903360e-01
7.131515609658667376e-01
7.186744283319224103e-01
7.244220942173673627e-01
7.299570528662444602e-01
7.352382389666585194e-01
7.406460951467330744e-01
7.455745967322877643e-01
7.505195482197923873e-01
7.551837204547624527e-01
7.597030911948619014e-01
7.642096977104062550e-01
7.684169092742276774e-01
7.726362274570661715e-01
7.765222229665602605e-01
7.802832481950641164e-01
7.841497819438927319e-01
7.876118696687002263e-01
7.909678587581994158e-01
7.942979379103694004e-01
7.975863573533479300e-01
8.005358235848865078e-01
8.034423512359245567e-01
8.063533879880364630e-01
8.088333006989629759e-01
8.114370566441360122e-01
8.137273694247895151e-01
8.160682693012373257e-01
8.182328114365522431e-01
8.203269528479033568e-01
8.221764874488504127e-01
8.240483997888830014e-01
8.257580145581129294e-01
8.271157422381656410e-01
8.286508891438186808e-01
8.300475925065384786e-01
8.310851150521809672e-01
8.322042369631912351e-01
8.332653462985852855e-01
8.340128471359049556e-01
8.349665349826220773e-01
8.354215139040630511e-01
8.361352810166451377e-01
8.367605061456770965e-01
8.368194989574520015e-01
8.371838657060728384e-01
8.373053914115407004e-01
8.372487578805101194e-01
8.374165580239580908e-01
8.369095987701364869e-01
8.371580817435777533e-01
8.364834197755819378e-01
8.361971307915629925e-01
8.357787837059400537e-01
8.350587467526600083e-01
8.343120482336203736e-01
8.336837941909718275e-01
8.328296069449658834e-01
8.319629850274337102e-01
8.311029388776736138e-01
8.300760298144673754e-01
8.288016658153620764e-01
8.275339901001785847e-01
8.261446524351987453e-01
8.247738827390371785e-01
8.234694236310227122e-01
8.218667151164109619e-01
8.203942523671321485e-01
8.185743284209154869e-01
8.168442885884894533e-01
8.150293138929314285e-01
8.131645701530891834e-01
8.111984706277812762e-01
8.091503524711145534e-01
8.072260885056588009e-01
8.050154349041536150e-01
8.027742468874947690e-01
8.003967437210912639e-01
7.980897761398473289e-01
7.956549523276637004e-01
7.930303272305236906e-01
7.906928837111604214e-01
7.879164139644376785e-01
7.852163693356957186e-01
7.826238325397731899e-01
7.797302946874260510e-01
7.769436430572143060e-01
7.742324042719217481e-01
7.710718031874466138e-01
7.678867829706930159e-01
7.648022990598783988e-01
7.618132996246016475e-01
7.585622910686371512e-01
7.552807926443534381e-01
7.521121715108116668e-01
7.486263380647635302e-01
7.451466500989905040e-01
7.418941495020463517e-01
7.382218564502482927e-01
7.344587719777797563e-01
7.309675938575819210e-01
7.270999801617008540e-01
7.233894028181795388e-01
7.197367548661479653e-01
7.160065917109219580e-01
7.120865473135216117e-01
7.080595497022863505e-01
7.042012226438809641e-01
7.001379334416539812e-01
6.960826766207732774e-01
6.918308822752852194e-01
6.878521754779274300e-01
6.834244614833824283e-01
6.793939782211855238e-01
6.750315841701635122e-01
6.707921766135700459e-01
6.662883652399909096e-01
6.618330729057406714e-01
6.575030340742025192e-01
6.527910667236194175e-01
6.482683177658559170e-01
6.438354398199508388e-01
6.390508656876405791e-01
6.344004217605252460e-01
6.298184196652216738e-01
6.249279516341854634e-01
6.200325078110642263e-01
6.152414448813368075e-01
6.105209374037012804e-01
6.054898055616364516e-01
6.006992170536835651e-01
5.956511729391342769e-01
5.905841566216125660e-01
5.855578844930866556e-01
5.803767330447908712e-01
5.754316358914439711e-01
5.702804558811105373e-01
5.648277717271510401e-01
5.595917238372152269e-01
5.543808697308274525e-01
5.491364989467848456e-01
5.437760079200244512e-01
5.384602006383332196e-01
5.330879853885712727e-01
5.276239985306088176e-01
5.222653500032230500e-01
5.167227035092105680e-01
5.111596923505714596e-01
5.054918570904711750e-01
5.000889727136483831e-01
4.943702010188060214e-01
4.886961994118632635e-01
4.831235997119176506e-01
4.773725944204598726e-01
4.717491146193333318e-01
4.658960648219370171e-01
4.600060842882831569e-01
4.544606270971007778e-01
4.484672678261665268e-01
4.425791343033742553e-01
4.366768005083525583e-01
4.307276374181703282e-01
4.247569960397454825e-01
4.188365308821413446e-01
4.127919267553767924e-01
4.066330618631561755e-01
4.005947092235486728e-01
3.945472597225381239e-01
3.884668631690386675e-01
3.822119615812547000e-01
3.762661582771631430e-01
3.701057927360507094e-01
3.639986156144556784e-01
3.574611063023562796e-01
3.511612476297631957e-01
3.449984319186063519e-01
3.387337943994153111e-01
3.325321842485986501e-01
3.261327909021938254e-01
3.197514748090015679e-01
3.135052514950795732e-01
3.070336777707949327e-01
3.006556008683174408e-01
2.939027541139778155e-01
2.878242752662407700e-01
2.814011866017509522e-01
2.745870919202206828e-01
2.681099604227961120e-01
2.616103285230741982e-01
2.550307304758170357e-01
2.482940184830344510e-01
2.417426831147857502e-01
2.351510866510797548e-01
2.286062105742048267e-01
2.218392059500591262e-01
2.150293060555654723e-01
2.084694484941025383e-01
2.017179717629127289e-01
1.950545975588315883e-01
1.884931998981644874e-01
1.819681280148648383e-01
1.758293050107240241e-01
1.697423746104413933e-01
1.639462845254651135e-01
1.579688456485650594e-01
1.527328615436960302e-01
1.471178641144912369e-01
1.416754432852358470e-01
1.366822714961366536e-01
1.317741129943705847e-01
1.270569247264576873e-01
1.225649597519757883e-01
1.179265396144768552e-01
1.135439500378381261e-01
1.093350156813741592e-01
1.052373540367612659e-01
1.015357634318567737e-01
9.755945875643590171e-02
9.410474572873650523e-02
9.053348280628137346e-02
8.717870109890313302e-02
8.401877907730725958e-02
8.111009220890608162e-02
7.799486916614850607e-02
7.523743793702752924e-02
7.249266636988482837e-02
6.997857469522861251e-02
6.762625449063408567e-02
6.541938415204540114e-02
6.322530301768924943e-02
6.116905530688709902e-02
5.917103511192012277e-02
5.724096030674896696e-02
5.563583411325123684e-02
5.423103279547136779e-02
5.273150549418925692e-02
5.132489314057231411e-02
5.025873589499574301e-02
4.893747148409133274e-02
4.815987936163712568e-02
4.714099132485927157e-02
4.630577737589414156e-02
4.570861388432501116e-02
4.513620254185313208e-02
4.478868710742345272e-02
4.450315146954708645e-02
4.432023347816604897e-02
4.402106992860810308e-02
4.402325311595056689e-02
4.405112277506062490e-02
4.426402370314863610e-02
4.444546665000470576e-02
4.472787846325498862e-02
4.524590608673495495e-02
4.589417498363568271e-02
4.643176525257186604e-02
4.705869313422295086e-02
4.796545197270396521e-02
4.866077736519125452e-02
4.957376639692689935e-02
5.044518581112567013e-02
5.168101127626156810e-02
5.293859195761152492e-02
5.420883506981666322e-02
5.550268707434580229e-02
5.687339090146381615e-02
5.831573137242762606e-02
5.987107853555961867e-02
6.153231684108884103e-02
6.346627918262948143e-02
6.511070951773922921e-02
6.691095808723224181e-02
6.892256215979064571e-02
7.105903994669682255e-02
7.301264015937736218e-02
7.513611820177956702e-02
7.737922765579763329e-02
7.958776924098032168e-02
8.198739050912462467e-02
8.420444761838696834e-02
8.674972302661987378e-02
8.937846600040733058e-02
9.202505036043095998e-02
9.473985552071417793e-02
9.733622941809638718e-02
1.001915233973953434e-01
1.028604797391154957e-01
1.059731385929707503e-01
1.089172351570355524e-01
1.119418137538426006e-01
1.151011178153968917e-01
1.182293116093193763e-01
1.213817256084335217e-01
1.245432065817642098e-01
1.279782695884539301e-01
1.314653807350458781e-01
1.350060789903659852e-01
1.383134518877831010e-01
1.418147720562294989e-01
1.454678402955360550e-01
1.491548192880303159e-01
1.528891051986998040e-01
1.566849823184663926e-01
1.603365077455931598e-01
1.643296714342370457e-01
1.682618272710747487e-01
1.720630703158814168e-01
1.761919814126835515e-01
1.802832009872079588e-01
1.842569673522505003e-01
1.885404162895729652e-01
1.926992468820496462e-01
1.968885529891952757e-01
2.013514336566115670e-01
2.056006048157152932e-01
2.100692476146484022e-01
2.143273090451776053e-01
2.189109615772044659e-01
2.233024368952558625e-01
2.279178674917770042e-01
2.324764678159427778e-01
2.371522650441386659e-01
2.419705739440034531e-01
2.465234357301102630e-01
2.513606952799816163e-01
2.561778548192590321e-01
2.609790083499130553e-01
2.660210995344374219e-01
2.709253032100715775e-01
2.757170394315349160e-01
2.810453114764694948e-01
2.858736278085520777e-01
2.909367743489776892e-01
2.961973934833082023e-01
3.012230007005560761e-01
3.065571615906841352e-01
3.117724876400516099e-01
3.169232987917136590e-01
3.220824773238553096e-01
3.276760941451068998e-01
3.328726561673462925e-01
3.382530219516521885e-01
3.437937258081269487e-01
3.491739561952100779e-01
3.547800506971752199e-01
3.603363354074087255e-01
3.657312707629107873e-01
3.714122792837699638e-01
3.769877744521819007e-01
3.826953739276650612e-01
3.883438044528635391e-01
3.942348696610129544e-01
3.999223327932406313e-01
4.057480511128732648e-01
4.113996726890696287e-01
4.173545907696467605e-01
4.233534046487710256e-01
4.290850851468315241e-01
4.350798155387329835e-01
4.409777031115933443e-01
4.470286904132538819e-01
4.531318133012898208e-01
4.590419681766135795e-01
4.652165052855257166e-01
4.713887253879456285e-01
4.773439115618416384e-01
4.835964175647811114e-01
4.897329829476895213e-01
4.959293512502307433e-01
5.022174325626467262e-01
5.084148581513114884e-01
5.145375285098428009e-01
5.209694547870629133e-01
5.272119011255458343e-01
5.335268069211263064e-01
5.399102841275453812e-01
5.464127032757013502e-01
5.529221183446832999e-01
5.593879552089577878e-01
5.657117240996403229e-01
5.719600999014835541e-01
5.787186022255979001e-01
5.852843566423699961e-01
5.916562679623620369e-01
5.983429109993219086e-01
6.048677125725794301e-01
6.115998858159108487e-01
6.182226684951745987e-01
6.248639093710344206e-01
6.315357273671213800e-01
6.381803765920746052e-01
6.450262941067033129e-01
6.517104124243913166e-01
6.584630979086996128e-01
6.650795074508843996e-01
6.721347934297161597e-01
6.787253382533913193e-01
6.856518371246873578e-01
6.922590665915775432e-01
6.988242521746321767e-01
7.050414152587820560e-01
7.112346453149209768e-01
7.174543245737912134e-01
7.232828809165661177e-01
7.287488200499461222e-01
7.341636798905415429e-01
7.395747161650876311e-01
7.448363873319241435e-01
7.499287739613091919e-01
7.547514595867104159e-01
7.593775308607992880e-01
7.640645586307863724e-01
7.685361560104000400e-01
7.727419489986819823e-01
7.768770650230532038e-01
7.807995291010310090e-01
7.849393711323346956e-01
7.885786195675421606e-01
7.920653103264960748e-01
7.955481806058990468e-01
7.988337339990301267e-01
8.020395182582860105e-01
8.050498595483750464e-01
8.080645507658501536e-01
8.108180328874396992e-01
8.134858623659133592e-01
8.159667196004902756e-01
8.183765248712848717e-01
8.205008743579418340e-01
8.228119049641038352e-01
8.249596408163226702e-01
8.267696107358610824e-01
8.284668741360665667e-01
8.301993945522809781e-01
8.319004149101938417e-01
8.332078016300676904e-01
8.346221740004795553e-01
8.357088085036816771e-01
8.369265646585732910e-01
8.381091451089730526e-01
8.388158347361862610e-01
8.395881338358988089e-01
8.402845244515528833e-01
8.407190536787239044e-01
8.414312291128758226e-01
8.415759539222895658e-01
8.418546152127384108e-01
8.420138688227400969e-01
8.420178395527790904e-01
8.420324698016317111e-01
8.418405191413609323e-01
8.415492174753256283e-01
8.412456506362904207e-01
8.407833881427266842e-01
8.404369738879864382e-01
8.398537522681908118e-01
8.391807957786854288e-01
8.384930932095393530e-01
8.374869783129672562e-01
8.366827640089091744e-01
8.357800901181797748e-01
8.346406645476065478e-01
8.335816193486231818e-01
8.324036449851741626e-01
8.311726496312279444e-01
8.296971251010902826e-01
8.281591592230193033e-01
8.267501224837843221e-01
8.252244902603369514e-01
8.233717720181350508e-01
8.217679084882032470e-01
8.200083259707013905e-01
8.180143640474606404e-01
8.161383514665425665e-01
8.140346972297793915e-01
8.120217843636816646e-01
8.098715339257407386e-01
8.076457610392155928e-01
8.053524228898385484e-01
8.031136185606297939e-01
8.004418800016135371e-01
7.981111609016464659e-01
7.957201616715652293e-01
7.928682279928409571e-01
7.903608748433244013e-01
7.876768789768420209e-01
7.848328260080188468e-01
7.818765964428127102e-01
7.790585388315225401e-01
7.759674122327271384e-01
7.729000826586476247e-01
7.698474001704964653e-01
7.667445080784711653e-01
7.635710725702944401e-01
7.602329194360946119e-01
7.570441229197060196e-01
7.534563353305725464e-01
7.503368271814538915e-01
7.467935492014086130e-01
7.432191262769449747e-01
7.396203963655321179e-01
7.359000368258528102e-01
7.324725936384473002e-01
7.287122210937182487e-01
7.248596646353331341e-01
7.210557951656517695e-01
7.170516497673369294e-01
7.131197958410981919e-01
7.094186376424451712e-01
7.051031685483859501e-01
7.011670999955192940e-01
6.971657726051552206e-01
6.928311935024120682e-01
6.886646954554198619e-01
6.844051278657148352e-01
6.801562366867979215e-01
6.758125106514321079e-01
6.714992071985976807e-01
6.670349275138331979e-01
6.626058305882209787e-01
6.580733253158732587e-01
6.535234108387137919e-01
6.488408273511432345e-01
6.442091575782475932e-01
6.396048355508638927e-01
6.348212172007907661e-01
6.300656250431559968e-01
6.254170455717737998e-01
6.205280020912316008e-01
6.157525541896005095e-01
6.106858228692215729e-01
6.057314876313315555e-01
6.007916016433532125e-01
5.957740958682480326e-01
5.906614729401200581e-01
5.856380498130508983e-01
5.804480654458392674e-01
5.752108045084627364e-01
5.701642553105930045e-01
5.649289518700508772e-01
5.597134561413390497e-01
5.542598924472914579e-01
5.491067747649667208e-01
5.436069695954437453e-01
5.382060936379031713e-01
5.328051851278456930e-01
5.273777945881905627e-01
5.218338607027070974e-01
5.164569903037494747e-01
5.108841818177052296e-01
5.052368141115093358e-01
4.995906088563761838e-01
4.940096379569438589e-01
4.883058542594571616e-01
4.826523362267518547e-01
4.769176648282706932e-01
4.710970606262925298e-01
4.651850156462717933e-01
4.594724875384645912e-01
4.537512296337613549e-01
4.478280143682893399e-01
4.419780897665197550e-01
4.359604952061857386e-01
4.300736475539324033e-01
4.240619697676628608e-01
4.180567254029379232e-01
4.119390126959350251e-01
4.060440780483987044e-01
3.998583209174455533e-01
3.937857404510072268e-01
3.875292042198108522e-01
3.816010375972815893e-01
3.754582093751319682e-01
3.692183976663065970e-01
3.630017545933015288e-01
3.567142053839982285e-01
3.504541803560221602e-01
3.440608345099347432e-01
3.377113851896234031e-01
3.316515882812021143e-01
3.252129977079343259e-01
3.186876406041805332e-01
3.122764322564228756e-01
3.058627503185513685e-01
2.994504409862066563e-01
2.929928989136869610e-01
2.864713515768948504e-01
2.800063993224710668e-01
2.735149143570587693e-01
2.670256781971009907e-01
2.603082618827399219e-01
2.537858167396180864e-01
2.470022646794440835e-01
2.404694445315957996e-01
2.338244038084675847e-01
2.272103966685370402e-01
2.205764249840613811e-01
2.137141263586597173e-01
2.070142065025335487e-01
2.003654848989244730e-01
1.937692450794101795e-01
1.874860907662792009e-01
1.811308666983326709e-01
1.750922523249556217e-01
1.691771584356775993e-01
1.634808265900382640e-01
1.577652324813614282e-01
1.522821105414111642e-01
1.473012416453953755e-01
1.420828877160760229e-01
1.373035509839366508e-01
1.325078632135197054e-01
1.277657899410640230e-01
1.233402059490664726e-01
1.189905104918245193e-01
1.146087367441577243e-01
1.105931410249567648e-01
1.067247543150255940e-01
1.031270683501392949e-01
9.942488914231040198e-02
9.607170343598969708e-02
9.268682970701558332e-02
8.946149500491107354e-02
8.635849472791945480e-02
8.355586415946936185e-02
8.077997950678228456e-02
7.794517415987778364e-02
7.542006827492286902e-02
7.272527798452488312e-02
7.072088914752039379e-02
6.848073131701792882e-02
6.657902550728556079e-02
6.449813484851141254e-02
6.277930450998003842e-02
6.100673383331556288e-02
5.935652899545629246e-02
5.815303182777009638e-02
5.681536206848725179e-02
5.555033681861254458e-02
5.444306393118258924e-02
5.350223043690816027e-02
5.258731558241458437e-02
5.174990132749424099e-02
5.114250215512794462e-02
5.070800581503664972e-02
5.029822871171174548e-02
4.982413073920954893e-02
4.947680852661395789e-02
4.957996499654648836e-02
4.955111432149950090e-02
4.945779531964822340e-02
4.972137017677358273e-02
4.982338875903802311e-02
5.030134923033213745e-02
5.087771337461388654e-02
5.126908156923248860e-02
5.179287377979302498e-02
5.252979047211647767e-02
5.333313140432172084e-02
5.415902313953857572e-02
5.508485913168792436e-02
5.611869603689445540e-02
5.732357710802715722e-02
5.831246224025643521e-02
5.944872194432071488e-02
6.093903939428102490e-02
6.243663257043485793e-02
6.385204444287317926e-02
6.541285265160801110e-02
6.709737338503396487e-02
6.885773436304742923e-02
7.065201893303574288e-02
7.242096952055976367e-02
7.432175658212969438e-02
7.640207523774456000e-02
7.835856933386908807e-02
8.058924496066932619e-02
8.271891518579677083e-02
8.504383287227867960e-02
8.731379255359472680e-02
8.977183772891272895e-02
9.228712792949256283e-02
9.481690301559253520e-02
9.754859513061275855e-02
9.998959151758635144e-02
1.028975888931622507e-01
1.057074087534268791e-01
1.085853021880820446e-01
1.113184610381976469e-01
1.143493361040688328e-01
1.175451914315996937e-01
1.205771656113161505e-01
1.236755047767572613e-01
1.268204225851983225e-01
1.301125542760825926e-01
1.333669517562627860e-01
1.368606521703428225e-01
1.403499636945386708e-01
1.437228990684000784e-01
1.473131677349095447e-01
1.510448796953227646e-01
1.547120170328564193e-01
1.583336432105979519e-01
1.621951809643924491e-01
1.660296592551380179e-01
1.697258981023077595e-01
1.736721138075068005e-01
1.774860682663448319e-01
1.815783241350736876e-01
1.856031276206595582e-01
1.898366641299087387e-01
1.937980608845151220e-01
1.982050125194378953e-01
2.023299189534171205e-01
2.068023595186652130e-01
2.111188362703917409e-01
2.154252614308325153e-01
2.197645563697685489e-01
2.244258043355555898e-01
2.289619802733637854e-01
2.333724829025776160e-01
2.381571111615121694e-01
2.426862892344601175e-01
2.472387564971478824e-01
2.520150264390945694e-01
2.569294613350439072e-01
2.616998823274940822e-01
2.666786339562334796e-01
2.715950114028753415e-01
2.764063516311814350e-01
2.813116840566696197e-01
2.862430540798737155e-01
2.913473836579023590e-01
2.965299118576814053e-01
3.014594181921104177e-01
3.066749860459503374e-01
3.119956229513205503e-01
3.172131030596385681e-01
3.223234413345348326e-01
3.277252666339216525e-01
3.330814036936868838e-01
3.383377312310775764e-01
3.439316494372182120e-01
3.493262144281250592e-01
3.547402330812132742e-01
3.603182441743122411e-01
3.657022307310400233e-01
3.713209270273902796e-01
3.769433224373446301e-01
3.825980343017978402e-01
3.882838541161046653e-01
3.939440990653211294e-01
3.996306129321343104e-01
4.052975372269427279e-01
4.111126555646136271e-01
4.170619411593869952e-01
4.229215112760729145e-01
4.286809684464889525e-01
4.344834346126420499e-01
4.404527199549943539e-01
4.466730688026807616e-01
4.524737769425257738e-01
4.586294020309571451e-01
4.646633538761071325e-01
4.707318028382025954e-01
4.767335180462526356e-01
4.828167967347392064e-01
4.890132635574448994e-01
4.951635477667342133e-01
5.014379145536285165e-01
5.076562488449416488e-01
5.139618349935424213e-01
5.201965830800205914e-01
5.265916696500829719e-01
5.327625911979161355e-01
5.392472474769991475e-01
5.456814159746228299e-01
5.519759852194678906e-01
5.583484738209221199e-01
5.647298262895867893e-01
5.711853342411969958e-01
5.776440875841022393e-01
5.842157873497948462e-01
5.908454957560964615e-01
5.972614255039336850e-01
6.038251917701165095e-01
6.104418056923324176e-01
6.170706747279763871e-01
6.236339188084756291e-01
6.304121571518173095e-01
6.370563198382712677e-01
6.437897843974127454e-01
6.503563230939910511e-01
6.570337850584091477e-01
6.638698018326747441e-01
6.706536913640885889e-01
6.776872867917598242e-01
6.843388487886727933e-01
6.909474912217519194e-01
6.974177646222639027e-01
7.037533402188478338e-01
7.099548720071049424e-01
7.158742477669008952e-01
7.214945140342521324e-01
7.274098422584795998e-01
7.327568998388735988e-01
7.381367654034802772e-01
7.432894495468231888e-01
7.483952883542179801e-01
7.532726353818546272e-01
7.579516864277719979e-01
7.626012801015176201e-01
7.669191630614720090e-01
7.710895353885269810e-01
7.753930262357504599e-01
7.793337673678590871e-01
7.831723864295083715e-01
7.869723741805008110e-01
7.904407771969081953e-01
7.939633946698263500e-01
7.972450309012271141e-01
8.004986932413682421e-01
8.033029169857159868e-01
8.063073682383954388e-01
8.090418306933659931e-01
8.116728971432953799e-01
8.141607399701551451e-01
8.165895517689676364e-01
8.190080500066547753e-01
8.209684561819574622e-01
8.229577395112190885e-01
8.247850416857391842e-01
8.268465123993600230e-01
8.283262769956929450e-01
8.298996536925280498e-01
8.314041718423690330e-01
8.327497904706604448e-01
8.339267050987022589e-01
8.349693777689832785e-01
8.360608227416921334e-01
8.368112647282257566e-01
8.376312524160018924e-01
8.381783069524642027e-01
8.388390262865452751e-01
8.392523802129252530e-01
8.396096389318747910e-01
8.399048213394995077e-01
8.400011032447374237e-01
8.400476389309079472e-01
8.399212303067480345e-01
8.397176141527118443e-01
8.396342302489638865e-01
8.392475484053050216e-01
8.387039236260893649e-01
8.383470171385627445e-01
8.378310007439673246e-01
8.370835032701113843e-01
8.364125052721058662e-01
8.354855624885988430e-01
8.345956434850485550e-01
8.337306947928537770e-01
8.325216095652665516e-01
8.313767218614240839e-01
8.301540079156759511e-01
8.289248884387729888e-01
8.275570282017878920e-01
8.261155243269793225e-01
8.245087646584414731e-01
8.229348208431028766e-01
8.213146186182365138e-01
8.194780900138456392e-01
8.176667022447854372e-01
8.156896564485762724e-01
8.138461838557482508e-01
8.120465448983129608e-01
8.096828657906189886e-01
8.075492048057737460e-01
8.054429922345047732e-01
8.028866736225268586e-01
8.007478532428424778e-01
7.982311156128991669e-01
7.957493476674954991e-01
7.932816911906035440e-01
7.904950081127068984e-01
7.878933382161352750e-01
7.852346191048062973e-01
7.825737961101031370e-01
7.795454624564148727e-01
7.765663822630399782e-01
7.736457508893874735e-01
7.706110728624162576e-01
7.675704824796369952e-01
7.643938983754023919e-01
7.611645115805893980e-01
7.579973249555722603e-01
7.546261201306543320e-01
7.511680527549247088e-01
7.477537441475083924e-01
7.443672927362243730e-01
7.408436503475379631e-01
7.371273404378253513e-01
7.334701482494760949e-01
7.299411573068501635e-01
7.262260598262746392e-01
7.224134919355154061e-01
7.184701291513722055e-01
7.147402181296778068e-01
7.108917988061704829e-01
7.068285931992317472e-01
7.027737547325607625e-01
6.987240934800476033e-01
6.944965714220270314e-01
6.904236802677097273e-01
6.863361822221896169e-01
6.818967915405671487e-01
6.776052699552439496e-01
6.731829150381900551e-01
6.690266972397738154e-01
6.646460817704054058e-01
6.600651116305276123e-01
6.554950114297493080e-01
6.509891261102644933e-01
6.463876056478681242e-01
6.417196402419660384e-01
6.370381221041583331e-01
6.323008769221993841e-01
6.276324309287559799e-01
6.227244079344029792e-01
6.178585792532667043e-01
6.129951236120245728e-01
6.082270781385492597e-01
6.032833327521502920e-01
5.981292716541104504e-01
5.932035343065371613e-01
5.881562788717495938e-01
5.829941378031533450e-01
5.779840721540130399e-01
5.726904694821246533e-01
5.675458940856692447e-01
5.622768117555834166e-01
5.570467517692068160e-01
5.516841150426710083e-01
5.462878521805525356e-01
5.410482329099117749e-01
5.355584915358411191e-01
5.301765274499856684e-01
5.248379649820136272e-01
5.193813916616334403e-01
5.137383306593119592e-01
5.082346959868235814e-01
5.025844779851103006e-01
4.969037638916171673e-01
4.913224983542683333e-01
4.855363230389950768e-01
4.797883157819899935e-01
4.742572701682521430e-01
4.684318053442428909e-01
4.626008453790231290e-01
4.569574120829205111e-01
4.508749082774996531e-01
4.450956391155760361e-01
4.391877746901764468e-01
4.333981499113215285e-01
4.272429387960425817e-01
4.213683451373222422e-01
4.152153725045142352e-01
4.091793149140612318e-01
4.032130997841958386e-01
3.970846835063226443e-01
3.911330168422164633e-01
3.849371734880673301e-01
3.787295210949543911e-01
3.726008945967076436e-01
3.664633917988313616e-01
3.601569477329455982e-01
3.539605390791717987e-01
3.474903087572975835e-01
3.412325765204855532e-01
3.349961333096269644e-01
3.288266778921595801e-01
3.223658180370030379e-01
3.160811076476706116e-01
3.094159830474572104e-01
3.030242131496589941e-01
2.966287965174536634e-01
2.900993362087864735e-01
2.836300938189622034e-01
2.771538357850273915e-01
2.706924347394155106e-01
2.640172752986544857e-01
2.575342357226886314e-01
2.510347111680155674e-01
2.441972594307029176e-01
2.378292929008718470e-01
2.310129118691259809e-01
2.244924675605122211e-01
2.177190703636426861e-01
2.110661588244155951e-01
2.042719540720372429e-01
1.975039738179524829e-01
1.909291404217396959e-01
1.846219348295234930e-01
1.783114474326141785e-01
1.721565716428103965e-01
1.664805561769071574e-01
1.605999726189273336e-01
1.550229901760544760e-01
1.496833399020049971e-01
1.444198182074978298e-01
1.394294134272795471e-01
1.344681821964486268e-01
1.296138382970546399e-01
1.249007333986604795e-01
1.204396898057971121e-01
1.161197186133247072e-01
1.119370406786417416e-01
1.080115602667111041e-01
1.040344154325758552e-01
1.002638062493368398e-01
9.662951742572012392e-02
9.324634537201115236e-02
8.980119018808641052e-02
8.648538756654589044e-02
8.349213564151902744e-02
8.059614689873106919e-02
7.771303545981522731e-02
7.512521401810512423e-02
7.265675128719939480e-02
7.015032277742294653e-02
6.777726659628635630e-02
6.559693041695369153e-02
6.338090279482933020e-02
6.176530145405556560e-02
6.001303687319503588e-02
5.830198708872802449e-02
5.660420566386981100e-02
5.511675725123654779e-02
5.390840206397440326e-02
5.267155430136072347e-02
5.155095977173562716e-02
5.058001810666712394e-02
4.971112439339187006e-02
4.902809505651029021e-02
4.830390971670173172e-02
4.772891521595568065e-02
4.713774755602684330e-02
4.688756266910032444e-02
4.670324682696636032e-02
4.650077801867080751e-02
4.657703668140023012e-02
4.669503748303238666e-02
4.669187375242178639e-02
4.708781857418142813e-02
4.737266860893618592e-02
4.783445784305850879e-02
4.829242692461743758e-02
4.886608216810661709e-02
4.963970770561587642e-02
5.035198198034018802e-02
5.113027944091408372e-02
5.212314803738693492e-02
5.309408675350812956e-02
5.424429081096060479e-02
5.540604374947744049e-02
5.675631081462628735e-02
5.793939665440106523e-02
5.956053882735212746e-02
6.092790218821142467e-02
6.257164943320714379e-02
6.408974442931758553e-02
6.585942648430598290e-02
6.760570625327289029e-02
6.949699533741471313e-02
7.150859953194310670e-02
7.339048403848469349e-02
7.537900027551569515e-02
7.753170577996737478e-02
7.986554547431845563e-02
8.200441226477184209e-02
8.446050679447836274e-02
8.692707070142025039e-02
8.928156943883669427e-02
9.192978226789194629e-02
9.446372008132764009e-02
9.710328494915776432e-02
9.999825214424262754e-02
1.027531709998268372e-01
1.055442609220846872e-01
1.085640672223977532e-01
1.114102055064316588e-01
1.144409973097075817e-01
1.174841918198086255e-01
1.204952005841031237e-01
1.240400959826710725e-01
1.270701988280458217e-01
1.304426021701536875e-01
1.340040795029646681e-01
1.373544005291429393e-01
1.411080431557487636e-01
1.444077773952912036e-01
1.479513436322401621e-01
1.517222376105153980e-01
1.555191318400153122e-01
1.591458489186294845e-01
1.630041043452226113e-01
1.668790860754676419e-01
1.707530560519006091e-01
1.745906948276854109e-01
1.785269426106808055e-01
1.826677807580132651e-01
1.869446676259272078e-01
1.909385222240931324e-01
1.951480813434658401e-01
1.994680779882038735e-01
2.038171588640733667e-01
2.080193280299109659e-01
2.123349692823179868e-01
2.168860695821723805e-01
2.215347752646739110e-01
2.258457704653480391e-01
2.305136545496309086e-01
2.351398227039314115e-01
2.396816536709913681e-01
2.444795845232705656e-01
2.490799971088604181e-01
2.539462748635135103e-01
2.587823962284800938e-01
2.636153387214403843e-01
2.685292217492334377e-01
2.734011626070909085e-01
2.783203600562549340e-01
2.833674801838186319e-01
2.883416255974950992e-01
2.934473019973866670e-01
2.985812527387288196e-01
3.036320973568191750e-01
3.090696513672057666e-01
3.141732264982819434e-01
3.196500978808782811e-01
3.249577386116830890e-01
3.301243629702867999e-01
3.353320026693804579e-01
3.407696336183365649e-01
3.461632137883918769e-01
3.518155131372608935e-01
3.572898002424957919e-01
3.627483959122943524e-01
3.685520036886231754e-01
3.741115480810044414e-01
3.796381423693726553e-01
3.852044598178725465e-01
3.909595206089917507e-01
3.966444401212667614e-01
4.024292531720563559e-01
4.081128512913545503e-01
4.140966176364075935e-01
4.198413856526519439e-01
4.258588038791570884e-01
4.317360485648753521e-01
4.374677574523340162e-01
4.435759560428975679e-01
4.495387796089589383e-01
4.555854654370414814e-01
4.614562331382947580e-01
4.677263267305196148e-01
4.736857881843392626e-01
4.799277753565740490e-01
4.860294148051589325e-01
4.921806428832136149e-01
4.984399863065269720e-01
5.045130559320905039e-01
5.108315732133785758e-01
5.173007607382584805e-01
5.234323112772665265e-01
5.298194990472842036e-01
5.360991417484308741e-01
5.424719635961754438e-01
5.489120571621892708e-01
5.553641951158607704e-01
5.616379036421739190e-01
5.682054468208694864e-01
5.747256557059274851e-01
5.811482977050497212e-01
5.877803923065159086e-01
5.942328260725606714e-01
6.009164324936488999e-01
6.073891299636686725e-01
6.139439032011200226e-01
6.206606198385100637e-01
6.274448899662747881e-01
6.337993246401656400e-01
6.407646265349720149e-01
6.473845005899352412e-01
6.543016151223386423e-01
6.609506719752733517e-01
6.678582172794254035e-01
6.745368153371975595e-01
6.813995943608670558e-01
6.880832160823384669e-01
6.945330792163164624e-01
7.008371110273357019e-01
7.068866291496325172e-01
7.128001700572192956e-01
7.185326938297948995e-01
7.242865868400718554e-01
7.298559949166938399e-01
7.349531231960952926e-01
7.404114324024899663e-01
7.454367640312424825e-01
7.501964431649918996e-01
7.549404754577624388e-01
7.595393853697265385e-01
7.639285809830118623e-01
7.680508067488600599e-01
7.724596729747048585e-01
7.763797553890559033e-01
7.799985600083874093e-01
7.839122141397283361e-01
7.874153155325678277e-01
7.909618943208158726e-01
7.942384524547447811e-01
7.972613571680100542e-01
8.004137687268662038e-01
8.032424726172666674e-01
8.061121298914504241e-01
8.085218175048134448e-01
8.112925253047771346e-01
8.136248075178398320e-01
8.158051097142118291e-01
8.181770269014119190e-01
8.200486390426211525e-01
8.220150665830321390e-01
8.236358192083335084e-01
8.253570539696759578e-01
8.269967277371175207e-01
8.281877881068320235e-01
8.296455693753159721e-01
8.308540772894641435e-01
8.318792271183341747e-01
8.329312228718745992e-01
8.338395202287989250e-01
8.345951576715380238e-01
8.352459661894107157e-01
8.357317236899268753e-01
8.362637125369023483e-01
8.365127198518889085e-01
8.369090694447369749e-01
8.370709683281238878e-01
8.369439565341527665e-01
8.369252052042472911e-01
8.367913607244001906e-01
8.365253322494188293e-01
8.363345623940152684e-01
8.356881734317900268e-01
8.353499061989713148e-01
8.348422842478735451e-01
8.341475683113850348e-01
8.332550355337891013e-01
8.324978186843525751e-01
8.315625182942540938e-01
8.307783132823334249e-01
8.294809975074639574e-01
8.284691381841529090e-01
8.273359186820177236e-01
8.258113184232431792e-01
8.244439045336466876e-01
8.231585985049778564e-01
8.216405168848925911e-01
8.198936853382146062e-01
8.183554776280315135e-01
8.164129890485489760e-01
8.146682406118357367e-01
8.127805097972484738e-01
8.108141836477955611e-01
8.087648808706229264e-01
8.068861407529195340e-01
8.045254015892926436e-01
8.023435327298982234e-01
8.000044077019063948e-01
7.976258317187687741e-01
7.953831117549423624e-01
7.927673956901961638e-01
7.902102128118202451e-01
7.876470994551594274e-01
7.848143955920412473e-01
7.821526855893481400e-01
7.794295141128499971e-01
7.765845405131712731e-01
7.735325699112265418e-01
7.706800675550220525e-01
7.675488948906974418e-01
7.645956604022998704e-01
7.612576382221041271e-01
7.582125421333965054e-01
7.548365905224216910e-01
7.515865659183835756e-01
7.480608697167572263e-01
7.447475212083034535e-01
7.412685290587661679e-01
7.376217634995727579e-01
7.342300272751882684e-01
7.306186809000076998e-01
7.269360289223314453e-01
7.232076183599873698e-01
7.192287894113993385e-01
7.155247397673609733e-01
7.116570023324384486e-01
7.076678529390809658e-01
7.038191801562168060e-01
6.997567871439906995e-01
6.955128319768608680e-01
6.915545299670473600e-01
6.873142098053344196e-01
6.831146066584043997e-01
6.789091864397354126e-01
6.745994421711842826e-01
6.702663017796748335e-01
6.660050910893762222e-01
6.614412401839158129e-01
6.569041919187204037e-01
6.523646740118997922e-01
6.478902747019770203e-01
6.431698992390484371e-01
6.386921006339609796e-01
6.340348015342802679e-01
6.292606299244365431e-01
6.245958464687100253e-01
6.196167024975209880e-01
6.148452992129824768e-01
6.100418516300041283e-01
6.051032282690342878e-01
6.000710521196506164e-01
5.954557546751864106e-01
5.902620682437236255e-01
5.850319180216996262e-01
5.798772617426153353e-01
5.748151144157782610e-01
5.698261449076180707e-01
5.645239233947134672e-01
5.593558797938453786e-01
5.537996208342519378e-01
5.487251470258340813e-01
5.434985221645731723e-01
5.380603081607144844e-01
5.324191373265980687e-01
5.271887791849572125e-01
5.217611405196560526e-01
5.161175901171335401e-01
5.105996793218410268e-01
5.050566088906884854e-01
4.995153145786905835e-01
4.939270930766399559e-01
4.883832685655233874e-01
4.826631888976249396e-01
4.767813954525546016e-01
4.711666286781905910e-01
4.655196699470445232e-01
4.595451463894733024e-01
4.537175792678511677e-01
4.479728908496785067e-01
4.420695023277509961e-01
4.361191084289679498e-01
4.302534619422333506e-01
4.242227700681369118e-01
4.183193297263252397e-01
4.122233862841275798e-01
4.061858485868197199e-01
4.001481644644591107e-01
3.940624538585832948e-01
3.880540816602051635e-01
3.818693277116775864e-01
3.756611335529160822e-01
3.695753769841048086e-01
3.634441373793033669e-01
3.570690470094188829e-01
3.508373669233841863e-01
3.445325390335893800e-01
3.383786551782215213e-01
3.320983106650574612e-01
3.257642596224832321e-01
3.193030094599953461e-01
3.129316124193419757e-01
3.064564150759250261e-01
3.000327894627621284e-01
2.936358685988009753e-01
2.871082880696393946e-01
2.806862023653333704e-01
2.741329206215750158e-01
2.674912594158196377e-01
2.610897864860932671e-01
2.546121309074926842e-01
2.478688924507110869e-01
2.413239524735746322e-01
2.347389866356419663e-01
2.280650427904760136e-01
2.213993471081607822e-01
2.146631699447358876e-01
2.078177188325551761e-01
2.013565539003192573e-01
1.947324908706673519e-01
1.881634075370421932e-01
1.820797876793529557e-01
1.760010493831902778e-01
1.702580658164170035e-01
1.644509587851723520e-01
1.588202280282000611e-01
1.533092572817755794e-01
1.482827827849551028e-01
1.431724092615522803e-01
1.382842120005531861e-01
1.335547783685817613e-01
1.289598982113644432e-01
1.244874760008078951e-01
1.199323783792340947e-01
1.157925311124503587e-01
1.119055565171951372e-01
1.080730164055228038e-01
1.043638981070007521e-01
1.005894891515839440e-01
9.709375746380732863e-02
9.390033180442514116e-02
9.067442542840931097e-02
8.766050887070986342e-02
8.456573585106541557e-02
8.186423911934093134e-02
7.923971218846270759e-02
7.673131051845216710e-02
7.417311791931324727e-02
7.202534485162903621e-02
6.974534947180344169e-02
6.773989405976665878e-02
6.588243222141931810e-02
6.405865416566713932e-02
6.246328025466052480e-02
6.085967364172595317e-02
5.947584837182673390e-02
5.830836159123276019e-02
5.681288219034086318e-02
5.572601428272871971e-02
5.478845026735079671e-02
5.385761399625543788e-02
5.335472439633837105e-02
5.257494924973915573e-02
5.205654961752248511e-02
5.163510789250480570e-02
5.116170299709632552e-02
5.109503544761806459e-02
5.092719591563077408e-02
5.092569380774958354e-02
5.099722222364566626e-02
5.118359394618332558e-02
5.142653483010106719e-02
5.187220448382956484e-02
5.233326957713191341e-02
5.280083331571838734e-02
5.340383277335725154e-02
5.398859801251898460e-02
5.484931152190353210e-02
5.568716915168381298e-02
5.674711487897221573e-02
5.764488752512675340e-02
5.863739743545370864e-02
6.003327680457459792e-02
6.110100937534235221e-02
6.260268558897474911e-02
6.394792206257382539e-02
6.538005519491818518e-02
6.708113329695430949e-02
6.874325484219490079e-02
7.037496577314361623e-02
7.218582228136138923e-02
7.414266676124947608e-02
7.606313509187789812e-02
7.797012857241458761e-02
7.991024998223217324e-02
8.219691686836894107e-02
8.434529469513352140e-02
8.670752173417306530e-02
8.909295806553485519e-02
9.151940921598855638e-02
9.395385034363323840e-02
9.644604441250792526e-02
9.901629841281844868e-02
1.018246247192706733e-01
1.045671786456932040e-01
1.073714877041376248e-01
1.102543791133641093e-01
1.131647472449766045e-01
1.160416885010331356e-01
1.190764649020470412e-01
1.223407727864478378e-01
1.254618872722523815e-01
1.288410672850921479e-01
1.321130314325222876e-01
1.352250387683799904e-01
1.386648211242880180e-01
1.421047578043286297e-01
1.455842403038074551e-01
1.490187217269989262e-01
1.527778051432144846e-01
1.564810038401136527e-01
1.601420994848063994e-01
1.640091839887973801e-01
1.678427792760597281e-01
1.715388531700896557e-01
1.754157566696343817e-01
1.794788983108597247e-01
1.835724930041415792e-01
1.877665520459823600e-01
1.916391496640987846e-01
1.957590087040599336e-01
2.001346348032613243e-01
2.043251176268614522e-01
2.087342488373480354e-01
2.129505473254278414e-01
2.173485020643108889e-01
2.216821423944135283e-01
2.262307470785824837e-01
2.307139492917389401e-01
2.353545874994640297e-01
2.399317528185564985e-01
2.446771781517065314e-01
2.492413067379879443e-01
2.539586556018049723e-01
2.586271339839010253e-01
2.636037872531786785e-01
2.683989397190500448e-01
2.734362579222022749e-01
2.782722021496615294e-01
2.830512875671074013e-01
2.881937177214490831e-01
2.932544114458719431e-01
2.984499358633345700e-01
3.036945665088448543e-01
3.085005118228936194e-01
3.138783725428007099e-01
3.192077423960915095e-01
3.243376266503124050e-01
3.297758750229600189e-01
3.351366859640669826e-01
3.402635014728150331e-01
3.458958513804464285e-01
3.514644858684510265e-01
3.567887989690941009e-01
3.622583962790348888e-01
3.677463132135108115e-01
3.733688174446661012e-01
3.789752684380953696e-01
3.846315644299427294e-01
3.902853948810498519e-01
3.959096321482047376e-01
4.018100081570110671e-01
4.074865688067623726e-01
4.132857665149503035e-01
4.189131624689610423e-01
4.249265745712331732e-01
4.306572311637355543e-01
4.366860843067064124e-01
4.428075038708596534e-01
4.486070260199288562e-01
4.544978638333456722e-01
4.604645671132328033e-01
4.666129719565377254e-01
4.726456228881010802e-01
4.787307340233617481e-01
4.848135182231465556e-01
4.909662021839078516e-01
4.973662509215179828e-01
5.033973187733917776e-01
5.096127322438415153e-01
5.159370320779093078e-01
5.222150549651976004e-01
5.285326786216828499e-01
5.348487800730303832e-01
5.411813404158778429e-01
5.476797793973704476e-01
5.539616012256416422e-01
5.604997923611210187e-01
5.668411431641251497e-01
5.732597220667579041e-01
5.797855201541595171e-01
5.863412273675387976e-01
5.928114557676500418e-01
5.992864292888624433e-01
6.060256347043444514e-01
6.125534418402012182e-01
6.192774614596985305e-01
6.258567263346588305e-01
6.325057408859999786e-01
6.392464633720928990e-01
6.458461819933525305e-01
6.524907469030618579e-01
6.592433038818037438e-01
6.661680641411185100e-01
6.729012398979730136e-01
6.796121521824887157e-01
6.864355178102283794e-01
6.931737624234406425e-01
6.995574962873696290e-01
7.058707480009343005e-01
7.120166508479421896e-01
7.180850505549873919e-01
7.237466840881248142e-01
7.293036255206737373e-01
7.350230994719699762e-01
7.402160239308586132e-01
7.455777323643233423e-01
7.505074334628851762e-01
7.552680361762480477e-01
7.602201880288825819e-01
7.646549059699021544e-01
7.692022576691137647e-01
7.733600353337204414e-01
7.775004725022394148e-01
7.815459625967162705e-01
7.853925354241604317e-01
7.891569281743626707e-01
7.926862112019417150e-01
7.959754792910262999e-01
7.993403634807774161e-01
8.025823384254024973e-01
8.056118351580423553e-01
8.084475837012303767e-01
8.111563710998170862e-01
8.137582801349518835e-01
8.164088580261437134e-01
8.188067119414728090e-01
8.210490696721093329e-01
8.231459995754846215e-01
8.251608016058149531e-01
8.270254897750326517e-01
8.290176834673337325e-01
8.306066163613199382e-01
8.320637281201266333e-01
8.336493609950856865e-01
8.349613299244333930e-01
8.361824199194802798e-01
8.371554240582326223e-01
8.381744138957074597e-01
8.391921651787181968e-01
8.396835167213612117e-01
8.404713231104286031e-01
8.410016507927733365e-01
8.416554539204390561e-01
8.419935247509260368e-01
8.420995409964850964e-01
8.421532906904498628e-01
8.423318640877548447e-01
8.421858985853545310e-01
8.421913840040022858e-01
8.417534875517322934e-01
8.414261320213660689e-01
8.410869416628830031e-01
8.405949928880014355e-01
8.398896418168582123e-01
8.393036608627983952e-01
8.386031069974386742e-01
8.378001525503604441e-01
8.368501995077204381e-01
8.359548374480239019e-01
8.346980426537684572e-01
8.337226337648511176e-01
8.323580447655842818e-01
8.311052768393585310e-01
8.296017935968686974e-01
8.282743094883691093e-01
8.266328692621702778e-01
8.250422698438684144e-01
8.234662537983796771e-01
8.216310681403480309e-01
8.199525261845803659e-01
8.179189159535671383e-01
8.158934004886189140e-01
8.139114511158320742e-01
8.119192244009572068e-01
8.098135344247208156e-01
8.075378734030493888e-01
8.052898273441611021e-01
8.030562041267259588e-01
8.003792360367187886e-01
7.980053431397016173e-01
7.953883789150166805e-01
7.928091486772834706e-01
7.901658995380431705e-01
7.875034192756726892e-01
7.845627324748674081e-01
7.817626391813368159e-01
7.789075971007213273e-01
7.760903678045940612e-01
7.728660455494260617e-01
7.698051027364793963e-01
7.664612173929872263e-01
7.633637550225584878e-01
7.601863423355215144e-01
7.568698468900070253e-01
7.535756736824985591e-01
7.500273016618395072e-01
7.464868203117041023e-01
7.431953144863334693e-01
7.395399606734700537e-01
7.358474162724810697e-01
7.322210337082897258e-01
7.283690035898318094e-01
7.246446500542340630e-01
7.206991823577215683e-01
7.168947310171920329e-01
7.130486478738617961e-01
7.089814423897267126e-01
7.048510442888136218e-01
7.010060413807637225e-01
6.966909866929378303e-01
6.926799304279724900e-01
6.883963333068043866e-01
6.841502072658740552e-01
6.798009473649226919e-01
6.756138139293428324e-01
6.711872980577282544e-01
6.665790745125403927e-01
6.622714716340114549e-01
6.577642216386292429e-01
6.531171960475736782e-01
6.485940825252713982e-01
6.438788702105280315e-01
6.393423943979452684e-01
6.346299497938807654e-01
6.297627893379522668e-01
6.249639339485202338e-01
6.202018179386543650e-01
6.151776753153659349e-01
6.103372977188530335e-01
6.054285718717318243e-01
6.003999793852063949e-01
5.955784977913256562e-01
5.904549555853859655e-01
5.854192474856365624e-01
5.800621065079480942e-01
5.750144928223106522e-01
5.698059491020692757e-01
5.644980308671365687e-01
5.592330027377196977e-01
5.539914093736144629e-01
5.487056382678647815e-01
5.433093339030663493e-01
5.378223427837991455e-01
5.323698135266046183e-01
5.271337712270502962e-01
5.215977491392522758e-01
5.160976158880803411e-01
5.103852810129503315e-01
5.047241295522264526e-01
4.991865757020927941e-01
4.934790180615200583e-01
4.878833460971083724e-01
4.821050634452435091e-01
4.765373602221676386e-01
4.705288716526281334e-01
4.648569230614185699e-01
4.590853990482088864e-01
4.531191369891476306e-01
4.473997211143256880e-01
4.415181242688654972e-01
4.353000246080656055e-01
4.295464976985832184e-01
4.236102671343213721e-01
4.176102486133419500e-01
4.117256259854074063e-01
4.056027465779108443e-01
3.994688623585356257e-01
3.932613134269069555e-01
3.872936183983688441e-01
3.808678248262218347e-01
3.748523696972583252e-01
3.685986303620025772e-01
3.623221353500984954e-01
3.561910362321403234e-01
3.498818708929736232e-01
3.435502944484820631e-01
3.373910863414633088e-01
3.309549841191448127e-01
3.245055594380725772e-01
3.180734864791769922e-01
3.118466204924168483e-01
3.053391066382882268e-01
2.988636024383866108e-01
2.925188612920146536e-01
2.858750411686754589e-01
2.794752357422034539e-01
2.729932698857702178e-01
2.664466372803679928e-01
2.596666996106313796e-01
2.532955225275215216e-01
2.466955000487116578e-01
2.398324069617392418e-01
2.333943126991169237e-01
2.265935656175113166e-01
2.198771976528377525e-01
2.132676089674088171e-01
2.065069857354928651e-01
1.997682186934122139e-01
1.931721554014591558e-01
1.868773279647202301e-01
1.806502324240188972e-01
1.745339212899037484e-01
1.687514466711907968e-01
1.628487095559749687e-01
1.573492528919997469e-01
1.519812051223523586e-01
1.466977924219565743e-01
1.415501035964739085e-01
1.367047824496796515e-01
1.318215767989936449e-01
1.272060534482744032e-01
1.227817975397675898e-01
1.184825731420644512e-01
1.143060773133870445e-01
1.102494255872086271e-01
1.062312383155639139e-01
1.024544808410770003e-01
9.887894392189866544e-02
9.549645261205341740e-02
9.217451710198254489e-02
8.877958225349624755e-02
8.581329037064788778e-02
8.283921414745298861e-02
8.000529359243424565e-02
7.745935269781867305e-02
7.486681616445767240e-02
7.253030156872797285e-02
7.014775474196865979e-02
6.787558638278201606e-02
6.580476535115686865e-02
6.410387893597646602e-02
6.225747628876177053e-02
6.055129885414500812e-02
5.887390129779057624e-02
5.758354410776278520e-02
5.636893198621373280e-02
5.488402894055144365e-02
5.374703927865365216e-02
5.303677489661851041e-02
5.198766033203749970e-02
5.123043569195306901e-02
5.057817212647242044e-02
5.005571145499287944e-02
4.963202424026524895e-02
4.904916407218706809e-02
4.896398588514960792e-02
4.887173376561415594e-02
4.887055355226666009e-02
4.886934873455683892e-02
4.887187246896163018e-02
4.927344208068018538e-02
4.970023749850027706e-02
5.012503120604772100e-02
5.054124454935648991e-02
5.115278118120092365e-02
5.179869376011692061e-02
5.257726924311234562e-02
5.330691432850520606e-02
5.430325109020106567e-02
5.560984538026736423e-02
5.658443733972595702e-02
5.768816773694696032e-02
5.905849583601763264e-02
6.042667436120741087e-02
6.165995549158109768e-02
6.309237694786418160e-02
6.489947282809516160e-02
6.640525249255135876e-02
6.814381688683179839e-02
6.985031043581679810e-02
7.176089705174737432e-02
7.365219912054765672e-02
7.568006515584113636e-02
7.782377271559037801e-02
7.990140212647300899e-02
8.220372925537389186e-02
8.448348264283467302e-02
8.672843095166360428e-02
8.924105428431317044e-02
9.171874276171010365e-02
9.418277525672658079e-02
9.671664005448299406e-02
9.942347836777187808e-02
1.021148006390164564e-01
1.051934656815960434e-01
1.077258738388402470e-01
1.106521503494919401e-01
1.137557774476463113e-01
1.166526992890795089e-01
1.199497373656293053e-01
1.229063647330328468e-01
1.262591378493369554e-01
1.294372790829316777e-01
1.328436047583863022e-01
1.361677160311531853e-01
1.396706822540136894e-01
1.432588939953236551e-01
1.466341547161427172e-01
1.503358920628006246e-01
1.540268355484781804e-01
1.575754504442032911e-01
1.615962980081997458e-01
1.652543946724669421e-01
1.690412754762984360e-01
1.728592939846220755e-01
1.770716962682148399e-01
1.809704455932903411e-01
1.851483854193989309e-01
1.892115834967209587e-01
1.931783097358295009e-01
1.974522751794316466e-01
2.016201019843022468e-01
2.059573597077453133e-01
2.104394676530227937e-01
2.148464765798998588e-01
2.191561602017428889e-01
2.236637890786388194e-01
2.283925171931726616e-01
2.327184624000233626e-01
2.373697723208767485e-01
2.421192396702578353e-01
2.466940019854182431e-01
2.513461036157280670e-01
2.562165927780064578e-01
2.609615337953077319e-01
2.659197120481795462e-01
2.707425210381202429e-01
2.757619870278795737e-01
2.806170709233561933e-01
2.855954103230200491e-01
2.907284554839388857e-01
2.957489869466396470e-01
3.008790518367572275e-01
3.060957803641173314e-01
3.113272026090634359e-01
3.164859611554615704e-01
3.217138993696808669e-01
3.269987943353216409e-01
3.323658589366387250e-01
3.376640031154920507e-01
3.431962407846980145e-01
3.485577050278445554e-01
3.541616185127853811e-01
3.595556705200020353e-01
3.651913885912922986e-01
3.706610773720029339e-01
3.762564981041049972e-01
3.818290298153845796e-01
3.877001587749930867e-01
3.932657752411730101e-01
3.989022250564204786e-01
4.046864318800131866e-01
4.104562302987178057e-01
4.163986236377850148e-01
4.222896569566194636e-01
4.281840103940184328e-01
4.340073554310317494e-01
4.399341190656314016e-01
4.459318969255310350e-01
4.519515453714459952e-01
4.578609354735356796e-01
4.640492405265841391e-01
4.699665657025458021e-01
4.760638311945986079e-01
4.821656548113621987e-01
4.882176317542248345e-01
4.944025489598595779e-01
5.007476883465322715e-01
5.069051805061017824e-01
5.132391747008038241e-01
5.194470939307354040e-01
5.258656916510795476e-01
5.321376054941748812e-01
5.383793084687757968e-01
5.448627869428914750e-01
5.512054489494646603e-01
5.576399357449379757e-01
5.640641376144590602e-01
5.704810517983192053e-01
5.769826464802421118e-01
5.834727331453259946e-01
5.900589026078086885e-01
5.965046771063251541e-01
6.032371081285556880e-01
6.097815385898324170e-01
6.163916808647142975e-01
6.231171878839478762e-01
6.297092144146465564e-01
6.362279020921350892e-01
6.431592747119638798e-01
6.498519891027925155e-01
6.565454063939279994e-01
6.632280134397718907e-01
6.701222934818913402e-01
6.767927805380080652e-01
6.836256251575718590e-01
6.901912183224025998e-01
6.967265314095014705e-01
7.030310039292020363e-01
7.092644157472198785e-01
7.151019153785826976e-01
7.209879374673646701e-01
7.266415907722403311e-01
7.321020483030222792e-01
7.374673949226573377e-01
7.427097443268282362e-01
7.475119021277436548e-01
7.526225315789827341e-01
7.573154740238752236e-01
7.618809824853545187e-01
7.661235842671783036e-01
7.704165150578312637e-01
7.746683938430403149e-01
7.786573238161447197e-01
7.823048090030604307e-01
7.862564135255698528e-01
7.898767062394340677e-01
7.931853113849729464e-01
7.963992077451447216e-01
7.996398823824495405e-01
8.025517191360034275e-01
8.055006927497145863e-01
8.083366172007040440e-01
8.110105900432171833e-01
8.136092077695098457e-01
8.160215497991949452e-01
8.182226359265576399e-01
8.204868382339662869e-01
8.222028498117330830e-01
8.241838641416319167e-01
8.260356890404016994e-01
8.275818328814454894e-01
8.291221412101144050e-01
8.306490118745044615e-01
8.321141921102748196e-01
8.331089672761466947e-01
8.343637190241095514e-01
8.351844965172305901e-01
8.362173571559705643e-01
8.368701670487361799e-01
8.375652737501819711e-01
8.381875979316650849e-01
8.385344141818102948e-01
8.389067907923408729e-01
8.392710394126017270e-01
8.391277352866979289e-01
8.392292034033137504e-01
8.393266042001961136e-01
8.390988988907279733e-01
8.387910240004798901e-01
8.384446298307894896e-01
8.380902419691027561e-01
8.376957207372313086e-01
8.371315654410400597e-01
8.363345239301152034e-01
8.356061123206892649e-01
8.348487755385012310e-01
8.338542682688898644e-01
8.328492518183403526e-01
8.318676197966508035e-01
8.308060165380999340e-01
8.294626362972399303e-01
8.282494238171627110e-01
8.267942985337137785e-01
8.252508433933973819e-01
8.238427610654959210e-01
8.221369037303976057e-01
8.206307798988581315e-01
8.187233515836926934e-01
8.168516874968207997e-01
8.151360428713796402e-01
8.131482225294006660e-01
8.110706509800640340e-01
8.090291728513110403e-01
8.068757360154601432e-01
8.045883722084345990e-01
8.023300529598795805e-01
8.000869743381442412e-01
7.975367431169808619e-01
7.951217723970689377e-01
7.925130947567684547e-01
7.899371544687263658e-01
7.873460101213012319e-01
7.843584509973040575e-01
7.815822357888488892e-01
7.789321806545699278e-01
7.759589400904511880e-01
7.728314712046873147e-01
7.698087179864652185e-01
7.668527609561595071e-01
7.637964287509753092e-01
7.604682133896440988e-01
7.572197168214416241e-01
7.539016786229879585e-01
7.506174149743707336e-01
7.469543839848820088e-01
7.436195086589239001e-01
7.400665804913384438e-01
7.364632318502626340e-01
7.329095702514525357e-01
7.293429131893798267e-01
7.253693897589847950e-01
7.216965550361795767e-01
7.178201511306230298e-01
7.140727830421436106e-01
7.100331821983942859e-01
7.059816180104330208e-01
7.019794666532743754e-01
6.979810623580373630e-01
6.939232555964560678e-01
6.897602108212685934e-01
6.854129705396829753e-01
6.811900302689450903e-01
6.768982067895650268e-01
6.727516226666643284e-01
6.681832159046969810e-01
6.637393595472345087e-01
6.592612346837047888e-01
6.548418112791019041e-01
6.501133386549240445e-01
6.454960450637114988e-01
6.407931566140026014e-01
6.362607206062351750e-01
6.315367338988122636e-01
6.266025949855529298e-01
6.219942969572609393e-01
6.173146905948077023e-01
6.122405775332231403e-01
6.071627638694363505e-01
6.023816512608204388e-01
5.975099271339385787e-01
5.924292636979606730e-01
5.872924736352038710e-01
5.822635646850846669e-01
5.772405713444468400e-01
5.719420190206134791e-01
5.667507095237680481e-01
5.615103656697026935e-01
5.562683603987761405e-01
5.508874184708767441e-01
5.456061467750246141e-01
5.403728630345538964e-01
5.348103387470295456e-01
5.294216615758715605e-01
5.238914281952247176e-01
5.183940111786733418e-01
5.129234616910953726e-01
5.073348366767229667e-01
5.018240132544173893e-01
4.963210347017219526e-01
4.906454301994407352e-01
4.847952596604427900e-01
4.791159916882159475e-01
4.734555345466615606e-01
4.676395431839468486e-01
4.618280017027691642e-01
4.560847889532599897e-01
4.500907956062110138e-01
4.443775486582939305e-01
4.383834577440604008e-01
4.326092791819335925e-01
4.265704645810632911e-01
4.205698748449460123e-01
4.146854364189764830e-01
4.086477672734396549e-01
4.024578479425156008e-01
3.963588402545554779e-01
3.902556904114173886e-01
3.843756088913388158e-01
3.780166881099611409e-01
3.718203835115208022e-01
3.655543057491907888e-01
3.594638266614820221e-01
3.530327143139269097e-01
3.467555940038586915e-01
3.406156404707698648e-01
3.340915895169440653e-01
3.279089501680250152e-01
3.215802341491922345e-01
3.151251183137206979e-01
3.089186246798225621e-01
3.022147485159385472e-01
2.958936456404226423e-01
2.893309612196790503e-01
2.828026135942147690e-01
2.763627572966644852e-01
2.699111408133858525e-01
2.632642596539660484e-01
2.568091269461818538e-01
2.501337957352909314e-01
2.435111323936320904e-01
2.369280784316865063e-01
2.302987456635583463e-01
2.237116514636450226e-01
2.169365042562547696e-01
2.101965160833676460e-01
2.035711647131970281e-01
1.968565548618830263e-01
1.900731844851288876e-01
1.838717839772117113e-01
1.775540756086075866e-01
1.714287626521069363e-01
1.657000469061029602e-01
1.599598199622944694e-01
1.542684131294240757e-01
1.488580966192780686e-01
1.436148636489553709e-01
1.386437218205669453e-01
1.336206984338992321e-01
1.288593107069206933e-01
1.242688383152805720e-01
1.196167904042213515e-01
1.154565267751401780e-01
1.111708595462894689e-01
1.071739574376959769e-01
1.032005904984476530e-01
9.956280210797330277e-02
9.590372609680364313e-02
9.240835662922908256e-02
8.901572856074313478e-02
8.577237411562643743e-02
8.280201683216237285e-02
7.976372057032410368e-02
7.702172231796211577e-02
7.426523872938939341e-02
7.176714218196278416e-02
6.926918199589615632e-02
6.692848820661589926e-02
6.494205175733758217e-02
6.301198904218718866e-02
6.101437401444442798e-02
5.910414916189399293e-02
5.750761673339677138e-02
5.594288825667059761e-02
5.443383718090366585e-02
5.297983271714512554e-02
5.182453171430734251e-02
5.080492658906643477e-02
4.973832527706112394e-02
4.891375779364115495e-02
4.813434278648442977e-02
4.747223226493790804e-02
4.702582465419746782e-02
4.647025715046826377e-02
4.621837737270784174e-02
4.591870249948182270e-02
4.572801620281330415e-02
4.568443118995224594e-02
4.571261426304129571e-02
4.608652352226783044e-02
4.610193448657540216e-02
4.651984989052304620e-02
4.697203129040894432e-02
4.757391631617746697e-02
4.798720432386893719e-02
4.896561971914614730e-02
4.958297023622204591e-02
5.043266272718560650e-02
5.125375327240244694e-02
5.225384333033566975e-02
5.338880069044149579e-02
5.476762037503135616e-02
5.599821056324305601e-02
5.725252497090904669e-02
5.852766270355136413e-02
6.008652357085075835e-02
6.186439546013500212e-02
6.338231309645814271e-02
6.515394021213194442e-02
6.693041073949812514e-02
6.866169142757971855e-02
7.062567720486501166e-02
7.257642259533403362e-02
7.462656621395336032e-02
7.669753894534347971e-02
7.906406437144108956e-02
8.142060136244411161e-02
8.379750444173827972e-02
8.624470402088024734e-02
8.856374474770856153e-02
9.105120672754352107e-02
9.379202659171737011e-02
9.634461246936676382e-02
9.910707550969188873e-02
1.020547670860356693e-01
1.047149681367882668e-01
1.076332281114900091e-01
1.107071222118094500e-01
1.136902575599030296e-01
1.167836948864438007e-01
1.200026345570543995e-01
1.231773673495466515e-01
1.265928795874668999e-01
1.296633795765096409e-01
1.330831605575881760e-01
1.365512808689750557e-01
1.400329896250003259e-01
1.434753568594051565e-01
1.473556399203563849e-01
1.508949731961877205e-01
1.545739005236317354e-01
1.583825260217310849e-01
1.623005313456189480e-01
1.659079764839046511e-01
1.699420801699689232e-01
1.739651484927029479e-01
1.779822651887492668e-01
1.819087272224937379e-01
1.861685866310551773e-01
1.901823047245956300e-01
1.944416305691687441e-01
1.986614508260053924e-01
2.028281700423721912e-01
2.072246176296548281e-01
2.114169709357598403e-01
2.161625020005055742e-01
2.206450106542796608e-01
2.251525665229268114e-01
2.297132231861807039e-01
2.342559992034876082e-01
2.388212986633455603e-01
2.437070533900644875e-01
2.482998315681379520e-01
2.531025911833735265e-01
2.581310642032457192e-01
2.628944522819265384e-01
2.676959279072044229e-01
2.725590955569741070e-01
2.776341149913938988e-01
2.825483315880330526e-01
2.874903704194824439e-01
2.926771769906784115e-01
2.977726069335666637e-01
3.027522331066048178e-01
3.081516168825544355e-01
3.133807041884639766e-01
3.186903547256447755e-01
3.240079817955439090e-01
3.291757619079291874e-01
3.345455968992077089e-01
3.399480963627821151e-01
3.453621923805163529e-01
3.511267217870264190e-01
3.564955761010206725e-01
3.620037890250766832e-01
3.675437676134121201e-01
3.731086868113853150e-01
3.789088322657445662e-01
3.845898433367691549e-01
3.901525589603762612e-01
3.957757751855328632e-01
4.016359016503772139e-01
4.074638076923229324e-01
4.131787681794210076e-01
4.190448553181111979e-01
4.247446032742325794e-01
4.308852834061096537e-01
4.368766734424220921e-01
4.428715075098625942e-01
4.488071099391606200e-01
4.548760509065525870e-01
4.606980036183434546e-01
4.669418559617253273e-01
4.730121970632161776e-01
4.789490538259966179e-01
4.853391809549427727e-01
4.914238158735588780e-01
4.976086545664071270e-01
5.038427821156090669e-01
5.102361689574279602e-01
5.165226641673781316e-01
5.228635909210277433e-01
5.290505505858607016e-01
5.354720855054548867e-01
5.417328389925248899e-01
5.480841153006861255e-01
5.545319563830310994e-01
5.610156257113581013e-01
5.674557680910730095e-01
5.738941475936139014e-01
5.803225665044995374e-01
5.870872388469685621e-01
5.934895008747740341e-01
6.000816728086277863e-01
6.067838274732397785e-01
6.133237387901409043e-01
6.198012891825561699e-01
6.265030441468371070e-01
6.332645413178630278e-01
6.398817241005478884e-01
6.468546522414484468e-01
6.533287231220445967e-01
6.601640121399503514e-01
6.669029937171968569e-01
6.737004486489126531e-01
6.804772349482963723e-01
6.871269630601231082e-01
6.936996123902818834e-01
6.999283730624137334e-01
7.059838286705499844e-01
7.120499756354998766e-01
7.180936375272153338e-01
7.234284094319198832e-01
7.289803211378029779e-01
7.344062165450853108e-01
7.395080073999193981e-01
7.446916259637184066e-01
7.494074541345228102e-01
7.541478678540580738e-01
7.587703729146941800e-01
7.630822904608292045e-01
7.675430111325136640e-01
7.715095183701987658e-01
7.755364600278222831e-01
7.794992792739126042e-01
7.831486545190315951e-01
7.867341910159586504e-01
7.901153664362461360e-01
7.934796964339503322e-01
7.965728726830194617e-01
7.996126656613313788e-01
8.026023884557909049e-01
8.051896976185839439e-01
8.080430156493891847e-01
8.104103984972235164e-01
8.127917016312258269e-01
8.150752161795002948e-01
8.171864030130746581e-01
8.192523080853411077e-01
8.211457725690893827e-01
8.229005731166085802e-01
8.246254639987264934e-01
8.261137685899513361e-01
8.276233883244232814e-01
8.288987309423581085e-01
8.302191836503189926e-01
8.311817787474549135e-01
8.321702300527691332e-01
8.330511396457422890e-01
8.340890792158930367e-01
8.345843703699551419e-01
8.350340515025234112e-01
8.355213792154139174e-01
8.357786465437437862e-01
8.361295783686455430e-01
8.363470262284702361e-01
8.362746025276652784e-01
8.363095897085561781e-01
8.359485756465083739e-01
8.359034918394676605e-01
8.354046660585543460e-01
8.351051699570932740e-01
8.346503538636895758e-01
8.339691702905844828e-01
8.332904416918998081e-01
8.326947637574271255e-01
8.317390998941278646e-01
8.308497070450173716e-01
8.298012167277373230e-01
8.286654626957767888e-01
8.278477733941331795e-01
8.265681399446147548e-01
8.250428606713169355e-01
8.238068064302541682e-01
8.222777223857398177e-01
8.208217669371153935e-01
8.191762497846064583e-01
8.176455757857130635e-01
8.156022263044833132e-01
8.139450619817958366e-01
8.121047971444874669e-01
8.101947029498159925e-01
8.080445397561983878e-01
8.059607331918399176e-01
8.036765256110109945e-01
8.016598869705500174e-01
7.993550213577387265e-01
7.968894307147478262e-01
7.945949169229935549e-01
7.919515259575373722e-01
7.894649724599112073e-01
7.868355333730749912e-01
7.842020630719639396e-01
7.813265973140957055e-01
7.786733427344045833e-01
7.757541503001279537e-01
7.728850421675312887e-01
7.698806139602614174e-01
7.669063393093544789e-01
7.636597185855165115e-01
7.606077768857983923e-01
7.573618746416550529e-01
7.542028623264696030e-01
7.508856668824659408e-01
7.474674756949508669e-01
7.439930740940277065e-01
7.405484001471918099e-01
7.371092144428275095e-01
7.334722302953113893e-01
7.298289219115088322e-01
7.262414805757226866e-01
7.222768523899263382e-01
7.186621504807932936e-01
7.149094173534489283e-01
7.109181327761660008e-01
7.070165204970884076e-01
7.030567552051183444e-01
6.989475902047908029e-01
6.949044720807782127e-01
6.908141493003590039e-01
6.865580814921816710e-01
6.822754763539813361e-01
6.782240215589001586e-01
6.738073047136670102e-01
6.694927469037317280e-01
6.650775354721447652e-01
6.607802595461846895e-01
6.559718652991786136e-01
6.517838559882345173e-01
6.470750270753538036e-01
6.425897068760753061e-01
6.379435692951815895e-01
6.331197058341164752e-01
6.285986951356312691e-01
6.237201974845465458e-01
6.189980829188854727e-01
6.141989419642661652e-01
6.093410142348543168e-01
6.041943549058919061e-01
5.993156556963108450e-01
5.943971211693690471e-01
5.893950084098815712e-01
5.842676045024344234e-01
5.793834459194087128e-01
5.739573645871087759e-01
5.689177273729426609e-01
5.636745032484973272e-01
5.584726832180604283e-01
5.533657757698176027e-01
5.479867348417306605e-01
5.425480608278356875e-01
5.372790920456738117e-01
5.317755394950856029e-01
5.263977829715535961e-01
5.207881484142504736e-01
5.155506025498119982e-01
5.098947180334156837e-01
5.042900959612470757e-01
4.986896771138780160e-01
4.933393454058996319e-01
4.874310694601478033e-01
4.818255576805343665e-01
4.760581249897450906e-01
4.704647882917531998e-01
4.646980870130019703e-01
4.587824187753346550e-01
4.530650484874529926e-01
4.472787717714545863e-01
4.413558525941749799e-01
4.354657485297177555e-01
4.294178855025816421e-01
4.235359220686334414e-01
4.175792775438227356e-01
4.113590531635775704e-01
4.056717425087661422e-01
3.994508727510817092e-01
3.931643301270295598e-01
3.871834828655371652e-01
3.811689143443013350e-01
3.749978129550304295e-01
3.689811559639695204e-01
3.625437314402386590e-01
3.562417628054574958e-01
3.499004522100437331e-01
3.439414968768812475e-01
3.376657939643117334e-01
3.313035399690866800e-01
3.246999939171117955e-01
3.183847057167299432e-01
3.121186332531789009e-01
3.058730414558810118e-01
2.993166603525310165e-01
2.927182414245035336e-01
2.861978536212237412e-01
2.799166083401418703e-01
2.735589722577946858e-01
2.668335285989520411e-01
2.603054110926996678e-01
2.538507773218152686e-01
2.472225540475043726e-01
2.404934230885396040e-01
2.338705913485474852e-01
2.272141966175800221e-01
2.206539263109241755e-01
2.139795855486319454e-01
2.071796259218956493e-01
2.005823321741901921e-01
1.936128094549023348e-01
1.871851894788940651e-01
1.806998035810059022e-01
1.745979127778181095e-01
1.684466284440335748e-01
1.624116941466777764e-01
1.567845528326130555e-01
1.513028447522593023e-01
1.459314931412798444e-01
1.405364144947620630e-01
1.355491312734571352e-01
1.306562222186553601e-01
1.257945337658885609e-01
1.212266611637207170e-01
1.168315403001143338e-01
1.122758825386698245e-01
1.083042406805800884e-01
1.040825543089731742e-01
1.002314660793595102e-01
9.653832474831824939e-02
9.285678329115309992e-02
8.925839919738831618e-02
8.604975598772424128e-02
8.282338125182309163e-02
7.974993536888996815e-02
7.677182767300494426e-02
7.394595963393313376e-02
7.133380880556039472e-02
6.880200313201045859e-02
6.634659984537161215e-02
6.416799564044528559e-02
6.184787657716350751e-02
5.988306448772018342e-02
5.768043021230595535e-02
5.609604370070453427e-02
5.437912333524552722e-02
5.272974867624968809e-02
5.135576160645105581e-02
5.002888460148202654e-02
4.895682087310060382e-02
4.782084372339290290e-02
4.675966947251697370e-02
4.599761469145979831e-02
4.493430959794553203e-02
4.440315010727391432e-02
4.392252274577224114e-02
4.328786962469299837e-02
4.309733248711444809e-02
4.282979423773247696e-02
4.270999070206471515e-02
4.290471901284487188e-02
4.275032799073730239e-02
4.288512771267183332e-02
4.317994847311057427e-02
4.353042651607719193e-02
4.393436691259711147e-02
4.455356328848436576e-02
4.511276229361405044e-02
4.580527033502312939e-02
4.654322460121118610e-02
4.742429211620979856e-02
4.836735439904704670e-02
4.934502209471713918e-02
5.046392154868173385e-02
5.144760689564309430e-02
5.298019999869563179e-02
5.430886953661628880e-02
5.564269527293363993e-02
5.719191845086890602e-02
5.873854959789515107e-02
6.030041606405611709e-02
6.207487757222884817e-02
6.392379934246705808e-02
6.568313945413173371e-02
6.758950267899077602e-02
6.958159915739381418e-02
7.164245353221820878e-02
7.382168848223846780e-02
7.606516401326168797e-02
7.823371310492999164e-02
8.061299570458757557e-02
8.312223978236765731e-02
8.539691605107457839e-02
8.799627274841226310e-02
9.067495647997847463e-02
9.335993922957674940e-02
9.608387045655608638e-02
9.887148812637369666e-02
1.016761192674457970e-01
1.045721711075067173e-01
1.076280733029961745e-01
1.107406343069465837e-01
1.138296875607416325e-01
1.170001234203097429e-01
1.201628097272446904e-01
1.233826022926209909e-01
1.267423763707877793e-01
1.300362151806140343e-01
1.334660783246428561e-01
1.369960742058771164e-01
1.405445853220699259e-01
1.441315425715790077e-01
1.478799781315607298e-01
1.516879396536594538e-01
1.555534676787768689e-01
1.591799758766754280e-01
1.629805772734687075e-01
1.669133824420589995e-01
1.708190146281258759e-01
1.747985695222560310e-01
1.789518675941468295e-01
1.829979537330010952e-01
1.869904741882053578e-01
1.913540344848025931e-01
1.956395851635845951e-01
1.999524529916838489e-01
2.042394287326545488e-01
2.086729510346665428e-01
2.130968688771530672e-01
2.174493510474242441e-01
2.220885579471456595e-01
2.266821032162447125e-01
2.311002540959414819e-01
2.359810335622485322e-01
2.405743557583623904e-01
2.453397641479384550e-01
2.499717434395820614e-01
2.549504280381458265e-01
2.597703018684403009e-01
2.645864527438190894e-01
2.696110826267217320e-01
2.745211619835135064e-01
2.796139139701696585e-01
2.845115949153369517e-01
2.897283237815593271e-01
2.947616893546327610e-01
2.998916824284516558e-01
3.051110406849955048e-01
3.103790800508920977e-01
3.154253935869317793e-01
3.209706764588688976e-01
3.261637761934046420e-01
3.315987980614869546e-01
3.369293244390638709e-01
3.423925160266934054e-01
3.480677750882297250e-01
3.534064223665616122e-01
3.589622742855635984e-01
3.646339199749237814e-01
3.700741135546434801e-01
3.759376217090932837e-01
3.813537147129033578e-01
3.871612771479813198e-01
3.928745313860215749e-01
3.986831734468168076e-01
4.045286592771708545e-01
4.102321534784003632e-01
4.160410153185416515e-01
4.220423846984997507e-01
4.279478454995941927e-01
4.338065027098902959e-01
4.397680980379734539e-01
4.458670035946934451e-01
4.517002991159833059e-01
4.578550572928805629e-01
4.638907781068799530e-01
4.699233719006072896e-01
4.760173811802854704e-01
4.822827803573643823e-01
4.884257251205343930e-01
4.947587337962882081e-01
5.009880733518401463e-01
5.070782317692279495e-01
5.132382932107888429e-01
5.196297295382779069e-01
5.260190241302145076e-01
5.324114183810786383e-01
5.388815120689383065e-01
5.452333141348211232e-01
5.513866281893051724e-01
5.580742999011574224e-01
5.643776379030205348e-01
5.708263206967600922e-01
5.774107071945469016e-01
5.839282916482504415e-01
5.905740268881163324e-01
5.969790768445077944e-01
6.038122447991065567e-01
6.101926986956762722e-01
6.171649474569398386e-01
6.235145147107790109e-01
6.303137931047448905e-01
6.368612535283411091e-01
6.436433601063376031e-01
6.503692475041833454e-01
6.570733255768173020e-01
6.639530070650949689e-01
6.707010675790332499e-01
6.774814645923219469e-01
6.843434244282844414e-01
6.909676000010516184e-01
6.975057967426872008e-01
7.038209875441474583e-01
7.098604228163909458e-01
7.159948310357280299e-01
7.218984205185745573e-01
7.274957302211975119e-01
7.330655434655748426e-01
7.381983628961912292e-01
7.434555137911089684e-01
7.486272412484782368e-01
7.534913635332909365e-01
7.581660499392310903e-01
7.628528344000826689e-01
7.672332021868828456e-01
7.715317924415479034e-01
7.756220824143194026e-01
7.795996344228279806e-01
7.833779619758969304e-01
7.872664832960276637e-01
7.909416026748090633e-01
7.942506410628957791e-01
7.977818336044497638e-01
8.007208652913480051e-01
8.038074517007933739e-01
8.067631183537391504e-01
8.095748237459083896e-01
8.121377438021777362e-01
8.147332107477911478e-01
8.170715155006935682e-01
8.193631912641463622e-01
8.214675163317093354e-01
8.234570303413673020e-01
8.255852433331567486e-01
8.273181820754760274e-01
8.290411185029533669e-01
8.305904250214091178e-01
8.320831666070636068e-01
8.334825376299210831e-01
8.344505152777013102e-01
8.355502766941806936e-01
8.366056476103216344e-01
8.374696574086570866e-01
8.382245877746523632e-01
8.389118351512119265e-01
8.395022058379157937e-01
8.399051160503530067e-01
8.404133742119015427e-01
8.405877472926270855e-01
8.408093109043828228e-01
8.407768975669285272e-01
8.407254245049622376e-01
8.406232576005201462e-01
8.402764620920966099e-01
8.401358943331542761e-01
8.396271116630034115e-01
8.391842670512648095e-01
8.385694401448928748e-01
8.380168021764595743e-01
8.372550037244934629e-01
8.363838405899617356e-01
8.354477363831587233e-01
8.344686133444318976e-01
8.335071663896507221e-01
8.323242405897945950e-01
8.312249924795782619e-01
8.298356760338390092e-01
8.283212784906626158e-01
8.270496696970159878e-01
8.255559979175779439e-01
8.239633110328878907e-01
8.222973487727831543e-01
8.204598973752899038e-01
8.187105619178998150e-01
8.168489593000420879e-01
8.147753146097358457e-01
8.127211363534734279e-01
8.107714183434151511e-01
8.085767815581268447e-01
8.064467077579891008e-01
8.040740082131874189e-01
8.017283194451167994e-01
7.993588272021128205e-01
7.969027413023872519e-01
7.943581387865850107e-01
7.917557702260356045e-01
7.889398671588629952e-01
7.863907155415736927e-01
7.836434732154151650e-01
7.805047317829101328e-01
7.776327029192429130e-01
7.748233300193574369e-01
7.716795743853139822e-01
7.686797333439456814e-01
7.656057941943683609e-01
7.623079723322390144e-01
7.590732971432863074e-01
7.558430748913476105e-01
7.525054976701166520e-01
7.489522644025683462e-01
7.453992091594112690e-01
7.420341513071926354e-01
7.385206235682959530e-01
7.348620586310565805e-01
7.310331970964127901e-01
7.272614182252710169e-01
7.235652073732350420e-01
7.197531106557046865e-01
7.159161769251198848e-01
7.120081471696155795e-01
7.079052319916130376e-01
7.041209628927527220e-01
6.998718358888678104e-01
6.958493344945997361e-01
6.916924694625883330e-01
6.873460499430650295e-01
6.831532043981609625e-01
6.788940091955657508e-01
6.744438479099543748e-01
6.701052980097783607e-01
6.659272592328044915e-01
6.612089565141157088e-01
6.567294367486820050e-01
6.522659427721684278e-01
6.476101211222322629e-01
6.429660274626607386e-01
6.382798358146710704e-01
6.336222421726898091e-01
6.289193649287969645e-01
6.240185827531394835e-01
6.192112157684581675e-01
6.145908718402324222e-01
6.094527859889520283e-01
6.045231778378132859e-01
5.995429387698067991e-01
5.946028663307441064e-01
5.894400270422781585e-01
5.843255626333097030e-01
5.792796299036555574e-01
5.739527513342275178e-01
5.687348923875190643e-01
5.636385975532953729e-01
5.584689127693047705e-01
5.530079316717111393e-01
5.476962869631116781e-01
5.422650335295697843e-01
5.370401613682194153e-01
5.316144521026664460e-01
5.261574446344177147e-01
5.205970334727731963e-01
5.150952979943697052e-01
5.094577230758208231e-01
5.039252744396058858e-01
4.982853543850194189e-01
4.927548996598836162e-01
4.869667093678611280e-01
4.812519589608701409e-01
4.757301581358153175e-01
4.699072446282972493e-01
4.640533305228151661e-01
