1.000000000000000000e+00
1.000000000000000000e+00
1.000000000000000000e+00
1.000000000000000000e+00
1.000000000000000000e+00
1.000000000000000000e+00
1.000000000000000000e+00
1.000000000000000000e+00
1.000000000000000000e+00
1.000000000000000000e+00
1.000000000000000000e+00
1.000000000000000000e+00
1.000000000000000000e+00
1.000000000000000000e+00
1.000000000000000000e+00
1.000000000000000000e+00
1.000000000000000000e+00
1.000000000000000000e+00
1.000000000000000000e+00
1.000000000000000000e+00
1.000000000000000000e+00
1.000000000000000000e+00
1.000000000000000000e+00
1.000000000000000000e+00
1.000000000000000000e+00
1.000000000000000000e+00
1.000000000000000000e+00
1.000000000000000000e+00
1.000000000000000000e+00
1.000000000000000000e+00
1.000000000000000000e+00
1.000000000000000000e+00
1.000000000000000000e+00
1.000000000000000000e+00
1.000000000000000000e+00
1.000000000000000000e+00
1.000000000000000000e+00
1.000000000000000000e+00
1.000000000000000000e+00
1.000000000000000000e+00
1.000000000000000000e+00
1.000000000000000000e+00
1.000000000000000000e+00
1.000000000000000000e+00
1.000000000000000000e+00
1.000000000000000000e+00
1.000000000000000000e+00
1.000000000000000000e+00
1.000000000000000000e+00
1.000000000000000000e+00
1.000000000000000000e+00
1.000000000000000000e+00
1.000000000000000000e+00
1.000000000000000000e+00
1.000000000000000000e+00
1.000000000000000000e+00
1.000000000000000000e+00
1.000000000000000000e+00
1.000000000000000000e+00
1.000000000000000000e+00
1.000000000000000000e+00
1.000000000000000000e+00
1.000000000000000000e+00
1.000000000000000000e+00
1.000000000000000000e+00
1.000000000000000000e+00
1.000000000000000000e+00
1.000000000000000000e+00
1.000000000000000000e+00
1.000000000000000000e+00
1.000000000000000000e+00
1.000000000000000000e+00
1.000000000000000000e+00
1.000000000000000000e+00
1.000000000000000000e+00
1.000000000000000000e+00
1.000000000000000000e+00
1.000000000000000000e+00
1.000000000000000000e+00
1.000000000000000000e+00
1.000000000000000000e+00
1.000000000000000000e+00
1.000000000000000000e+00
1.000000000000000000e+00
1.000000000000000000e+00
1.000000000000000000e+00
1.000000000000000000e+00
1.000000000000000000e+00
1.000000000000000000e+00
1.000000000000000000e+00
1.000000000000000000e+00
1.000000000000000000e+00
1.000000000000000000e+00
1.000000000000000000e+00
1.000000000000000000e+00
1.000000000000000000e+00
1.000000000000000000e+00
1.000000000000000000e+00
1.000000000000000000e+00
1.000000000000000000e+00
1.000000000000000000e+00
1.000000000000000000e+00
1.000000000000000000e+00
1.000000000000000000e+00
1.000000000000000000e+00
1.000000000000000000e+00
1.000000000000000000e+00
1.000000000000000000e+00
1.000000000000000000e+00
1.000000000000000000e+00
1.000000000000000000e+00
1.000000000000000000e+00
1.000000000000000000e+00
1.000000000000000000e+00
1.000000000000000000e+00
1.000000000000000000e+00
1.000000000000000000e+00
1.000000000000000000e+00
1.000000000000000000e+00
1.000000000000000000e+00
1.000000000000000000e+00
1.000000000000000000e+00
1.000000000000000000e+00
1.000000000000000000e+00
1.000000000000000000e+00
1.000000000000000000e+00
1.000000000000000000e+00
1.000000000000000000e+00
1.000000000000000000e+00
1.000000000000000000e+00
1.000000000000000000e+00
1.000000000000000000e+00
-1.000000000000000000e+00
-1.000000000000000000e+00
-1.000000000000000000e+00
-1.000000000000000000e+00
-1.000000000000000000e+00
-1.000000000000000000e+00
-1.000000000000000000e+00
-1.000000000000000000e+00
-1.000000000000000000e+00
-1.000000000000000000e+00
-1.000000000000000000e+00
-1.000000000000000000e+00
-1.000000000000000000e+00
-1.000000000000000000e+00
-1.000000000000000000e+00
-1.000000000000000000e+00
-1.000000000000000000e+00
-1.000000000000000000e+00
-1.000000000000000000e+00
-1.000000000000000000e+00
-1.000000000000000000e+00
-1.000000000000000000e+00
-1.000000000000000000e+00
-1.000000000000000000e+00
-1.000000000000000000e+00
-1.000000000000000000e+00
-1.000000000000000000e+00
-1.000000000000000000e+00
-1.000000000000000000e+00
-1.000000000000000000e+00
-1.000000000000000000e+00
-1.000000000000000000e+00
-1.000000000000000000e+00
-1.000000000000000000e+00
-1.000000000000000000e+00
-1.000000000000000000e+00
-1.000000000000000000e+00
-1.000000000000000000e+00
-1.000000000000000000e+00
-1.000000000000000000e+00
-1.000000000000000000e+00
-1.000000000000000000e+00
-1.000000000000000000e+00
-1.000000000000000000e+00
-1.000000000000000000e+00
-1.000000000000000000e+00
-1.000000000000000000e+00
-1.000000000000000000e+00
-1.000000000000000000e+00
-1.000000000000000000e+00
-1.000000000000000000e+00
-1.000000000000000000e+00
-1.000000000000000000e+00
-1.000000000000000000e+00
-1.000000000000000000e+00
-1.000000000000000000e+00
-1.000000000000000000e+00
-1.000000000000000000e+00
-1.000000000000000000e+00
-1.000000000000000000e+00
-1.000000000000000000e+00
-1.000000000000000000e+00
-1.000000000000000000e+00
-1.000000000000000000e+00
-1.000000000000000000e+00
-1.000000000000000000e+00
-1.000000000000000000e+00
-1.000000000000000000e+00
-1.000000000000000000e+00
-1.000000000000000000e+00
-1.000000000000000000e+00
-1.000000000000000000e+00
-1.000000000000000000e+00
-1.000000000000000000e+00
-1.000000000000000000e+00
-1.000000000000000000e+00
-1.000000000000000000e+00
-1.000000000000000000e+00
-1.000000000000000000e+00
-1.000000000000000000e+00
-1.000000000000000000e+00
-1.000000000000000000e+00
-1.000000000000000000e+00
-1.000000000000000000e+00
-1.000000000000000000e+00
-1.000000000000000000e+00
-1.000000000000000000e+00
-1.000000000000000000e+00
-1.000000000000000000e+00
-1.000000000000000000e+00
-1.000000000000000000e+00
-1.000000000000000000e+00
-1.000000000000000000e+00
-1.000000000000000000e+00
-1.000000000000000000e+00
-1.000000000000000000e+00
-1.000000000000000000e+00
-1.000000000000000000e+00
-1.000000000000000000e+00
-1.000000000000000000e+00
-1.000000000000000000e+00
-1.000000000000000000e+00
-1.000000000000000000e+00
-1.000000000000000000e+00
-1.000000000000000000e+00
-1.000000000000000000e+00
-1.000000000000000000e+00
-1.000000000000000000e+00
-1.000000000000000000e+00
-1.000000000000000000e+00
-1.000000000000000000e+00
-1.000000000000000000e+00
-1.000000000000000000e+00
-1.000000000000000000e+00
-1.000000000000000000e+00
-1.000000000000000000e+00
-1.000000000000000000e+00
-1.000000000000000000e+00
-1.000000000000000000e+00
-1.000000000000000000e+00
-1.000000000000000000e+00
-1.000000000000000000e+00
-1.000000000000000000e+00
-1.000000000000000000e+00
-1.000000000000000000e+00
-1.000000000000000000e+00
-1.000000000000000000e+00
-1.000000000000000000e+00
-1.000000000000000000e+00
-1.000000000000000000e+00
-1.000000000000000000e+00
-1.000000000000000000e+00
-1.000000000000000000e+00
-1.000000000000000000e+00
-1.000000000000000000e+00
-1.000000000000000000e+00
-1.000000000000000000e+00
-1.000000000000000000e+00
-1.000000000000000000e+00
-1.000000000000000000e+00
-1.000000000000000000e+00
-1.000000000000000000e+00
-1.000000000000000000e+00
-1.000000000000000000e+00
-1.000000000000000000e+00
-1.000000000000000000e+00
-1.000000000000000000e+00
-1.000000000000000000e+00
-1.000000000000000000e+00
-1.000000000000000000e+00
-1.000000000000000000e+00
-1.000000000000000000e+00
-1.000000000000000000e+00
-1.000000000000000000e+00
-1.000000000000000000e+00
-1.000000000000000000e+00
-1.000000000000000000e+00
-1.000000000000000000e+00
-1.000000000000000000e+00
-1.000000000000000000e+00
-1.000000000000000000e+00
-1.000000000000000000e+00
-1.000000000000000000e+00
-1.000000000000000000e+00
-1.000000000000000000e+00
-1.000000000000000000e+00
-1.000000000000000000e+00
-1.000000000000000000e+00
-1.000000000000000000e+00
-1.000000000000000000e+00
-1.000000000000000000e+00
-1.000000000000000000e+00
-1.000000000000000000e+00
-1.000000000000000000e+00
-1.000000000000000000e+00
-1.000000000000000000e+00
-1.000000000000000000e+00
-1.000000000000000000e+00
-1.000000000000000000e+00
-1.000000000000000000e+00
-1.000000000000000000e+00
-1.000000000000000000e+00
-1.000000000000000000e+00
-1.000000000000000000e+00
-1.000000000000000000e+00
-1.000000000000000000e+00
-1.000000000000000000e+00
-1.000000000000000000e+00
-1.000000000000000000e+00
-1.000000000000000000e+00
-1.000000000000000000e+00
-1.000000000000000000e+00
-1.000000000000000000e+00
-1.000000000000000000e+00
-1.000000000000000000e+00
-1.000000000000000000e+00
-1.000000000000000000e+00
-1.000000000000000000e+00
-1.000000000000000000e+00
-1.000000000000000000e+00
-1.000000000000000000e+00
-1.000000000000000000e+00
-1.000000000000000000e+00
-1.000000000000000000e+00
-1.000000000000000000e+00
-1.000000000000000000e+00
-1.000000000000000000e+00
-1.000000000000000000e+00
-1.000000000000000000e+00
-1.000000000000000000e+00
-1.000000000000000000e+00
-1.000000000000000000e+00
-1.000000000000000000e+00
-1.000000000000000000e+00
-1.000000000000000000e+00
-1.000000000000000000e+00
-1.000000000000000000e+00
-1.000000000000000000e+00
-1.000000000000000000e+00
-1.000000000000000000e+00
-1.000000000000000000e+00
-1.000000000000000000e+00
-1.000000000000000000e+00
-1.000000000000000000e+00
-1.000000000000000000e+00
-1.000000000000000000e+00
-1.000000000000000000e+00
-1.000000000000000000e+00
-1.000000000000000000e+00
-1.000000000000000000e+00
-1.000000000000000000e+00
-1.000000000000000000e+00
-1.000000000000000000e+00
-1.000000000000000000e+00
-1.000000000000000000e+00
-1.000000000000000000e+00
-1.000000000000000000e+00
-1.000000000000000000e+00
-1.000000000000000000e+00
-1.000000000000000000e+00
-1.000000000000000000e+00
-1.000000000000000000e+00
-1.000000000000000000e+00
-1.000000000000000000e+00
-1.000000000000000000e+00
-1.000000000000000000e+00
-1.000000000000000000e+00
-1.000000000000000000e+00
-1.000000000000000000e+00
-1.000000000000000000e+00
-1.000000000000000000e+00
-1.000000000000000000e+00
-1.000000000000000000e+00
-1.000000000000000000e+00
-1.000000000000000000e+00
-1.000000000000000000e+00
-1.000000000000000000e+00
-1.000000000000000000e+00
-1.000000000000000000e+00
-1.000000000000000000e+00
-1.000000000000000000e+00
-1.000000000000000000e+00
-1.000000000000000000e+00
-1.000000000000000000e+00
-1.000000000000000000e+00
-1.000000000000000000e+00
-1.000000000000000000e+00
-1.000000000000000000e+00
-1.000000000000000000e+00
-1.000000000000000000e+00
-1.000000000000000000e+00
-1.000000000000000000e+00
-1.000000000000000000e+00
-1.000000000000000000e+00
-1.000000000000000000e+00
-1.000000000000000000e+00
-1.000000000000000000e+00
-1.000000000000000000e+00
-1.000000000000000000e+00
-1.000000000000000000e+00
-1.000000000000000000e+00
-1.000000000000000000e+00
-1.000000000000000000e+00
-1.000000000000000000e+00
-1.000000000000000000e+00
-1.000000000000000000e+00
-1.000000000000000000e+00
-1.000000000000000000e+00
-1.000000000000000000e+00
-1.000000000000000000e+00
-1.000000000000000000e+00
-1.000000000000000000e+00
-1.000000000000000000e+00
-1.000000000000000000e+00
-1.000000000000000000e+00
-1.000000000000000000e+00
-1.000000000000000000e+00
-1.000000000000000000e+00
-1.000000000000000000e+00
-1.000000000000000000e+00
-1.000000000000000000e+00
-1.000000000000000000e+00
-1.000000000000000000e+00
-1.000000000000000000e+00
-1.000000000000000000e+00
-1.000000000000000000e+00
-1.000000000000000000e+00
-1.000000000000000000e+00
-1.000000000000000000e+00
-1.000000000000000000e+00
-1.000000000000000000e+00
-1.000000000000000000e+00
-1.000000000000000000e+00
-1.000000000000000000e+00
-1.000000000000000000e+00
-1.000000000000000000e+00
-1.000000000000000000e+00
-1.000000000000000000e+00
-1.000000000000000000e+00
-1.000000000000000000e+00
-1.000000000000000000e+00
-1.000000000000000000e+00
-1.000000000000000000e+00
-1.000000000000000000e+00
-1.000000000000000000e+00
-1.000000000000000000e+00
-1.000000000000000000e+00
1.000000000000000000e+00
1.000000000000000000e+00
1.000000000000000000e+00
1.000000000000000000e+00
1.000000000000000000e+00
1.000000000000000000e+00
1.000000000000000000e+00
1.000000000000000000e+00
1.000000000000000000e+00
1.000000000000000000e+00
1.000000000000000000e+00
1.000000000000000000e+00
1.000000000000000000e+00
1.000000000000000000e+00
1.000000000000000000e+00
1.000000000000000000e+00
1.000000000000000000e+00
1.000000000000000000e+00
1.000000000000000000e+00
1.000000000000000000e+00
1.000000000000000000e+00
1.000000000000000000e+00
1.000000000000000000e+00
1.000000000000000000e+00
1.000000000000000000e+00
1.000000000000000000e+00
1.000000000000000000e+00
1.000000000000000000e+00
1.000000000000000000e+00
1.000000000000000000e+00
1.000000000000000000e+00
1.000000000000000000e+00
1.000000000000000000e+00
1.000000000000000000e+00
1.000000000000000000e+00
1.000000000000000000e+00
1.000000000000000000e+00
1.000000000000000000e+00
1.000000000000000000e+00
1.000000000000000000e+00
1.000000000000000000e+00
1.000000000000000000e+00
1.000000000000000000e+00
1.000000000000000000e+00
1.000000000000000000e+00
1.000000000000000000e+00
1.000000000000000000e+00
1.000000000000000000e+00
1.000000000000000000e+00
1.000000000000000000e+00
1.000000000000000000e+00
1.000000000000000000e+00
1.000000000000000000e+00
1.000000000000000000e+00
1.000000000000000000e+00
1.000000000000000000e+00
1.000000000000000000e+00
1.000000000000000000e+00
1.000000000000000000e+00
1.000000000000000000e+00
1.000000000000000000e+00
1.000000000000000000e+00
1.000000000000000000e+00
1.000000000000000000e+00
1.000000000000000000e+00
1.000000000000000000e+00
1.000000000000000000e+00
1.000000000000000000e+00
1.000000000000000000e+00
1.000000000000000000e+00
1.000000000000000000e+00
1.000000000000000000e+00
1.000000000000000000e+00
1.000000000000000000e+00
1.000000000000000000e+00
1.000000000000000000e+00
1.000000000000000000e+00
1.000000000000000000e+00
1.000000000000000000e+00
1.000000000000000000e+00
1.000000000000000000e+00
1.000000000000000000e+00
1.000000000000000000e+00
1.000000000000000000e+00
1.000000000000000000e+00
1.000000000000000000e+00
1.000000000000000000e+00
1.000000000000000000e+00
1.000000000000000000e+00
1.000000000000000000e+00
1.000000000000000000e+00
1.000000000000000000e+00
1.000000000000000000e+00
1.000000000000000000e+00
1.000000000000000000e+00
1.000000000000000000e+00
1.000000000000000000e+00
1.000000000000000000e+00
1.000000000000000000e+00
1.000000000000000000e+00
1.000000000000000000e+00
1.000000000000000000e+00
1.000000000000000000e+00
1.000000000000000000e+00
1.000000000000000000e+00
1.000000000000000000e+00
1.000000000000000000e+00
1.000000000000000000e+00
1.000000000000000000e+00
1.000000000000000000e+00
1.000000000000000000e+00
1.000000000000000000e+00
1.000000000000000000e+00
1.000000000000000000e+00
1.000000000000000000e+00
1.000000000000000000e+00
1.000000000000000000e+00
1.000000000000000000e+00
1.000000000000000000e+00
1.000000000000000000e+00
1.000000000000000000e+00
1.000000000000000000e+00
1.000000000000000000e+00
1.000000000000000000e+00
1.000000000000000000e+00
1.000000000000000000e+00
1.000000000000000000e+00
1.000000000000000000e+00
1.000000000000000000e+00
1.000000000000000000e+00
1.000000000000000000e+00
1.000000000000000000e+00
1.000000000000000000e+00
1.000000000000000000e+00
1.000000000000000000e+00
1.000000000000000000e+00
1.000000000000000000e+00
1.000000000000000000e+00
1.000000000000000000e+00
1.000000000000000000e+00
1.000000000000000000e+00
1.000000000000000000e+00
1.000000000000000000e+00
1.000000000000000000e+00
1.000000000000000000e+00
1.000000000000000000e+00
1.000000000000000000e+00
1.000000000000000000e+00
1.000000000000000000e+00
1.000000000000000000e+00
1.000000000000000000e+00
1.000000000000000000e+00
1.000000000000000000e+00
1.000000000000000000e+00
1.000000000000000000e+00
1.000000000000000000e+00
1.000000000000000000e+00
1.000000000000000000e+00
1.000000000000000000e+00
1.000000000000000000e+00
1.000000000000000000e+00
1.000000000000000000e+00
1.000000000000000000e+00
1.000000000000000000e+00
1.000000000000000000e+00
1.000000000000000000e+00
1.000000000000000000e+00
1.000000000000000000e+00
1.000000000000000000e+00
1.000000000000000000e+00
1.000000000000000000e+00
1.000000000000000000e+00
1.000000000000000000e+00
1.000000000000000000e+00
1.000000000000000000e+00
1.000000000000000000e+00
1.000000000000000000e+00
1.000000000000000000e+00
1.000000000000000000e+00
1.000000000000000000e+00
1.000000000000000000e+00
1.000000000000000000e+00
1.000000000000000000e+00
1.000000000000000000e+00
1.000000000000000000e+00
1.000000000000000000e+00
1.000000000000000000e+00
1.000000000000000000e+00
1.000000000000000000e+00
1.000000000000000000e+00
1.000000000000000000e+00
1.000000000000000000e+00
1.000000000000000000e+00
1.000000000000000000e+00
1.000000000000000000e+00
1.000000000000000000e+00
1.000000000000000000e+00
1.000000000000000000e+00
1.000000000000000000e+00
1.000000000000000000e+00
1.000000000000000000e+00
1.000000000000000000e+00
1.000000000000000000e+00
1.000000000000000000e+00
1.000000000000000000e+00
1.000000000000000000e+00
1.000000000000000000e+00
1.000000000000000000e+00
1.000000000000000000e+00
1.000000000000000000e+00
1.000000000000000000e+00
1.000000000000000000e+00
1.000000000000000000e+00
1.000000000000000000e+00
1.000000000000000000e+00
1.000000000000000000e+00
1.000000000000000000e+00
1.000000000000000000e+00
1.000000000000000000e+00
1.000000000000000000e+00
1.000000000000000000e+00
1.000000000000000000e+00
1.000000000000000000e+00
1.000000000000000000e+00
1.000000000000000000e+00
1.000000000000000000e+00
1.000000000000000000e+00
1.000000000000000000e+00
1.000000000000000000e+00
1.000000000000000000e+00
1.000000000000000000e+00
1.000000000000000000e+00
1.000000000000000000e+00
1.000000000000000000e+00
1.000000000000000000e+00
1.000000000000000000e+00
1.000000000000000000e+00
1.000000000000000000e+00
1.000000000000000000e+00
1.000000000000000000e+00
1.000000000000000000e+00
1.000000000000000000e+00
1.000000000000000000e+00
1.000000000000000000e+00
1.000000000000000000e+00
1.000000000000000000e+00
1.000000000000000000e+00
1.000000000000000000e+00
1.000000000000000000e+00
1.000000000000000000e+00
1.000000000000000000e+00
1.000000000000000000e+00
1.000000000000000000e+00
1.000000000000000000e+00
1.000000000000000000e+00
1.000000000000000000e+00
1.000000000000000000e+00
1.000000000000000000e+00
1.000000000000000000e+00
1.000000000000000000e+00
1.000000000000000000e+00
1.000000000000000000e+00
1.000000000000000000e+00
1.000000000000000000e+00
1.000000000000000000e+00
1.000000000000000000e+00
1.000000000000000000e+00
1.000000000000000000e+00
1.000000000000000000e+00
1.000000000000000000e+00
1.000000000000000000e+00
1.000000000000000000e+00
1.000000000000000000e+00
1.000000000000000000e+00
1.000000000000000000e+00
1.000000000000000000e+00
1.000000000000000000e+00
1.000000000000000000e+00
1.000000000000000000e+00
1.000000000000000000e+00
1.000000000000000000e+00
1.000000000000000000e+00
1.000000000000000000e+00
1.000000000000000000e+00
1.000000000000000000e+00
1.000000000000000000e+00
1.000000000000000000e+00
1.000000000000000000e+00
1.000000000000000000e+00
1.000000000000000000e+00
1.000000000000000000e+00
1.000000000000000000e+00
1.000000000000000000e+00
1.000000000000000000e+00
1.000000000000000000e+00
1.000000000000000000e+00
1.000000000000000000e+00
1.000000000000000000e+00
1.000000000000000000e+00
1.000000000000000000e+00
1.000000000000000000e+00
1.000000000000000000e+00
1.000000000000000000e+00
1.000000000000000000e+00
1.000000000000000000e+00
1.000000000000000000e+00
1.000000000000000000e+00
1.000000000000000000e+00
1.000000000000000000e+00
1.000000000000000000e+00
1.000000000000000000e+00
1.000000000000000000e+00
1.000000000000000000e+00
1.000000000000000000e+00
1.000000000000000000e+00
1.000000000000000000e+00
1.000000000000000000e+00
1.000000000000000000e+00
1.000000000000000000e+00
1.000000000000000000e+00
1.000000000000000000e+00
1.000000000000000000e+00
1.000000000000000000e+00
1.000000000000000000e+00
1.000000000000000000e+00
1.000000000000000000e+00
1.000000000000000000e+00
1.000000000000000000e+00
1.000000000000000000e+00
1.000000000000000000e+00
1.000000000000000000e+00
1.000000000000000000e+00
1.000000000000000000e+00
1.000000000000000000e+00
1.000000000000000000e+00
1.000000000000000000e+00
1.000000000000000000e+00
1.000000000000000000e+00
1.000000000000000000e+00
1.000000000000000000e+00
1.000000000000000000e+00
1.000000000000000000e+00
1.000000000000000000e+00
1.000000000000000000e+00
1.000000000000000000e+00
1.000000000000000000e+00
1.000000000000000000e+00
1.000000000000000000e+00
1.000000000000000000e+00
1.000000000000000000e+00
1.000000000000000000e+00
1.000000000000000000e+00
1.000000000000000000e+00
1.000000000000000000e+00
1.000000000000000000e+00
1.000000000000000000e+00
1.000000000000000000e+00
1.000000000000000000e+00
1.000000000000000000e+00
1.000000000000000000e+00
1.000000000000000000e+00
1.000000000000000000e+00
1.000000000000000000e+00
1.000000000000000000e+00
1.000000000000000000e+00
1.000000000000000000e+00
1.000000000000000000e+00
1.000000000000000000e+00
1.000000000000000000e+00
1.000000000000000000e+00
1.000000000000000000e+00
1.000000000000000000e+00
1.000000000000000000e+00
1.000000000000000000e+00
1.000000000000000000e+00
1.000000000000000000e+00
1.000000000000000000e+00
1.000000000000000000e+00
1.000000000000000000e+00
1.000000000000000000e+00
1.000000000000000000e+00
1.000000000000000000e+00
1.000000000000000000e+00
1.000000000000000000e+00
1.000000000000000000e+00
1.000000000000000000e+00
1.000000000000000000e+00
1.000000000000000000e+00
1.000000000000000000e+00
1.000000000000000000e+00
-1.000000000000000000e+00
-1.000000000000000000e+00
-1.000000000000000000e+00
-1.000000000000000000e+00
-1.000000000000000000e+00
-1.000000000000000000e+00
-1.000000000000000000e+00
-1.000000000000000000e+00
-1.000000000000000000e+00
-1.000000000000000000e+00
-1.000000000000000000e+00
-1.000000000000000000e+00
-1.000000000000000000e+00
-1.000000000000000000e+00
-1.000000000000000000e+00
-1.000000000000000000e+00
-1.000000000000000000e+00
-1.000000000000000000e+00
-1.000000000000000000e+00
-1.000000000000000000e+00
-1.000000000000000000e+00
-1.000000000000000000e+00
-1.000000000000000000e+00
-1.000000000000000000e+00
-1.000000000000000000e+00
-1.000000000000000000e+00
-1.000000000000000000e+00
-1.000000000000000000e+00
-1.000000000000000000e+00
-1.000000000000000000e+00
-1.000000000000000000e+00
-1.000000000000000000e+00
-1.000000000000000000e+00
-1.000000000000000000e+00
-1.000000000000000000e+00
-1.000000000000000000e+00
-1.000000000000000000e+00
-1.000000000000000000e+00
-1.000000000000000000e+00
-1.000000000000000000e+00
-1.000000000000000000e+00
-1.000000000000000000e+00
-1.000000000000000000e+00
-1.000000000000000000e+00
-1.000000000000000000e+00
-1.000000000000000000e+00
-1.000000000000000000e+00
-1.000000000000000000e+00
-1.000000000000000000e+00
-1.000000000000000000e+00
-1.000000000000000000e+00
-1.000000000000000000e+00
-1.000000000000000000e+00
-1.000000000000000000e+00
-1.000000000000000000e+00
-1.000000000000000000e+00
-1.000000000000000000e+00
-1.000000000000000000e+00
-1.000000000000000000e+00
-1.000000000000000000e+00
-1.000000000000000000e+00
-1.000000000000000000e+00
-1.000000000000000000e+00
-1.000000000000000000e+00
-1.000000000000000000e+00
-1.000000000000000000e+00
-1.000000000000000000e+00
-1.000000000000000000e+00
-1.000000000000000000e+00
-1.000000000000000000e+00
-1.000000000000000000e+00
-1.000000000000000000e+00
-1.000000000000000000e+00
-1.000000000000000000e+00
-1.000000000000000000e+00
-1.000000000000000000e+00
-1.000000000000000000e+00
-1.000000000000000000e+00
-1.000000000000000000e+00
-1.000000000000000000e+00
-1.000000000000000000e+00
-1.000000000000000000e+00
-1.000000000000000000e+00
-1.000000000000000000e+00
-1.000000000000000000e+00
-1.000000000000000000e+00
-1.000000000000000000e+00
-1.000000000000000000e+00
-1.000000000000000000e+00
-1.000000000000000000e+00
-1.000000000000000000e+00
-1.000000000000000000e+00
-1.000000000000000000e+00
-1.000000000000000000e+00
-1.000000000000000000e+00
-1.000000000000000000e+00
-1.000000000000000000e+00
-1.000000000000000000e+00
-1.000000000000000000e+00
-1.000000000000000000e+00
-1.000000000000000000e+00
-1.000000000000000000e+00
-1.000000000000000000e+00
-1.000000000000000000e+00
-1.000000000000000000e+00
-1.000000000000000000e+00
-1.000000000000000000e+00
-1.000000000000000000e+00
-1.000000000000000000e+00
-1.000000000000000000e+00
-1.000000000000000000e+00
-1.000000000000000000e+00
-1.000000000000000000e+00
-1.000000000000000000e+00
-1.000000000000000000e+00
-1.000000000000000000e+00
-1.000000000000000000e+00
-1.000000000000000000e+00
-1.000000000000000000e+00
-1.000000000000000000e+00
-1.000000000000000000e+00
-1.000000000000000000e+00
-1.000000000000000000e+00
-1.000000000000000000e+00
-1.000000000000000000e+00
-1.000000000000000000e+00
-1.000000000000000000e+00
-1.000000000000000000e+00
-1.000000000000000000e+00
-1.000000000000000000e+00
-1.000000000000000000e+00
-1.000000000000000000e+00
-1.000000000000000000e+00
-1.000000000000000000e+00
-1.000000000000000000e+00
-1.000000000000000000e+00
-1.000000000000000000e+00
-1.000000000000000000e+00
-1.000000000000000000e+00
-1.000000000000000000e+00
-1.000000000000000000e+00
-1.000000000000000000e+00
-1.000000000000000000e+00
-1.000000000000000000e+00
-1.000000000000000000e+00
-1.000000000000000000e+00
-1.000000000000000000e+00
-1.000000000000000000e+00
-1.000000000000000000e+00
-1.000000000000000000e+00
-1.000000000000000000e+00
-1.000000000000000000e+00
-1.000000000000000000e+00
-1.000000000000000000e+00
-1.000000000000000000e+00
-1.000000000000000000e+00
-1.000000000000000000e+00
-1.000000000000000000e+00
-1.000000000000000000e+00
-1.000000000000000000e+00
-1.000000000000000000e+00
-1.000000000000000000e+00
-1.000000000000000000e+00
-1.000000000000000000e+00
-1.000000000000000000e+00
-1.000000000000000000e+00
-1.000000000000000000e+00
-1.000000000000000000e+00
-1.000000000000000000e+00
-1.000000000000000000e+00
-1.000000000000000000e+00
-1.000000000000000000e+00
-1.000000000000000000e+00
-1.000000000000000000e+00
-1.000000000000000000e+00
-1.000000000000000000e+00
-1.000000000000000000e+00
-1.000000000000000000e+00
-1.000000000000000000e+00
-1.000000000000000000e+00
-1.000000000000000000e+00
-1.000000000000000000e+00
-1.000000000000000000e+00
-1.000000000000000000e+00
-1.000000000000000000e+00
-1.000000000000000000e+00
-1.000000000000000000e+00
-1.000000000000000000e+00
-1.000000000000000000e+00
-1.000000000000000000e+00
-1.000000000000000000e+00
-1.000000000000000000e+00
-1.000000000000000000e+00
-1.000000000000000000e+00
-1.000000000000000000e+00
-1.000000000000000000e+00
-1.000000000000000000e+00
-1.000000000000000000e+00
-1.000000000000000000e+00
-1.000000000000000000e+00
-1.000000000000000000e+00
-1.000000000000000000e+00
-1.000000000000000000e+00
-1.000000000000000000e+00
-1.000000000000000000e+00
-1.000000000000000000e+00
-1.000000000000000000e+00
-1.000000000000000000e+00
-1.000000000000000000e+00
-1.000000000000000000e+00
-1.000000000000000000e+00
-1.000000000000000000e+00
-1.000000000000000000e+00
-1.000000000000000000e+00
-1.000000000000000000e+00
-1.000000000000000000e+00
-1.000000000000000000e+00
-1.000000000000000000e+00
-1.000000000000000000e+00
-1.000000000000000000e+00
-1.000000000000000000e+00
-1.000000000000000000e+00
-1.000000000000000000e+00
-1.000000000000000000e+00
-1.000000000000000000e+00
-1.000000000000000000e+00
-1.000000000000000000e+00
-1.000000000000000000e+00
-1.000000000000000000e+00
-1.000000000000000000e+00
-1.000000000000000000e+00
-1.000000000000000000e+00
-1.000000000000000000e+00
-1.000000000000000000e+00
-1.000000000000000000e+00
-1.000000000000000000e+00
-1.000000000000000000e+00
-1.000000000000000000e+00
-1.000000000000000000e+00
-1.000000000000000000e+00
-1.000000000000000000e+00
-1.000000000000000000e+00
-1.000000000000000000e+00
-1.000000000000000000e+00
-1.000000000000000000e+00
-1.000000000000000000e+00
-1.000000000000000000e+00
-1.000000000000000000e+00
-1.000000000000000000e+00
-1.000000000000000000e+00
-1.000000000000000000e+00
-1.000000000000000000e+00
-1.000000000000000000e+00
-1.000000000000000000e+00
-1.000000000000000000e+00
-1.000000000000000000e+00
-1.000000000000000000e+00
-1.000000000000000000e+00
-1.000000000000000000e+00
-1.000000000000000000e+00
-1.000000000000000000e+00
-1.000000000000000000e+00
-1.000000000000000000e+00
-1.000000000000000000e+00
-1.000000000000000000e+00
-1.000000000000000000e+00
-1.000000000000000000e+00
-1.000000000000000000e+00
-1.000000000000000000e+00
-1.000000000000000000e+00
-1.000000000000000000e+00
-1.000000000000000000e+00
-1.000000000000000000e+00
-1.000000000000000000e+00
-1.000000000000000000e+00
-1.000000000000000000e+00
-1.000000000000000000e+00
-1.000000000000000000e+00
-1.000000000000000000e+00
-1.000000000000000000e+00
-1.000000000000000000e+00
-1.000000000000000000e+00
-1.000000000000000000e+00
-1.000000000000000000e+00
-1.000000000000000000e+00
-1.000000000000000000e+00
-1.000000000000000000e+00
-1.000000000000000000e+00
-1.000000000000000000e+00
-1.000000000000000000e+00
-1.000000000000000000e+00
-1.000000000000000000e+00
-1.000000000000000000e+00
-1.000000000000000000e+00
-1.000000000000000000e+00
-1.000000000000000000e+00
-1.000000000000000000e+00
-1.000000000000000000e+00
-1.000000000000000000e+00
-1.000000000000000000e+00
-1.000000000000000000e+00
-1.000000000000000000e+00
-1.000000000000000000e+00
-1.000000000000000000e+00
-1.000000000000000000e+00
-1.000000000000000000e+00
-1.000000000000000000e+00
-1.000000000000000000e+00
-1.000000000000000000e+00
-1.000000000000000000e+00
-1.000000000000000000e+00
-1.000000000000000000e+00
-1.000000000000000000e+00
-1.000000000000000000e+00
-1.000000000000000000e+00
-1.000000000000000000e+00
-1.000000000000000000e+00
-1.000000000000000000e+00
-1.000000000000000000e+00
-1.000000000000000000e+00
-1.000000000000000000e+00
-1.000000000000000000e+00
-1.000000000000000000e+00
-1.000000000000000000e+00
-1.000000000000000000e+00
-1.000000000000000000e+00
-1.000000000000000000e+00
-1.000000000000000000e+00
-1.000000000000000000e+00
-1.000000000000000000e+00
-1.000000000000000000e+00
-1.000000000000000000e+00
-1.000000000000000000e+00
-1.000000000000000000e+00
-1.000000000000000000e+00
-1.000000000000000000e+00
-1.000000000000000000e+00
-1.000000000000000000e+00
-1.000000000000000000e+00
-1.000000000000000000e+00
-1.000000000000000000e+00
-1.000000000000000000e+00
-1.000000000000000000e+00
-1.000000000000000000e+00
-1.000000000000000000e+00
-1.000000000000000000e+00
-1.000000000000000000e+00
-1.000000000000000000e+00
-1.000000000000000000e+00
-1.000000000000000000e+00
-1.000000000000000000e+00
-1.000000000000000000e+00
-1.000000000000000000e+00
-1.000000000000000000e+00
-1.000000000000000000e+00
-1.000000000000000000e+00
-1.000000000000000000e+00
-1.000000000000000000e+00
-1.000000000000000000e+00
-1.000000000000000000e+00
-1.000000000000000000e+00
-1.000000000000000000e+00
-1.000000000000000000e+00
-1.000000000000000000e+00
-1.000000000000000000e+00
-1.000000000000000000e+00
-1.000000000000000000e+00
-1.000000000000000000e+00
-1.000000000000000000e+00
-1.000000000000000000e+00
-1.000000000000000000e+00
-1.000000000000000000e+00
-1.000000000000000000e+00
-1.000000000000000000e+00
-1.000000000000000000e+00
-1.000000000000000000e+00
-1.000000000000000000e+00
-1.000000000000000000e+00
-1.000000000000000000e+00
-1.000000000000000000e+00
-1.000000000000000000e+00
-1.000000000000000000e+00
-1.000000000000000000e+00
-1.000000000000000000e+00
-1.000000000000000000e+00
-1.000000000000000000e+00
-1.000000000000000000e+00
-1.000000000000000000e+00
-1.000000000000000000e+00
-1.000000000000000000e+00
-1.000000000000000000e+00
-1.000000000000000000e+00
-1.000000000000000000e+00
-1.000000000000000000e+00
-1.000000000000000000e+00
-1.000000000000000000e+00
-1.000000000000000000e+00
-1.000000000000000000e+00
-1.000000000000000000e+00
-1.000000000000000000e+00
-1.000000000000000000e+00
-1.000000000000000000e+00
-9.023793103076400701e-01
1.000000000000000000e+00
1.000000000000000000e+00
1.000000000000000000e+00
1.000000000000000000e+00
1.000000000000000000e+00
1.000000000000000000e+00
1.000000000000000000e+00
1.000000000000000000e+00
1.000000000000000000e+00
1.000000000000000000e+00
1.000000000000000000e+00
1.000000000000000000e+00
1.000000000000000000e+00
1.000000000000000000e+00
1.000000000000000000e+00
1.000000000000000000e+00
1.000000000000000000e+00
1.000000000000000000e+00
1.000000000000000000e+00
1.000000000000000000e+00
1.000000000000000000e+00
1.000000000000000000e+00
1.000000000000000000e+00
1.000000000000000000e+00
1.000000000000000000e+00
1.000000000000000000e+00
1.000000000000000000e+00
1.000000000000000000e+00
1.000000000000000000e+00
1.000000000000000000e+00
1.000000000000000000e+00
1.000000000000000000e+00
1.000000000000000000e+00
1.000000000000000000e+00
1.000000000000000000e+00
1.000000000000000000e+00
1.000000000000000000e+00
1.000000000000000000e+00
1.000000000000000000e+00
1.000000000000000000e+00
1.000000000000000000e+00
1.000000000000000000e+00
1.000000000000000000e+00
1.000000000000000000e+00
1.000000000000000000e+00
1.000000000000000000e+00
1.000000000000000000e+00
1.000000000000000000e+00
1.000000000000000000e+00
1.000000000000000000e+00
1.000000000000000000e+00
1.000000000000000000e+00
1.000000000000000000e+00
1.000000000000000000e+00
1.000000000000000000e+00
1.000000000000000000e+00
1.000000000000000000e+00
1.000000000000000000e+00
1.000000000000000000e+00
1.000000000000000000e+00
1.000000000000000000e+00
1.000000000000000000e+00
1.000000000000000000e+00
1.000000000000000000e+00
1.000000000000000000e+00
1.000000000000000000e+00
1.000000000000000000e+00
1.000000000000000000e+00
1.000000000000000000e+00
1.000000000000000000e+00
1.000000000000000000e+00
1.000000000000000000e+00
1.000000000000000000e+00
1.000000000000000000e+00
1.000000000000000000e+00
1.000000000000000000e+00
1.000000000000000000e+00
1.000000000000000000e+00
1.000000000000000000e+00
1.000000000000000000e+00
1.000000000000000000e+00
1.000000000000000000e+00
1.000000000000000000e+00
1.000000000000000000e+00
1.000000000000000000e+00
1.000000000000000000e+00
1.000000000000000000e+00
1.000000000000000000e+00
1.000000000000000000e+00
1.000000000000000000e+00
1.000000000000000000e+00
1.000000000000000000e+00
1.000000000000000000e+00
1.000000000000000000e+00
1.000000000000000000e+00
1.000000000000000000e+00
1.000000000000000000e+00
1.000000000000000000e+00
1.000000000000000000e+00
1.000000000000000000e+00
1.000000000000000000e+00
1.000000000000000000e+00
1.000000000000000000e+00
1.000000000000000000e+00
1.000000000000000000e+00
1.000000000000000000e+00
1.000000000000000000e+00
1.000000000000000000e+00
1.000000000000000000e+00
1.000000000000000000e+00
1.000000000000000000e+00
1.000000000000000000e+00
1.000000000000000000e+00
1.000000000000000000e+00
1.000000000000000000e+00
1.000000000000000000e+00
1.000000000000000000e+00
1.000000000000000000e+00
1.000000000000000000e+00
1.000000000000000000e+00
1.000000000000000000e+00
1.000000000000000000e+00
1.000000000000000000e+00
1.000000000000000000e+00
1.000000000000000000e+00
1.000000000000000000e+00
1.000000000000000000e+00
1.000000000000000000e+00
1.000000000000000000e+00
1.000000000000000000e+00
1.000000000000000000e+00
1.000000000000000000e+00
1.000000000000000000e+00
1.000000000000000000e+00
1.000000000000000000e+00
1.000000000000000000e+00
1.000000000000000000e+00
1.000000000000000000e+00
1.000000000000000000e+00
1.000000000000000000e+00
1.000000000000000000e+00
1.000000000000000000e+00
1.000000000000000000e+00
1.000000000000000000e+00
1.000000000000000000e+00
1.000000000000000000e+00
1.000000000000000000e+00
1.000000000000000000e+00
1.000000000000000000e+00
1.000000000000000000e+00
1.000000000000000000e+00
1.000000000000000000e+00
1.000000000000000000e+00
1.000000000000000000e+00
1.000000000000000000e+00
1.000000000000000000e+00
1.000000000000000000e+00
1.000000000000000000e+00
1.000000000000000000e+00
1.000000000000000000e+00
1.000000000000000000e+00
1.000000000000000000e+00
1.000000000000000000e+00
1.000000000000000000e+00
1.000000000000000000e+00
1.000000000000000000e+00
1.000000000000000000e+00
1.000000000000000000e+00
1.000000000000000000e+00
1.000000000000000000e+00
1.000000000000000000e+00
1.000000000000000000e+00
1.000000000000000000e+00
1.000000000000000000e+00
1.000000000000000000e+00
1.000000000000000000e+00
1.000000000000000000e+00
1.000000000000000000e+00
1.000000000000000000e+00
1.000000000000000000e+00
1.000000000000000000e+00
1.000000000000000000e+00
1.000000000000000000e+00
1.000000000000000000e+00
1.000000000000000000e+00
1.000000000000000000e+00
1.000000000000000000e+00
1.000000000000000000e+00
1.000000000000000000e+00
1.000000000000000000e+00
1.000000000000000000e+00
1.000000000000000000e+00
1.000000000000000000e+00
1.000000000000000000e+00
1.000000000000000000e+00
1.000000000000000000e+00
1.000000000000000000e+00
1.000000000000000000e+00
1.000000000000000000e+00
1.000000000000000000e+00
1.000000000000000000e+00
1.000000000000000000e+00
1.000000000000000000e+00
1.000000000000000000e+00
1.000000000000000000e+00
1.000000000000000000e+00
1.000000000000000000e+00
1.000000000000000000e+00
1.000000000000000000e+00
1.000000000000000000e+00
1.000000000000000000e+00
1.000000000000000000e+00
1.000000000000000000e+00
1.000000000000000000e+00
1.000000000000000000e+00
1.000000000000000000e+00
1.000000000000000000e+00
1.000000000000000000e+00
1.000000000000000000e+00
1.000000000000000000e+00
1.000000000000000000e+00
1.000000000000000000e+00
1.000000000000000000e+00
1.000000000000000000e+00
1.000000000000000000e+00
1.000000000000000000e+00
1.000000000000000000e+00
1.000000000000000000e+00
1.000000000000000000e+00
1.000000000000000000e+00
1.000000000000000000e+00
1.000000000000000000e+00
1.000000000000000000e+00
1.000000000000000000e+00
1.000000000000000000e+00
1.000000000000000000e+00
1.000000000000000000e+00
1.000000000000000000e+00
1.000000000000000000e+00
1.000000000000000000e+00
1.000000000000000000e+00
1.000000000000000000e+00
1.000000000000000000e+00
1.000000000000000000e+00
1.000000000000000000e+00
1.000000000000000000e+00
1.000000000000000000e+00
1.000000000000000000e+00
1.000000000000000000e+00
1.000000000000000000e+00
1.000000000000000000e+00
1.000000000000000000e+00
1.000000000000000000e+00
1.000000000000000000e+00
1.000000000000000000e+00
1.000000000000000000e+00
1.000000000000000000e+00
1.000000000000000000e+00
1.000000000000000000e+00
1.000000000000000000e+00
1.000000000000000000e+00
1.000000000000000000e+00
1.000000000000000000e+00
1.000000000000000000e+00
1.000000000000000000e+00
1.000000000000000000e+00
1.000000000000000000e+00
1.000000000000000000e+00
1.000000000000000000e+00
1.000000000000000000e+00
1.000000000000000000e+00
1.000000000000000000e+00
1.000000000000000000e+00
1.000000000000000000e+00
1.000000000000000000e+00
1.000000000000000000e+00
1.000000000000000000e+00
1.000000000000000000e+00
1.000000000000000000e+00
1.000000000000000000e+00
1.000000000000000000e+00
1.000000000000000000e+00
1.000000000000000000e+00
1.000000000000000000e+00
1.000000000000000000e+00
1.000000000000000000e+00
1.000000000000000000e+00
1.000000000000000000e+00
1.000000000000000000e+00
1.000000000000000000e+00
1.000000000000000000e+00
1.000000000000000000e+00
1.000000000000000000e+00
1.000000000000000000e+00
1.000000000000000000e+00
1.000000000000000000e+00
1.000000000000000000e+00
1.000000000000000000e+00
1.000000000000000000e+00
1.000000000000000000e+00
1.000000000000000000e+00
1.000000000000000000e+00
1.000000000000000000e+00
1.000000000000000000e+00
1.000000000000000000e+00
1.000000000000000000e+00
1.000000000000000000e+00
1.000000000000000000e+00
1.000000000000000000e+00
1.000000000000000000e+00
1.000000000000000000e+00
1.000000000000000000e+00
1.000000000000000000e+00
1.000000000000000000e+00
1.000000000000000000e+00
1.000000000000000000e+00
1.000000000000000000e+00
1.000000000000000000e+00
1.000000000000000000e+00
1.000000000000000000e+00
1.000000000000000000e+00
1.000000000000000000e+00
1.000000000000000000e+00
1.000000000000000000e+00
1.000000000000000000e+00
1.000000000000000000e+00
1.000000000000000000e+00
1.000000000000000000e+00
1.000000000000000000e+00
1.000000000000000000e+00
1.000000000000000000e+00
1.000000000000000000e+00
1.000000000000000000e+00
1.000000000000000000e+00
1.000000000000000000e+00
1.000000000000000000e+00
1.000000000000000000e+00
1.000000000000000000e+00
1.000000000000000000e+00
1.000000000000000000e+00
1.000000000000000000e+00
1.000000000000000000e+00
1.000000000000000000e+00
1.000000000000000000e+00
1.000000000000000000e+00
1.000000000000000000e+00
1.000000000000000000e+00
1.000000000000000000e+00
1.000000000000000000e+00
1.000000000000000000e+00
1.000000000000000000e+00
1.000000000000000000e+00
1.000000000000000000e+00
1.000000000000000000e+00
1.000000000000000000e+00
1.000000000000000000e+00
1.000000000000000000e+00
1.000000000000000000e+00
1.000000000000000000e+00
1.000000000000000000e+00
1.000000000000000000e+00
1.000000000000000000e+00
1.000000000000000000e+00
1.000000000000000000e+00
1.000000000000000000e+00
1.000000000000000000e+00
1.000000000000000000e+00
1.000000000000000000e+00
1.000000000000000000e+00
1.000000000000000000e+00
1.000000000000000000e+00
1.000000000000000000e+00
1.000000000000000000e+00
1.000000000000000000e+00
1.000000000000000000e+00
1.000000000000000000e+00
1.000000000000000000e+00
1.000000000000000000e+00
1.000000000000000000e+00
1.000000000000000000e+00
1.000000000000000000e+00
1.000000000000000000e+00
1.000000000000000000e+00
1.000000000000000000e+00
1.000000000000000000e+00
1.000000000000000000e+00
1.000000000000000000e+00
1.000000000000000000e+00
1.000000000000000000e+00
1.000000000000000000e+00
1.000000000000000000e+00
1.000000000000000000e+00
1.000000000000000000e+00
1.000000000000000000e+00
1.000000000000000000e+00
1.000000000000000000e+00
-1.000000000000000000e+00
-1.000000000000000000e+00
-1.000000000000000000e+00
-1.000000000000000000e+00
-1.000000000000000000e+00
-1.000000000000000000e+00
-1.000000000000000000e+00
-1.000000000000000000e+00
-1.000000000000000000e+00
-1.000000000000000000e+00
-1.000000000000000000e+00
-1.000000000000000000e+00
-1.000000000000000000e+00
-1.000000000000000000e+00
-1.000000000000000000e+00
-1.000000000000000000e+00
-1.000000000000000000e+00
-1.000000000000000000e+00
-1.000000000000000000e+00
-1.000000000000000000e+00
-1.000000000000000000e+00
-1.000000000000000000e+00
-1.000000000000000000e+00
-1.000000000000000000e+00
-1.000000000000000000e+00
-1.000000000000000000e+00
-1.000000000000000000e+00
-1.000000000000000000e+00
-1.000000000000000000e+00
-1.000000000000000000e+00
-1.000000000000000000e+00
-1.000000000000000000e+00
-1.000000000000000000e+00
-1.000000000000000000e+00
-1.000000000000000000e+00
-1.000000000000000000e+00
-1.000000000000000000e+00
-1.000000000000000000e+00
-1.000000000000000000e+00
-1.000000000000000000e+00
-1.000000000000000000e+00
-1.000000000000000000e+00
-1.000000000000000000e+00
-1.000000000000000000e+00
-1.000000000000000000e+00
-1.000000000000000000e+00
-1.000000000000000000e+00
-1.000000000000000000e+00
-1.000000000000000000e+00
-1.000000000000000000e+00
-1.000000000000000000e+00
-1.000000000000000000e+00
-1.000000000000000000e+00
-1.000000000000000000e+00
-1.000000000000000000e+00
-1.000000000000000000e+00
-1.000000000000000000e+00
-1.000000000000000000e+00
-1.000000000000000000e+00
-1.000000000000000000e+00
-1.000000000000000000e+00
-1.000000000000000000e+00
-1.000000000000000000e+00
-1.000000000000000000e+00
-1.000000000000000000e+00
-1.000000000000000000e+00
-1.000000000000000000e+00
-1.000000000000000000e+00
-1.000000000000000000e+00
-1.000000000000000000e+00
-1.000000000000000000e+00
-1.000000000000000000e+00
-1.000000000000000000e+00
-1.000000000000000000e+00
-1.000000000000000000e+00
-1.000000000000000000e+00
-1.000000000000000000e+00
-1.000000000000000000e+00
-1.000000000000000000e+00
-1.000000000000000000e+00
-1.000000000000000000e+00
-1.000000000000000000e+00
-1.000000000000000000e+00
-1.000000000000000000e+00
-1.000000000000000000e+00
-1.000000000000000000e+00
-1.000000000000000000e+00
-1.000000000000000000e+00
-1.000000000000000000e+00
-1.000000000000000000e+00
-1.000000000000000000e+00
-1.000000000000000000e+00
-1.000000000000000000e+00
-1.000000000000000000e+00
-1.000000000000000000e+00
-1.000000000000000000e+00
-1.000000000000000000e+00
-1.000000000000000000e+00
-1.000000000000000000e+00
-1.000000000000000000e+00
-1.000000000000000000e+00
-1.000000000000000000e+00
-1.000000000000000000e+00
-1.000000000000000000e+00
-1.000000000000000000e+00
-1.000000000000000000e+00
-1.000000000000000000e+00
-1.000000000000000000e+00
-1.000000000000000000e+00
-1.000000000000000000e+00
-1.000000000000000000e+00
-1.000000000000000000e+00
-1.000000000000000000e+00
-1.000000000000000000e+00
-1.000000000000000000e+00
-1.000000000000000000e+00
-1.000000000000000000e+00
-1.000000000000000000e+00
-1.000000000000000000e+00
-1.000000000000000000e+00
-1.000000000000000000e+00
-1.000000000000000000e+00
-1.000000000000000000e+00
-1.000000000000000000e+00
-1.000000000000000000e+00
-1.000000000000000000e+00
-1.000000000000000000e+00
-1.000000000000000000e+00
-1.000000000000000000e+00
-1.000000000000000000e+00
-1.000000000000000000e+00
-1.000000000000000000e+00
-1.000000000000000000e+00
-1.000000000000000000e+00
-1.000000000000000000e+00
-1.000000000000000000e+00
-1.000000000000000000e+00
-1.000000000000000000e+00
-1.000000000000000000e+00
-1.000000000000000000e+00
-1.000000000000000000e+00
-1.000000000000000000e+00
-1.000000000000000000e+00
-1.000000000000000000e+00
-1.000000000000000000e+00
-1.000000000000000000e+00
-1.000000000000000000e+00
-1.000000000000000000e+00
-1.000000000000000000e+00
-1.000000000000000000e+00
-1.000000000000000000e+00
-1.000000000000000000e+00
-1.000000000000000000e+00
-1.000000000000000000e+00
-1.000000000000000000e+00
-1.000000000000000000e+00
-1.000000000000000000e+00
-1.000000000000000000e+00
-1.000000000000000000e+00
-1.000000000000000000e+00
-1.000000000000000000e+00
-1.000000000000000000e+00
-1.000000000000000000e+00
-1.000000000000000000e+00
-1.000000000000000000e+00
-1.000000000000000000e+00
-1.000000000000000000e+00
-1.000000000000000000e+00
-1.000000000000000000e+00
-1.000000000000000000e+00
-1.000000000000000000e+00
-1.000000000000000000e+00
-1.000000000000000000e+00
-1.000000000000000000e+00
-1.000000000000000000e+00
-1.000000000000000000e+00
-1.000000000000000000e+00
-1.000000000000000000e+00
-1.000000000000000000e+00
-1.000000000000000000e+00
-1.000000000000000000e+00
-1.000000000000000000e+00
-1.000000000000000000e+00
-1.000000000000000000e+00
-1.000000000000000000e+00
-1.000000000000000000e+00
-1.000000000000000000e+00
-1.000000000000000000e+00
-1.000000000000000000e+00
-1.000000000000000000e+00
-1.000000000000000000e+00
-1.000000000000000000e+00
-1.000000000000000000e+00
-1.000000000000000000e+00
-1.000000000000000000e+00
-1.000000000000000000e+00
-1.000000000000000000e+00
-1.000000000000000000e+00
-1.000000000000000000e+00
-1.000000000000000000e+00
-1.000000000000000000e+00
-1.000000000000000000e+00
-1.000000000000000000e+00
-1.000000000000000000e+00
-1.000000000000000000e+00
-1.000000000000000000e+00
-1.000000000000000000e+00
-1.000000000000000000e+00
-1.000000000000000000e+00
-1.000000000000000000e+00
-1.000000000000000000e+00
-1.000000000000000000e+00
-1.000000000000000000e+00
-1.000000000000000000e+00
-1.000000000000000000e+00
-1.000000000000000000e+00
-1.000000000000000000e+00
-1.000000000000000000e+00
-1.000000000000000000e+00
-1.000000000000000000e+00
-1.000000000000000000e+00
-1.000000000000000000e+00
-1.000000000000000000e+00
-1.000000000000000000e+00
-1.000000000000000000e+00
-1.000000000000000000e+00
-1.000000000000000000e+00
-1.000000000000000000e+00
-1.000000000000000000e+00
-1.000000000000000000e+00
-1.000000000000000000e+00
-1.000000000000000000e+00
-1.000000000000000000e+00
-1.000000000000000000e+00
-1.000000000000000000e+00
-1.000000000000000000e+00
-1.000000000000000000e+00
-1.000000000000000000e+00
-1.000000000000000000e+00
-1.000000000000000000e+00
-1.000000000000000000e+00
-1.000000000000000000e+00
-1.000000000000000000e+00
-1.000000000000000000e+00
-1.000000000000000000e+00
-1.000000000000000000e+00
-1.000000000000000000e+00
-1.000000000000000000e+00
-1.000000000000000000e+00
-1.000000000000000000e+00
-1.000000000000000000e+00
-1.000000000000000000e+00
-1.000000000000000000e+00
-1.000000000000000000e+00
-1.000000000000000000e+00
-1.000000000000000000e+00
-1.000000000000000000e+00
-1.000000000000000000e+00
-1.000000000000000000e+00
-1.000000000000000000e+00
-1.000000000000000000e+00
-1.000000000000000000e+00
-1.000000000000000000e+00
-1.000000000000000000e+00
-1.000000000000000000e+00
-1.000000000000000000e+00
-1.000000000000000000e+00
-1.000000000000000000e+00
-1.000000000000000000e+00
-1.000000000000000000e+00
-1.000000000000000000e+00
-1.000000000000000000e+00
-1.000000000000000000e+00
-1.000000000000000000e+00
-1.000000000000000000e+00
-1.000000000000000000e+00
-1.000000000000000000e+00
-1.000000000000000000e+00
-1.000000000000000000e+00
-1.000000000000000000e+00
-1.000000000000000000e+00
-1.000000000000000000e+00
-1.000000000000000000e+00
-1.000000000000000000e+00
-1.000000000000000000e+00
-1.000000000000000000e+00
-1.000000000000000000e+00
-1.000000000000000000e+00
-1.000000000000000000e+00
-1.000000000000000000e+00
-1.000000000000000000e+00
-1.000000000000000000e+00
-1.000000000000000000e+00
-1.000000000000000000e+00
-1.000000000000000000e+00
-1.000000000000000000e+00
-1.000000000000000000e+00
-1.000000000000000000e+00
-1.000000000000000000e+00
-1.000000000000000000e+00
-1.000000000000000000e+00
-1.000000000000000000e+00
-1.000000000000000000e+00
-1.000000000000000000e+00
-1.000000000000000000e+00
-1.000000000000000000e+00
-1.000000000000000000e+00
-1.000000000000000000e+00
-1.000000000000000000e+00
-1.000000000000000000e+00
-1.000000000000000000e+00
-1.000000000000000000e+00
-1.000000000000000000e+00
-1.000000000000000000e+00
-1.000000000000000000e+00
-1.000000000000000000e+00
-1.000000000000000000e+00
-1.000000000000000000e+00
-1.000000000000000000e+00
-1.000000000000000000e+00
-1.000000000000000000e+00
-1.000000000000000000e+00
-1.000000000000000000e+00
-1.000000000000000000e+00
-1.000000000000000000e+00
-1.000000000000000000e+00
-1.000000000000000000e+00
-1.000000000000000000e+00
-1.000000000000000000e+00
-1.000000000000000000e+00
-1.000000000000000000e+00
-1.000000000000000000e+00
-1.000000000000000000e+00
-1.000000000000000000e+00
-1.000000000000000000e+00
-1.000000000000000000e+00
-1.000000000000000000e+00
-1.000000000000000000e+00
-1.000000000000000000e+00
-1.000000000000000000e+00
-1.000000000000000000e+00
-1.000000000000000000e+00
-1.000000000000000000e+00
-1.000000000000000000e+00
-1.000000000000000000e+00
-1.000000000000000000e+00
-1.000000000000000000e+00
-1.000000000000000000e+00
-1.000000000000000000e+00
-1.000000000000000000e+00
-1.000000000000000000e+00
-1.000000000000000000e+00
-1.000000000000000000e+00
-1.000000000000000000e+00
-1.000000000000000000e+00
-1.000000000000000000e+00
-1.000000000000000000e+00
-1.000000000000000000e+00
-1.000000000000000000e+00
-1.000000000000000000e+00
-1.000000000000000000e+00
-1.000000000000000000e+00
-1.000000000000000000e+00
-1.000000000000000000e+00
-1.000000000000000000e+00
-1.000000000000000000e+00
-1.000000000000000000e+00
-1.000000000000000000e+00
-1.000000000000000000e+00
-1.000000000000000000e+00
-1.000000000000000000e+00
-1.000000000000000000e+00
-1.000000000000000000e+00
-1.000000000000000000e+00
-1.000000000000000000e+00
-1.000000000000000000e+00
-1.000000000000000000e+00
-1.000000000000000000e+00
-1.000000000000000000e+00
-1.000000000000000000e+00
-1.000000000000000000e+00
-1.000000000000000000e+00
-1.000000000000000000e+00
-1.000000000000000000e+00
-1.000000000000000000e+00
-1.000000000000000000e+00
-1.000000000000000000e+00
-1.000000000000000000e+00
-1.000000000000000000e+00
-1.000000000000000000e+00
-1.000000000000000000e+00
-1.000000000000000000e+00
-1.000000000000000000e+00
-1.000000000000000000e+00
-1.000000000000000000e+00
-1.000000000000000000e+00
-1.000000000000000000e+00
-1.000000000000000000e+00
-1.000000000000000000e+00
-1.000000000000000000e+00
-1.000000000000000000e+00
-1.000000000000000000e+00
-1.000000000000000000e+00
1.000000000000000000e+00
1.000000000000000000e+00
1.000000000000000000e+00
1.000000000000000000e+00
1.000000000000000000e+00
1.000000000000000000e+00
1.000000000000000000e+00
1.000000000000000000e+00
1.000000000000000000e+00
1.000000000000000000e+00
1.000000000000000000e+00
1.000000000000000000e+00
1.000000000000000000e+00
1.000000000000000000e+00
1.000000000000000000e+00
1.000000000000000000e+00
1.000000000000000000e+00
1.000000000000000000e+00
1.000000000000000000e+00
1.000000000000000000e+00
1.000000000000000000e+00
1.000000000000000000e+00
1.000000000000000000e+00
1.000000000000000000e+00
1.000000000000000000e+00
1.000000000000000000e+00
1.000000000000000000e+00
1.000000000000000000e+00
1.000000000000000000e+00
1.000000000000000000e+00
1.000000000000000000e+00
1.000000000000000000e+00
1.000000000000000000e+00
1.000000000000000000e+00
1.000000000000000000e+00
1.000000000000000000e+00
1.000000000000000000e+00
1.000000000000000000e+00
1.000000000000000000e+00
1.000000000000000000e+00
1.000000000000000000e+00
1.000000000000000000e+00
1.000000000000000000e+00
1.000000000000000000e+00
1.000000000000000000e+00
1.000000000000000000e+00
1.000000000000000000e+00
1.000000000000000000e+00
1.000000000000000000e+00
1.000000000000000000e+00
1.000000000000000000e+00
1.000000000000000000e+00
1.000000000000000000e+00
1.000000000000000000e+00
1.000000000000000000e+00
1.000000000000000000e+00
1.000000000000000000e+00
1.000000000000000000e+00
1.000000000000000000e+00
1.000000000000000000e+00
1.000000000000000000e+00
1.000000000000000000e+00
1.000000000000000000e+00
1.000000000000000000e+00
1.000000000000000000e+00
1.000000000000000000e+00
1.000000000000000000e+00
1.000000000000000000e+00
1.000000000000000000e+00
1.000000000000000000e+00
1.000000000000000000e+00
1.000000000000000000e+00
1.000000000000000000e+00
1.000000000000000000e+00
1.000000000000000000e+00
1.000000000000000000e+00
1.000000000000000000e+00
1.000000000000000000e+00
1.000000000000000000e+00
1.000000000000000000e+00
1.000000000000000000e+00
1.000000000000000000e+00
1.000000000000000000e+00
1.000000000000000000e+00
1.000000000000000000e+00
1.000000000000000000e+00
1.000000000000000000e+00
1.000000000000000000e+00
1.000000000000000000e+00
1.000000000000000000e+00
1.000000000000000000e+00
1.000000000000000000e+00
1.000000000000000000e+00
1.000000000000000000e+00
1.000000000000000000e+00
1.000000000000000000e+00
1.000000000000000000e+00
1.000000000000000000e+00
1.000000000000000000e+00
1.000000000000000000e+00
1.000000000000000000e+00
1.000000000000000000e+00
1.000000000000000000e+00
1.000000000000000000e+00
1.000000000000000000e+00
1.000000000000000000e+00
1.000000000000000000e+00
1.000000000000000000e+00
1.000000000000000000e+00
1.000000000000000000e+00
1.000000000000000000e+00
1.000000000000000000e+00
1.000000000000000000e+00
1.000000000000000000e+00
1.000000000000000000e+00
1.000000000000000000e+00
1.000000000000000000e+00
1.000000000000000000e+00
1.000000000000000000e+00
1.000000000000000000e+00
1.000000000000000000e+00
1.000000000000000000e+00
1.000000000000000000e+00
1.000000000000000000e+00
1.000000000000000000e+00
1.000000000000000000e+00
1.000000000000000000e+00
1.000000000000000000e+00
1.000000000000000000e+00
1.000000000000000000e+00
1.000000000000000000e+00
1.000000000000000000e+00
1.000000000000000000e+00
1.000000000000000000e+00
1.000000000000000000e+00
1.000000000000000000e+00
1.000000000000000000e+00
1.000000000000000000e+00
1.000000000000000000e+00
1.000000000000000000e+00
1.000000000000000000e+00
1.000000000000000000e+00
1.000000000000000000e+00
1.000000000000000000e+00
1.000000000000000000e+00
1.000000000000000000e+00
1.000000000000000000e+00
1.000000000000000000e+00
1.000000000000000000e+00
1.000000000000000000e+00
1.000000000000000000e+00
1.000000000000000000e+00
1.000000000000000000e+00
1.000000000000000000e+00
1.000000000000000000e+00
1.000000000000000000e+00
1.000000000000000000e+00
1.000000000000000000e+00
1.000000000000000000e+00
1.000000000000000000e+00
1.000000000000000000e+00
1.000000000000000000e+00
1.000000000000000000e+00
1.000000000000000000e+00
1.000000000000000000e+00
1.000000000000000000e+00
1.000000000000000000e+00
1.000000000000000000e+00
1.000000000000000000e+00
1.000000000000000000e+00
1.000000000000000000e+00
1.000000000000000000e+00
1.000000000000000000e+00
1.000000000000000000e+00
1.000000000000000000e+00
1.000000000000000000e+00
1.000000000000000000e+00
1.000000000000000000e+00
1.000000000000000000e+00
1.000000000000000000e+00
1.000000000000000000e+00
1.000000000000000000e+00
1.000000000000000000e+00
1.000000000000000000e+00
1.000000000000000000e+00
1.000000000000000000e+00
1.000000000000000000e+00
1.000000000000000000e+00
1.000000000000000000e+00
1.000000000000000000e+00
1.000000000000000000e+00
1.000000000000000000e+00
1.000000000000000000e+00
1.000000000000000000e+00
1.000000000000000000e+00
1.000000000000000000e+00
1.000000000000000000e+00
1.000000000000000000e+00
1.000000000000000000e+00
1.000000000000000000e+00
1.000000000000000000e+00
1.000000000000000000e+00
1.000000000000000000e+00
1.000000000000000000e+00
1.000000000000000000e+00
1.000000000000000000e+00
1.000000000000000000e+00
1.000000000000000000e+00
1.000000000000000000e+00
1.000000000000000000e+00
1.000000000000000000e+00
1.000000000000000000e+00
1.000000000000000000e+00
1.000000000000000000e+00
1.000000000000000000e+00
1.000000000000000000e+00
1.000000000000000000e+00
1.000000000000000000e+00
1.000000000000000000e+00
1.000000000000000000e+00
1.000000000000000000e+00
1.000000000000000000e+00
1.000000000000000000e+00
1.000000000000000000e+00
1.000000000000000000e+00
1.000000000000000000e+00
1.000000000000000000e+00
1.000000000000000000e+00
1.000000000000000000e+00
1.000000000000000000e+00
1.000000000000000000e+00
1.000000000000000000e+00
1.000000000000000000e+00
1.000000000000000000e+00
1.000000000000000000e+00
1.000000000000000000e+00
1.000000000000000000e+00
1.000000000000000000e+00
1.000000000000000000e+00
1.000000000000000000e+00
1.000000000000000000e+00
1.000000000000000000e+00
1.000000000000000000e+00
1.000000000000000000e+00
1.000000000000000000e+00
1.000000000000000000e+00
1.000000000000000000e+00
1.000000000000000000e+00
1.000000000000000000e+00
1.000000000000000000e+00
1.000000000000000000e+00
1.000000000000000000e+00
1.000000000000000000e+00
1.000000000000000000e+00
1.000000000000000000e+00
1.000000000000000000e+00
1.000000000000000000e+00
1.000000000000000000e+00
1.000000000000000000e+00
1.000000000000000000e+00
1.000000000000000000e+00
1.000000000000000000e+00
1.000000000000000000e+00
1.000000000000000000e+00
1.000000000000000000e+00
1.000000000000000000e+00
1.000000000000000000e+00
1.000000000000000000e+00
1.000000000000000000e+00
1.000000000000000000e+00
1.000000000000000000e+00
1.000000000000000000e+00
1.000000000000000000e+00
1.000000000000000000e+00
1.000000000000000000e+00
1.000000000000000000e+00
1.000000000000000000e+00
1.000000000000000000e+00
1.000000000000000000e+00
1.000000000000000000e+00
1.000000000000000000e+00
1.000000000000000000e+00
1.000000000000000000e+00
1.000000000000000000e+00
1.000000000000000000e+00
1.000000000000000000e+00
1.000000000000000000e+00
1.000000000000000000e+00
1.000000000000000000e+00
1.000000000000000000e+00
1.000000000000000000e+00
1.000000000000000000e+00
1.000000000000000000e+00
1.000000000000000000e+00
1.000000000000000000e+00
1.000000000000000000e+00
1.000000000000000000e+00
1.000000000000000000e+00
1.000000000000000000e+00
1.000000000000000000e+00
1.000000000000000000e+00
1.000000000000000000e+00
1.000000000000000000e+00
1.000000000000000000e+00
1.000000000000000000e+00
1.000000000000000000e+00
1.000000000000000000e+00
1.000000000000000000e+00
1.000000000000000000e+00
1.000000000000000000e+00
1.000000000000000000e+00
1.000000000000000000e+00
1.000000000000000000e+00
1.000000000000000000e+00
1.000000000000000000e+00
1.000000000000000000e+00
1.000000000000000000e+00
1.000000000000000000e+00
1.000000000000000000e+00
1.000000000000000000e+00
1.000000000000000000e+00
1.000000000000000000e+00
1.000000000000000000e+00
1.000000000000000000e+00
1.000000000000000000e+00
1.000000000000000000e+00
1.000000000000000000e+00
1.000000000000000000e+00
1.000000000000000000e+00
1.000000000000000000e+00
1.000000000000000000e+00
1.000000000000000000e+00
1.000000000000000000e+00
1.000000000000000000e+00
1.000000000000000000e+00
1.000000000000000000e+00
1.000000000000000000e+00
1.000000000000000000e+00
1.000000000000000000e+00
1.000000000000000000e+00
1.000000000000000000e+00
1.000000000000000000e+00
1.000000000000000000e+00
1.000000000000000000e+00
1.000000000000000000e+00
1.000000000000000000e+00
1.000000000000000000e+00
1.000000000000000000e+00
1.000000000000000000e+00
1.000000000000000000e+00
1.000000000000000000e+00
1.000000000000000000e+00
1.000000000000000000e+00
1.000000000000000000e+00
1.000000000000000000e+00
1.000000000000000000e+00
1.000000000000000000e+00
1.000000000000000000e+00
1.000000000000000000e+00
1.000000000000000000e+00
1.000000000000000000e+00
1.000000000000000000e+00
1.000000000000000000e+00
1.000000000000000000e+00
1.000000000000000000e+00
1.000000000000000000e+00
1.000000000000000000e+00
1.000000000000000000e+00
1.000000000000000000e+00
1.000000000000000000e+00
1.000000000000000000e+00
1.000000000000000000e+00
1.000000000000000000e+00
1.000000000000000000e+00
1.000000000000000000e+00
1.000000000000000000e+00
1.000000000000000000e+00
1.000000000000000000e+00
1.000000000000000000e+00
1.000000000000000000e+00
1.000000000000000000e+00
1.000000000000000000e+00
1.000000000000000000e+00
1.000000000000000000e+00
1.000000000000000000e+00
1.000000000000000000e+00
1.000000000000000000e+00
1.000000000000000000e+00
1.000000000000000000e+00
1.000000000000000000e+00
1.000000000000000000e+00
1.000000000000000000e+00
1.000000000000000000e+00
1.000000000000000000e+00
1.000000000000000000e+00
1.000000000000000000e+00
-1.000000000000000000e+00
-1.000000000000000000e+00
-1.000000000000000000e+00
-1.000000000000000000e+00
-1.000000000000000000e+00
-1.000000000000000000e+00
-1.000000000000000000e+00
-1.000000000000000000e+00
-1.000000000000000000e+00
-1.000000000000000000e+00
-1.000000000000000000e+00
-1.000000000000000000e+00
-1.000000000000000000e+00
-1.000000000000000000e+00
-1.000000000000000000e+00
-1.000000000000000000e+00
-1.000000000000000000e+00
-1.000000000000000000e+00
-1.000000000000000000e+00
-1.000000000000000000e+00
-1.000000000000000000e+00
-1.000000000000000000e+00
-1.000000000000000000e+00
-1.000000000000000000e+00
-1.000000000000000000e+00
-1.000000000000000000e+00
-1.000000000000000000e+00
-1.000000000000000000e+00
-1.000000000000000000e+00
-1.000000000000000000e+00
-1.000000000000000000e+00
-1.000000000000000000e+00
-1.000000000000000000e+00
-1.000000000000000000e+00
-1.000000000000000000e+00
-1.000000000000000000e+00
-1.000000000000000000e+00
-1.000000000000000000e+00
-1.000000000000000000e+00
-1.000000000000000000e+00
-1.000000000000000000e+00
-1.000000000000000000e+00
-1.000000000000000000e+00
-1.000000000000000000e+00
-1.000000000000000000e+00
-1.000000000000000000e+00
-1.000000000000000000e+00
-1.000000000000000000e+00
-1.000000000000000000e+00
-1.000000000000000000e+00
-1.000000000000000000e+00
-1.000000000000000000e+00
-1.000000000000000000e+00
-1.000000000000000000e+00
-1.000000000000000000e+00
-1.000000000000000000e+00
-1.000000000000000000e+00
-1.000000000000000000e+00
-1.000000000000000000e+00
-1.000000000000000000e+00
-1.000000000000000000e+00
-1.000000000000000000e+00
-1.000000000000000000e+00
-1.000000000000000000e+00
-1.000000000000000000e+00
-1.000000000000000000e+00
-1.000000000000000000e+00
-1.000000000000000000e+00
-1.000000000000000000e+00
-1.000000000000000000e+00
-1.000000000000000000e+00
-1.000000000000000000e+00
-1.000000000000000000e+00
-1.000000000000000000e+00
-1.000000000000000000e+00
-1.000000000000000000e+00
-1.000000000000000000e+00
-1.000000000000000000e+00
-1.000000000000000000e+00
-1.000000000000000000e+00
-1.000000000000000000e+00
-1.000000000000000000e+00
-1.000000000000000000e+00
-1.000000000000000000e+00
-1.000000000000000000e+00
-1.000000000000000000e+00
-1.000000000000000000e+00
-1.000000000000000000e+00
-1.000000000000000000e+00
-1.000000000000000000e+00
-1.000000000000000000e+00
-1.000000000000000000e+00
-1.000000000000000000e+00
-1.000000000000000000e+00
-1.000000000000000000e+00
-1.000000000000000000e+00
-1.000000000000000000e+00
-1.000000000000000000e+00
-1.000000000000000000e+00
-1.000000000000000000e+00
-1.000000000000000000e+00
-1.000000000000000000e+00
-1.000000000000000000e+00
-1.000000000000000000e+00
-1.000000000000000000e+00
-1.000000000000000000e+00
-1.000000000000000000e+00
-1.000000000000000000e+00
-1.000000000000000000e+00
-1.000000000000000000e+00
-1.000000000000000000e+00
-1.000000000000000000e+00
-1.000000000000000000e+00
-1.000000000000000000e+00
-1.000000000000000000e+00
-1.000000000000000000e+00
-1.000000000000000000e+00
-1.000000000000000000e+00
-1.000000000000000000e+00
-1.000000000000000000e+00
-1.000000000000000000e+00
-1.000000000000000000e+00
-1.000000000000000000e+00
-1.000000000000000000e+00
-1.000000000000000000e+00
-1.000000000000000000e+00
-1.000000000000000000e+00
-1.000000000000000000e+00
-1.000000000000000000e+00
-1.000000000000000000e+00
-1.000000000000000000e+00
-1.000000000000000000e+00
-1.000000000000000000e+00
-1.000000000000000000e+00
-1.000000000000000000e+00
-1.000000000000000000e+00
-1.000000000000000000e+00
-1.000000000000000000e+00
-1.000000000000000000e+00
-1.000000000000000000e+00
-1.000000000000000000e+00
-1.000000000000000000e+00
-1.000000000000000000e+00
-1.000000000000000000e+00
-1.000000000000000000e+00
-1.000000000000000000e+00
-1.000000000000000000e+00
-1.000000000000000000e+00
-1.000000000000000000e+00
-1.000000000000000000e+00
-1.000000000000000000e+00
-1.000000000000000000e+00
-1.000000000000000000e+00
-1.000000000000000000e+00
-1.000000000000000000e+00
-1.000000000000000000e+00
-1.000000000000000000e+00
-1.000000000000000000e+00
-1.000000000000000000e+00
-1.000000000000000000e+00
-1.000000000000000000e+00
-1.000000000000000000e+00
-1.000000000000000000e+00
-1.000000000000000000e+00
-1.000000000000000000e+00
-1.000000000000000000e+00
-1.000000000000000000e+00
-1.000000000000000000e+00
-1.000000000000000000e+00
-1.000000000000000000e+00
-1.000000000000000000e+00
-1.000000000000000000e+00
-1.000000000000000000e+00
-1.000000000000000000e+00
-1.000000000000000000e+00
-1.000000000000000000e+00
-1.000000000000000000e+00
-1.000000000000000000e+00
-1.000000000000000000e+00
-1.000000000000000000e+00
-1.000000000000000000e+00
-1.000000000000000000e+00
-1.000000000000000000e+00
-1.000000000000000000e+00
-1.000000000000000000e+00
-1.000000000000000000e+00
-1.000000000000000000e+00
-1.000000000000000000e+00
-1.000000000000000000e+00
-1.000000000000000000e+00
-1.000000000000000000e+00
-1.000000000000000000e+00
-1.000000000000000000e+00
-1.000000000000000000e+00
-1.000000000000000000e+00
-1.000000000000000000e+00
-1.000000000000000000e+00
-1.000000000000000000e+00
-1.000000000000000000e+00
-1.000000000000000000e+00
-1.000000000000000000e+00
-1.000000000000000000e+00
-1.000000000000000000e+00
-1.000000000000000000e+00
-1.000000000000000000e+00
-1.000000000000000000e+00
-1.000000000000000000e+00
-1.000000000000000000e+00
-1.000000000000000000e+00
-1.000000000000000000e+00
-1.000000000000000000e+00
-1.000000000000000000e+00
-1.000000000000000000e+00
-1.000000000000000000e+00
-1.000000000000000000e+00
-1.000000000000000000e+00
-1.000000000000000000e+00
-1.000000000000000000e+00
-1.000000000000000000e+00
-1.000000000000000000e+00
-1.000000000000000000e+00
-1.000000000000000000e+00
-1.000000000000000000e+00
-1.000000000000000000e+00
-1.000000000000000000e+00
-1.000000000000000000e+00
-1.000000000000000000e+00
-1.000000000000000000e+00
-1.000000000000000000e+00
-1.000000000000000000e+00
-1.000000000000000000e+00
-1.000000000000000000e+00
-1.000000000000000000e+00
-1.000000000000000000e+00
-1.000000000000000000e+00
-1.000000000000000000e+00
-1.000000000000000000e+00
-1.000000000000000000e+00
-1.000000000000000000e+00
-1.000000000000000000e+00
-1.000000000000000000e+00
-1.000000000000000000e+00
-1.000000000000000000e+00
-1.000000000000000000e+00
-1.000000000000000000e+00
-1.000000000000000000e+00
-1.000000000000000000e+00
-1.000000000000000000e+00
-1.000000000000000000e+00
-1.000000000000000000e+00
-1.000000000000000000e+00
-1.000000000000000000e+00
-1.000000000000000000e+00
-1.000000000000000000e+00
-1.000000000000000000e+00
-1.000000000000000000e+00
-1.000000000000000000e+00
-1.000000000000000000e+00
-1.000000000000000000e+00
-1.000000000000000000e+00
-1.000000000000000000e+00
-1.000000000000000000e+00
-1.000000000000000000e+00
-1.000000000000000000e+00
-1.000000000000000000e+00
-1.000000000000000000e+00
-1.000000000000000000e+00
-1.000000000000000000e+00
-1.000000000000000000e+00
-1.000000000000000000e+00
-1.000000000000000000e+00
-1.000000000000000000e+00
-1.000000000000000000e+00
-1.000000000000000000e+00
-1.000000000000000000e+00
-1.000000000000000000e+00
-1.000000000000000000e+00
-1.000000000000000000e+00
-1.000000000000000000e+00
-1.000000000000000000e+00
-1.000000000000000000e+00
-1.000000000000000000e+00
-1.000000000000000000e+00
-1.000000000000000000e+00
-1.000000000000000000e+00
-1.000000000000000000e+00
-1.000000000000000000e+00
-1.000000000000000000e+00
-1.000000000000000000e+00
-1.000000000000000000e+00
-1.000000000000000000e+00
-1.000000000000000000e+00
-1.000000000000000000e+00
-1.000000000000000000e+00
-1.000000000000000000e+00
-1.000000000000000000e+00
-1.000000000000000000e+00
-1.000000000000000000e+00
-1.000000000000000000e+00
-1.000000000000000000e+00
-1.000000000000000000e+00
-1.000000000000000000e+00
-1.000000000000000000e+00
-1.000000000000000000e+00
-1.000000000000000000e+00
-1.000000000000000000e+00
-1.000000000000000000e+00
-1.000000000000000000e+00
-1.000000000000000000e+00
-1.000000000000000000e+00
-1.000000000000000000e+00
-1.000000000000000000e+00
-1.000000000000000000e+00
-1.000000000000000000e+00
-1.000000000000000000e+00
-1.000000000000000000e+00
-1.000000000000000000e+00
-1.000000000000000000e+00
-1.000000000000000000e+00
-1.000000000000000000e+00
-1.000000000000000000e+00
-1.000000000000000000e+00
-1.000000000000000000e+00
-1.000000000000000000e+00
-1.000000000000000000e+00
-1.000000000000000000e+00
-1.000000000000000000e+00
-1.000000000000000000e+00
-1.000000000000000000e+00
-1.000000000000000000e+00
-1.000000000000000000e+00
-1.000000000000000000e+00
-1.000000000000000000e+00
-1.000000000000000000e+00
-1.000000000000000000e+00
-1.000000000000000000e+00
-1.000000000000000000e+00
-1.000000000000000000e+00
-1.000000000000000000e+00
-1.000000000000000000e+00
-1.000000000000000000e+00
-1.000000000000000000e+00
-1.000000000000000000e+00
-1.000000000000000000e+00
-1.000000000000000000e+00
-1.000000000000000000e+00
-1.000000000000000000e+00
-1.000000000000000000e+00
-1.000000000000000000e+00
-1.000000000000000000e+00
-1.000000000000000000e+00
-1.000000000000000000e+00
-1.000000000000000000e+00
-1.000000000000000000e+00
-1.000000000000000000e+00
-1.000000000000000000e+00
-1.000000000000000000e+00
-1.000000000000000000e+00
-1.000000000000000000e+00
-1.000000000000000000e+00
-1.000000000000000000e+00
-1.000000000000000000e+00
-1.000000000000000000e+00
-1.000000000000000000e+00
-1.000000000000000000e+00
-1.000000000000000000e+00
-1.000000000000000000e+00
-1.000000000000000000e+00
-1.000000000000000000e+00
-1.000000000000000000e+00
-1.000000000000000000e+00
-1.000000000000000000e+00
-1.000000000000000000e+00
-1.000000000000000000e+00
-1.000000000000000000e+00
-1.000000000000000000e+00
-1.000000000000000000e+00
-1.000000000000000000e+00
-1.000000000000000000e+00
-1.000000000000000000e+00
-1.000000000000000000e+00
-1.000000000000000000e+00
-1.000000000000000000e+00
-1.000000000000000000e+00
-1.000000000000000000e+00
-1.000000000000000000e+00
-1.000000000000000000e+00
-1.000000000000000000e+00
-1.000000000000000000e+00
-1.000000000000000000e+00
-1.000000000000000000e+00
-1.000000000000000000e+00
-1.000000000000000000e+00
-1.000000000000000000e+00
-1.000000000000000000e+00
-1.000000000000000000e+00
-1.000000000000000000e+00
-1.000000000000000000e+00
-1.000000000000000000e+00
-1.000000000000000000e+00
-1.000000000000000000e+00
-1.000000000000000000e+00
-1.000000000000000000e+00
-1.000000000000000000e+00
1.000000000000000000e+00
1.000000000000000000e+00
1.000000000000000000e+00
1.000000000000000000e+00
1.000000000000000000e+00
1.000000000000000000e+00
1.000000000000000000e+00
1.000000000000000000e+00
1.000000000000000000e+00
1.000000000000000000e+00
1.000000000000000000e+00
1.000000000000000000e+00
1.000000000000000000e+00
1.000000000000000000e+00
1.000000000000000000e+00
1.000000000000000000e+00
1.000000000000000000e+00
1.000000000000000000e+00
1.000000000000000000e+00
1.000000000000000000e+00
1.000000000000000000e+00
1.000000000000000000e+00
1.000000000000000000e+00
1.000000000000000000e+00
1.000000000000000000e+00
1.000000000000000000e+00
1.000000000000000000e+00
1.000000000000000000e+00
1.000000000000000000e+00
1.000000000000000000e+00
1.000000000000000000e+00
1.000000000000000000e+00
1.000000000000000000e+00
1.000000000000000000e+00
1.000000000000000000e+00
1.000000000000000000e+00
1.000000000000000000e+00
1.000000000000000000e+00
1.000000000000000000e+00
1.000000000000000000e+00
1.000000000000000000e+00
1.000000000000000000e+00
1.000000000000000000e+00
1.000000000000000000e+00
1.000000000000000000e+00
1.000000000000000000e+00
1.000000000000000000e+00
1.000000000000000000e+00
1.000000000000000000e+00
1.000000000000000000e+00
1.000000000000000000e+00
1.000000000000000000e+00
1.000000000000000000e+00
1.000000000000000000e+00
1.000000000000000000e+00
1.000000000000000000e+00
1.000000000000000000e+00
1.000000000000000000e+00
1.000000000000000000e+00
1.000000000000000000e+00
1.000000000000000000e+00
1.000000000000000000e+00
1.000000000000000000e+00
1.000000000000000000e+00
1.000000000000000000e+00
1.000000000000000000e+00
1.000000000000000000e+00
1.000000000000000000e+00
1.000000000000000000e+00
1.000000000000000000e+00
1.000000000000000000e+00
1.000000000000000000e+00
1.000000000000000000e+00
1.000000000000000000e+00
1.000000000000000000e+00
1.000000000000000000e+00
1.000000000000000000e+00
1.000000000000000000e+00
1.000000000000000000e+00
1.000000000000000000e+00
1.000000000000000000e+00
1.000000000000000000e+00
1.000000000000000000e+00
1.000000000000000000e+00
1.000000000000000000e+00
1.000000000000000000e+00
1.000000000000000000e+00
1.000000000000000000e+00
1.000000000000000000e+00
1.000000000000000000e+00
1.000000000000000000e+00
1.000000000000000000e+00
1.000000000000000000e+00
1.000000000000000000e+00
1.000000000000000000e+00
1.000000000000000000e+00
1.000000000000000000e+00
1.000000000000000000e+00
1.000000000000000000e+00
1.000000000000000000e+00
1.000000000000000000e+00
1.000000000000000000e+00
1.000000000000000000e+00
1.000000000000000000e+00
1.000000000000000000e+00
1.000000000000000000e+00
1.000000000000000000e+00
1.000000000000000000e+00
1.000000000000000000e+00
1.000000000000000000e+00
1.000000000000000000e+00
1.000000000000000000e+00
1.000000000000000000e+00
1.000000000000000000e+00
1.000000000000000000e+00
1.000000000000000000e+00
1.000000000000000000e+00
1.000000000000000000e+00
1.000000000000000000e+00
1.000000000000000000e+00
1.000000000000000000e+00
1.000000000000000000e+00
1.000000000000000000e+00
1.000000000000000000e+00
1.000000000000000000e+00
1.000000000000000000e+00
1.000000000000000000e+00
1.000000000000000000e+00
1.000000000000000000e+00
1.000000000000000000e+00
1.000000000000000000e+00
1.000000000000000000e+00
1.000000000000000000e+00
1.000000000000000000e+00
1.000000000000000000e+00
1.000000000000000000e+00
1.000000000000000000e+00
1.000000000000000000e+00
1.000000000000000000e+00
1.000000000000000000e+00
1.000000000000000000e+00
1.000000000000000000e+00
1.000000000000000000e+00
1.000000000000000000e+00
1.000000000000000000e+00
1.000000000000000000e+00
1.000000000000000000e+00
1.000000000000000000e+00
1.000000000000000000e+00
1.000000000000000000e+00
1.000000000000000000e+00
1.000000000000000000e+00
1.000000000000000000e+00
1.000000000000000000e+00
1.000000000000000000e+00
1.000000000000000000e+00
1.000000000000000000e+00
1.000000000000000000e+00
1.000000000000000000e+00
1.000000000000000000e+00
1.000000000000000000e+00
1.000000000000000000e+00
1.000000000000000000e+00
1.000000000000000000e+00
1.000000000000000000e+00
1.000000000000000000e+00
1.000000000000000000e+00
1.000000000000000000e+00
1.000000000000000000e+00
1.000000000000000000e+00
1.000000000000000000e+00
1.000000000000000000e+00
1.000000000000000000e+00
1.000000000000000000e+00
1.000000000000000000e+00
1.000000000000000000e+00
1.000000000000000000e+00
1.000000000000000000e+00
1.000000000000000000e+00
1.000000000000000000e+00
1.000000000000000000e+00
1.000000000000000000e+00
1.000000000000000000e+00
1.000000000000000000e+00
1.000000000000000000e+00
1.000000000000000000e+00
1.000000000000000000e+00
1.000000000000000000e+00
1.000000000000000000e+00
1.000000000000000000e+00
1.000000000000000000e+00
1.000000000000000000e+00
1.000000000000000000e+00
1.000000000000000000e+00
1.000000000000000000e+00
1.000000000000000000e+00
1.000000000000000000e+00
1.000000000000000000e+00
1.000000000000000000e+00
1.000000000000000000e+00
1.000000000000000000e+00
1.000000000000000000e+00
1.000000000000000000e+00
1.000000000000000000e+00
1.000000000000000000e+00
1.000000000000000000e+00
1.000000000000000000e+00
1.000000000000000000e+00
1.000000000000000000e+00
1.000000000000000000e+00
1.000000000000000000e+00
1.000000000000000000e+00
1.000000000000000000e+00
1.000000000000000000e+00
1.000000000000000000e+00
1.000000000000000000e+00
1.000000000000000000e+00
1.000000000000000000e+00
1.000000000000000000e+00
1.000000000000000000e+00
1.000000000000000000e+00
1.000000000000000000e+00
1.000000000000000000e+00
1.000000000000000000e+00
1.000000000000000000e+00
1.000000000000000000e+00
1.000000000000000000e+00
1.000000000000000000e+00
1.000000000000000000e+00
1.000000000000000000e+00
1.000000000000000000e+00
1.000000000000000000e+00
1.000000000000000000e+00
1.000000000000000000e+00
1.000000000000000000e+00
1.000000000000000000e+00
1.000000000000000000e+00
1.000000000000000000e+00
1.000000000000000000e+00
1.000000000000000000e+00
1.000000000000000000e+00
1.000000000000000000e+00
1.000000000000000000e+00
1.000000000000000000e+00
1.000000000000000000e+00
1.000000000000000000e+00
1.000000000000000000e+00
1.000000000000000000e+00
1.000000000000000000e+00
1.000000000000000000e+00
1.000000000000000000e+00
1.000000000000000000e+00
1.000000000000000000e+00
1.000000000000000000e+00
1.000000000000000000e+00
1.000000000000000000e+00
1.000000000000000000e+00
1.000000000000000000e+00
1.000000000000000000e+00
1.000000000000000000e+00
1.000000000000000000e+00
1.000000000000000000e+00
1.000000000000000000e+00
1.000000000000000000e+00
1.000000000000000000e+00
1.000000000000000000e+00
1.000000000000000000e+00
1.000000000000000000e+00
1.000000000000000000e+00
1.000000000000000000e+00
1.000000000000000000e+00
1.000000000000000000e+00
1.000000000000000000e+00
1.000000000000000000e+00
1.000000000000000000e+00
1.000000000000000000e+00
1.000000000000000000e+00
1.000000000000000000e+00
1.000000000000000000e+00
1.000000000000000000e+00
1.000000000000000000e+00
1.000000000000000000e+00
1.000000000000000000e+00
1.000000000000000000e+00
1.000000000000000000e+00
1.000000000000000000e+00
1.000000000000000000e+00
1.000000000000000000e+00
1.000000000000000000e+00
1.000000000000000000e+00
1.000000000000000000e+00
1.000000000000000000e+00
1.000000000000000000e+00
1.000000000000000000e+00
1.000000000000000000e+00
1.000000000000000000e+00
1.000000000000000000e+00
1.000000000000000000e+00
1.000000000000000000e+00
1.000000000000000000e+00
1.000000000000000000e+00
1.000000000000000000e+00
1.000000000000000000e+00
1.000000000000000000e+00
1.000000000000000000e+00
1.000000000000000000e+00
1.000000000000000000e+00
1.000000000000000000e+00
1.000000000000000000e+00
1.000000000000000000e+00
1.000000000000000000e+00
1.000000000000000000e+00
1.000000000000000000e+00
1.000000000000000000e+00
1.000000000000000000e+00
1.000000000000000000e+00
1.000000000000000000e+00
1.000000000000000000e+00
1.000000000000000000e+00
1.000000000000000000e+00
1.000000000000000000e+00
1.000000000000000000e+00
1.000000000000000000e+00
1.000000000000000000e+00
1.000000000000000000e+00
1.000000000000000000e+00
1.000000000000000000e+00
1.000000000000000000e+00
1.000000000000000000e+00
1.000000000000000000e+00
1.000000000000000000e+00
1.000000000000000000e+00
1.000000000000000000e+00
1.000000000000000000e+00
1.000000000000000000e+00
1.000000000000000000e+00
1.000000000000000000e+00
1.000000000000000000e+00
1.000000000000000000e+00
1.000000000000000000e+00
1.000000000000000000e+00
1.000000000000000000e+00
1.000000000000000000e+00
1.000000000000000000e+00
1.000000000000000000e+00
1.000000000000000000e+00
1.000000000000000000e+00
1.000000000000000000e+00
1.000000000000000000e+00
1.000000000000000000e+00
1.000000000000000000e+00
1.000000000000000000e+00
1.000000000000000000e+00
1.000000000000000000e+00
1.000000000000000000e+00
1.000000000000000000e+00
1.000000000000000000e+00
1.000000000000000000e+00
1.000000000000000000e+00
1.000000000000000000e+00
1.000000000000000000e+00
1.000000000000000000e+00
1.000000000000000000e+00
1.000000000000000000e+00
1.000000000000000000e+00
1.000000000000000000e+00
1.000000000000000000e+00
1.000000000000000000e+00
1.000000000000000000e+00
1.000000000000000000e+00
1.000000000000000000e+00
1.000000000000000000e+00
1.000000000000000000e+00
1.000000000000000000e+00
1.000000000000000000e+00
1.000000000000000000e+00
1.000000000000000000e+00
1.000000000000000000e+00
1.000000000000000000e+00
1.000000000000000000e+00
1.000000000000000000e+00
1.000000000000000000e+00
1.000000000000000000e+00
1.000000000000000000e+00
1.000000000000000000e+00
1.000000000000000000e+00
1.000000000000000000e+00
1.000000000000000000e+00
1.000000000000000000e+00
1.000000000000000000e+00
1.000000000000000000e+00
1.000000000000000000e+00
1.000000000000000000e+00
1.000000000000000000e+00
1.000000000000000000e+00
1.000000000000000000e+00
-1.000000000000000000e+00
-1.000000000000000000e+00
-1.000000000000000000e+00
-1.000000000000000000e+00
-1.000000000000000000e+00
-1.000000000000000000e+00
-1.000000000000000000e+00
-1.000000000000000000e+00
-1.000000000000000000e+00
-1.000000000000000000e+00
-1.000000000000000000e+00
-1.000000000000000000e+00
-1.000000000000000000e+00
-1.000000000000000000e+00
-1.000000000000000000e+00
-1.000000000000000000e+00
-1.000000000000000000e+00
-1.000000000000000000e+00
-1.000000000000000000e+00
-1.000000000000000000e+00
-1.000000000000000000e+00
-1.000000000000000000e+00
-1.000000000000000000e+00
-1.000000000000000000e+00
-1.000000000000000000e+00
-1.000000000000000000e+00
-1.000000000000000000e+00
-1.000000000000000000e+00
-1.000000000000000000e+00
-1.000000000000000000e+00
-1.000000000000000000e+00
-1.000000000000000000e+00
-1.000000000000000000e+00
-1.000000000000000000e+00
-1.000000000000000000e+00
-1.000000000000000000e+00
-1.000000000000000000e+00
-1.000000000000000000e+00
-1.000000000000000000e+00
-1.000000000000000000e+00
-1.000000000000000000e+00
-1.000000000000000000e+00
-1.000000000000000000e+00
-1.000000000000000000e+00
-1.000000000000000000e+00
-1.000000000000000000e+00
-1.000000000000000000e+00
-1.000000000000000000e+00
-1.000000000000000000e+00
-1.000000000000000000e+00
-1.000000000000000000e+00
-1.000000000000000000e+00
-1.000000000000000000e+00
-1.000000000000000000e+00
-1.000000000000000000e+00
-1.000000000000000000e+00
-1.000000000000000000e+00
-1.000000000000000000e+00
-1.000000000000000000e+00
-1.000000000000000000e+00
-1.000000000000000000e+00
-1.000000000000000000e+00
-1.000000000000000000e+00
-1.000000000000000000e+00
-1.000000000000000000e+00
-1.000000000000000000e+00
-1.000000000000000000e+00
-1.000000000000000000e+00
-1.000000000000000000e+00
-1.000000000000000000e+00
-1.000000000000000000e+00
-1.000000000000000000e+00
-1.000000000000000000e+00
-1.000000000000000000e+00
-1.000000000000000000e+00
-1.000000000000000000e+00
-1.000000000000000000e+00
-1.000000000000000000e+00
-1.000000000000000000e+00
-1.000000000000000000e+00
-1.000000000000000000e+00
-1.000000000000000000e+00
-1.000000000000000000e+00
-1.000000000000000000e+00
-1.000000000000000000e+00
-1.000000000000000000e+00
-1.000000000000000000e+00
-1.000000000000000000e+00
-1.000000000000000000e+00
-1.000000000000000000e+00
-1.000000000000000000e+00
-1.000000000000000000e+00
-1.000000000000000000e+00
-1.000000000000000000e+00
-1.000000000000000000e+00
-1.000000000000000000e+00
-1.000000000000000000e+00
-1.000000000000000000e+00
-1.000000000000000000e+00
-1.000000000000000000e+00
-1.000000000000000000e+00
-1.000000000000000000e+00
-1.000000000000000000e+00
-1.000000000000000000e+00
-1.000000000000000000e+00
-1.000000000000000000e+00
-1.000000000000000000e+00
-1.000000000000000000e+00
-1.000000000000000000e+00
-1.000000000000000000e+00
-1.000000000000000000e+00
-1.000000000000000000e+00
-1.000000000000000000e+00
-1.000000000000000000e+00
-1.000000000000000000e+00
-1.000000000000000000e+00
-1.000000000000000000e+00
-1.000000000000000000e+00
-1.000000000000000000e+00
-1.000000000000000000e+00
-1.000000000000000000e+00
-1.000000000000000000e+00
-1.000000000000000000e+00
-1.000000000000000000e+00
-1.000000000000000000e+00
-1.000000000000000000e+00
-1.000000000000000000e+00
-1.000000000000000000e+00
-1.000000000000000000e+00
-1.000000000000000000e+00
-1.000000000000000000e+00
-1.000000000000000000e+00
-1.000000000000000000e+00
-1.000000000000000000e+00
-1.000000000000000000e+00
-1.000000000000000000e+00
-1.000000000000000000e+00
-1.000000000000000000e+00
-1.000000000000000000e+00
-1.000000000000000000e+00
-1.000000000000000000e+00
-1.000000000000000000e+00
-1.000000000000000000e+00
-1.000000000000000000e+00
-1.000000000000000000e+00
-1.000000000000000000e+00
-1.000000000000000000e+00
-1.000000000000000000e+00
-1.000000000000000000e+00
-1.000000000000000000e+00
-1.000000000000000000e+00
-1.000000000000000000e+00
-1.000000000000000000e+00
-1.000000000000000000e+00
-1.000000000000000000e+00
-1.000000000000000000e+00
-1.000000000000000000e+00
-1.000000000000000000e+00
-1.000000000000000000e+00
-1.000000000000000000e+00
-1.000000000000000000e+00
-1.000000000000000000e+00
-1.000000000000000000e+00
-1.000000000000000000e+00
-1.000000000000000000e+00
-1.000000000000000000e+00
-1.000000000000000000e+00
-1.000000000000000000e+00
-1.000000000000000000e+00
-1.000000000000000000e+00
-1.000000000000000000e+00
-1.000000000000000000e+00
-1.000000000000000000e+00
-1.000000000000000000e+00
-1.000000000000000000e+00
-1.000000000000000000e+00
-1.000000000000000000e+00
-1.000000000000000000e+00
-1.000000000000000000e+00
-1.000000000000000000e+00
-1.000000000000000000e+00
-1.000000000000000000e+00
-1.000000000000000000e+00
-1.000000000000000000e+00
-1.000000000000000000e+00
-1.000000000000000000e+00
-1.000000000000000000e+00
-1.000000000000000000e+00
-1.000000000000000000e+00
-1.000000000000000000e+00
-1.000000000000000000e+00
-1.000000000000000000e+00
-1.000000000000000000e+00
-1.000000000000000000e+00
-1.000000000000000000e+00
-1.000000000000000000e+00
-1.000000000000000000e+00
-1.000000000000000000e+00
-1.000000000000000000e+00
-1.000000000000000000e+00
-1.000000000000000000e+00
-1.000000000000000000e+00
-1.000000000000000000e+00
-1.000000000000000000e+00
-1.000000000000000000e+00
-1.000000000000000000e+00
-1.000000000000000000e+00
-1.000000000000000000e+00
-1.000000000000000000e+00
-1.000000000000000000e+00
-1.000000000000000000e+00
-1.000000000000000000e+00
-1.000000000000000000e+00
-1.000000000000000000e+00
-1.000000000000000000e+00
-1.000000000000000000e+00
-1.000000000000000000e+00
-1.000000000000000000e+00
-1.000000000000000000e+00
-1.000000000000000000e+00
-1.000000000000000000e+00
-1.000000000000000000e+00
-1.000000000000000000e+00
-1.000000000000000000e+00
-1.000000000000000000e+00
-1.000000000000000000e+00
-1.000000000000000000e+00
-1.000000000000000000e+00
-1.000000000000000000e+00
-1.000000000000000000e+00
-1.000000000000000000e+00
-1.000000000000000000e+00
-1.000000000000000000e+00
-1.000000000000000000e+00
-1.000000000000000000e+00
-1.000000000000000000e+00
-1.000000000000000000e+00
-1.000000000000000000e+00
-1.000000000000000000e+00
-1.000000000000000000e+00
-1.000000000000000000e+00
-1.000000000000000000e+00
-1.000000000000000000e+00
-1.000000000000000000e+00
-1.000000000000000000e+00
-1.000000000000000000e+00
-1.000000000000000000e+00
-1.000000000000000000e+00
-1.000000000000000000e+00
-1.000000000000000000e+00
-1.000000000000000000e+00
-1.000000000000000000e+00
-1.000000000000000000e+00
-1.000000000000000000e+00
-1.000000000000000000e+00
-1.000000000000000000e+00
-1.000000000000000000e+00
-1.000000000000000000e+00
-1.000000000000000000e+00
-1.000000000000000000e+00
-1.000000000000000000e+00
-1.000000000000000000e+00
-1.000000000000000000e+00
-1.000000000000000000e+00
-1.000000000000000000e+00
-1.000000000000000000e+00
-1.000000000000000000e+00
-1.000000000000000000e+00
-1.000000000000000000e+00
-1.000000000000000000e+00
-1.000000000000000000e+00
-1.000000000000000000e+00
-1.000000000000000000e+00
-1.000000000000000000e+00
-1.000000000000000000e+00
-1.000000000000000000e+00
-1.000000000000000000e+00
-1.000000000000000000e+00
-1.000000000000000000e+00
-1.000000000000000000e+00
-1.000000000000000000e+00
-1.000000000000000000e+00
-1.000000000000000000e+00
-1.000000000000000000e+00
-1.000000000000000000e+00
-1.000000000000000000e+00
-1.000000000000000000e+00
-1.000000000000000000e+00
-1.000000000000000000e+00
-1.000000000000000000e+00
-1.000000000000000000e+00
-1.000000000000000000e+00
-1.000000000000000000e+00
-1.000000000000000000e+00
-1.000000000000000000e+00
-1.000000000000000000e+00
-1.000000000000000000e+00
-1.000000000000000000e+00
-1.000000000000000000e+00
-1.000000000000000000e+00
-1.000000000000000000e+00
-1.000000000000000000e+00
-1.000000000000000000e+00
-1.000000000000000000e+00
-1.000000000000000000e+00
-1.000000000000000000e+00
-1.000000000000000000e+00
-1.000000000000000000e+00
-1.000000000000000000e+00
-1.000000000000000000e+00
-1.000000000000000000e+00
-1.000000000000000000e+00
-1.000000000000000000e+00
-1.000000000000000000e+00
-1.000000000000000000e+00
-1.000000000000000000e+00
-1.000000000000000000e+00
-1.000000000000000000e+00
-1.000000000000000000e+00
-1.000000000000000000e+00
-1.000000000000000000e+00
-1.000000000000000000e+00
-1.000000000000000000e+00
-1.000000000000000000e+00
-1.000000000000000000e+00
-1.000000000000000000e+00
-1.000000000000000000e+00
-1.000000000000000000e+00
-1.000000000000000000e+00
-1.000000000000000000e+00
-1.000000000000000000e+00
-1.000000000000000000e+00
-1.000000000000000000e+00
-1.000000000000000000e+00
-1.000000000000000000e+00
-1.000000000000000000e+00
-1.000000000000000000e+00
-1.000000000000000000e+00
-1.000000000000000000e+00
-1.000000000000000000e+00
-1.000000000000000000e+00
-1.000000000000000000e+00
-1.000000000000000000e+00
-1.000000000000000000e+00
-1.000000000000000000e+00
-1.000000000000000000e+00
-1.000000000000000000e+00
-1.000000000000000000e+00
-1.000000000000000000e+00
-1.000000000000000000e+00
-1.000000000000000000e+00
-1.000000000000000000e+00
-1.000000000000000000e+00
-1.000000000000000000e+00
-1.000000000000000000e+00
-1.000000000000000000e+00
-1.000000000000000000e+00
-1.000000000000000000e+00
-1.000000000000000000e+00
-1.000000000000000000e+00
-1.000000000000000000e+00
-1.000000000000000000e+00
-1.000000000000000000e+00
-1.000000000000000000e+00
-1.000000000000000000e+00
-1.000000000000000000e+00
-1.000000000000000000e+00
-1.000000000000000000e+00
-1.000000000000000000e+00
-1.000000000000000000e+00
-1.000000000000000000e+00
-1.000000000000000000e+00
-1.000000000000000000e+00
-1.000000000000000000e+00
-1.000000000000000000e+00
-1.000000000000000000e+00
-1.000000000000000000e+00
-1.000000000000000000e+00
-1.000000000000000000e+00
-1.000000000000000000e+00
-1.000000000000000000e+00
-1.000000000000000000e+00
-1.000000000000000000e+00
-1.000000000000000000e+00
-1.000000000000000000e+00
-1.000000000000000000e+00
-1.000000000000000000e+00
-1.000000000000000000e+00
-1.000000000000000000e+00
-1.000000000000000000e+00
-1.000000000000000000e+00
-1.000000000000000000e+00
-1.000000000000000000e+00
-1.000000000000000000e+00
-1.000000000000000000e+00
-1.000000000000000000e+00
-1.000000000000000000e+00
-1.000000000000000000e+00
-1.000000000000000000e+00
-1.000000000000000000e+00
-1.000000000000000000e+00
-1.000000000000000000e+00
-1.000000000000000000e+00
-1.000000000000000000e+00
1.000000000000000000e+00
1.000000000000000000e+00
1.000000000000000000e+00
1.000000000000000000e+00
1.000000000000000000e+00
1.000000000000000000e+00
1.000000000000000000e+00
1.000000000000000000e+00
1.000000000000000000e+00
1.000000000000000000e+00
1.000000000000000000e+00
1.000000000000000000e+00
1.000000000000000000e+00
1.000000000000000000e+00
1.000000000000000000e+00
1.000000000000000000e+00
1.000000000000000000e+00
1.000000000000000000e+00
1.000000000000000000e+00
1.000000000000000000e+00
1.000000000000000000e+00
1.000000000000000000e+00
1.000000000000000000e+00
1.000000000000000000e+00
1.000000000000000000e+00
1.000000000000000000e+00
1.000000000000000000e+00
1.000000000000000000e+00
1.000000000000000000e+00
1.000000000000000000e+00
1.000000000000000000e+00
1.000000000000000000e+00
1.000000000000000000e+00
1.000000000000000000e+00
1.000000000000000000e+00
1.000000000000000000e+00
1.000000000000000000e+00
1.000000000000000000e+00
1.000000000000000000e+00
1.000000000000000000e+00
1.000000000000000000e+00
1.000000000000000000e+00
1.000000000000000000e+00
1.000000000000000000e+00
1.000000000000000000e+00
1.000000000000000000e+00
1.000000000000000000e+00
1.000000000000000000e+00
1.000000000000000000e+00
1.000000000000000000e+00
1.000000000000000000e+00
1.000000000000000000e+00
1.000000000000000000e+00
1.000000000000000000e+00
1.000000000000000000e+00
1.000000000000000000e+00
1.000000000000000000e+00
1.000000000000000000e+00
1.000000000000000000e+00
1.000000000000000000e+00
1.000000000000000000e+00
1.000000000000000000e+00
1.000000000000000000e+00
1.000000000000000000e+00
1.000000000000000000e+00
1.000000000000000000e+00
1.000000000000000000e+00
1.000000000000000000e+00
1.000000000000000000e+00
1.000000000000000000e+00
1.000000000000000000e+00
1.000000000000000000e+00
1.000000000000000000e+00
1.000000000000000000e+00
1.000000000000000000e+00
1.000000000000000000e+00
1.000000000000000000e+00
1.000000000000000000e+00
1.000000000000000000e+00
1.000000000000000000e+00
1.000000000000000000e+00
1.000000000000000000e+00
1.000000000000000000e+00
1.000000000000000000e+00
1.000000000000000000e+00
1.000000000000000000e+00
1.000000000000000000e+00
1.000000000000000000e+00
1.000000000000000000e+00
1.000000000000000000e+00
1.000000000000000000e+00
1.000000000000000000e+00
1.000000000000000000e+00
1.000000000000000000e+00
1.000000000000000000e+00
1.000000000000000000e+00
1.000000000000000000e+00
1.000000000000000000e+00
1.000000000000000000e+00
1.000000000000000000e+00
1.000000000000000000e+00
1.000000000000000000e+00
1.000000000000000000e+00
1.000000000000000000e+00
1.000000000000000000e+00
1.000000000000000000e+00
1.000000000000000000e+00
1.000000000000000000e+00
1.000000000000000000e+00
1.000000000000000000e+00
1.000000000000000000e+00
1.000000000000000000e+00
1.000000000000000000e+00
1.000000000000000000e+00
1.000000000000000000e+00
1.000000000000000000e+00
1.000000000000000000e+00
1.000000000000000000e+00
1.000000000000000000e+00
1.000000000000000000e+00
1.000000000000000000e+00
1.000000000000000000e+00
1.000000000000000000e+00
1.000000000000000000e+00
1.000000000000000000e+00
1.000000000000000000e+00
1.000000000000000000e+00
1.000000000000000000e+00
1.000000000000000000e+00
1.000000000000000000e+00
1.000000000000000000e+00
1.000000000000000000e+00
1.000000000000000000e+00
1.000000000000000000e+00
1.000000000000000000e+00
1.000000000000000000e+00
1.000000000000000000e+00
1.000000000000000000e+00
1.000000000000000000e+00
1.000000000000000000e+00
1.000000000000000000e+00
1.000000000000000000e+00
1.000000000000000000e+00
1.000000000000000000e+00
1.000000000000000000e+00
1.000000000000000000e+00
1.000000000000000000e+00
1.000000000000000000e+00
1.000000000000000000e+00
1.000000000000000000e+00
1.000000000000000000e+00
1.000000000000000000e+00
1.000000000000000000e+00
1.000000000000000000e+00
1.000000000000000000e+00
1.000000000000000000e+00
1.000000000000000000e+00
1.000000000000000000e+00
1.000000000000000000e+00
1.000000000000000000e+00
1.000000000000000000e+00
1.000000000000000000e+00
1.000000000000000000e+00
1.000000000000000000e+00
1.000000000000000000e+00
1.000000000000000000e+00
1.000000000000000000e+00
1.000000000000000000e+00
1.000000000000000000e+00
1.000000000000000000e+00
1.000000000000000000e+00
1.000000000000000000e+00
1.000000000000000000e+00
1.000000000000000000e+00
1.000000000000000000e+00
1.000000000000000000e+00
1.000000000000000000e+00
1.000000000000000000e+00
1.000000000000000000e+00
1.000000000000000000e+00
1.000000000000000000e+00
1.000000000000000000e+00
1.000000000000000000e+00
1.000000000000000000e+00
1.000000000000000000e+00
1.000000000000000000e+00
1.000000000000000000e+00
1.000000000000000000e+00
1.000000000000000000e+00
1.000000000000000000e+00
1.000000000000000000e+00
1.000000000000000000e+00
1.000000000000000000e+00
1.000000000000000000e+00
1.000000000000000000e+00
1.000000000000000000e+00
1.000000000000000000e+00
1.000000000000000000e+00
1.000000000000000000e+00
1.000000000000000000e+00
1.000000000000000000e+00
1.000000000000000000e+00
1.000000000000000000e+00
1.000000000000000000e+00
1.000000000000000000e+00
1.000000000000000000e+00
1.000000000000000000e+00
1.000000000000000000e+00
1.000000000000000000e+00
1.000000000000000000e+00
1.000000000000000000e+00
1.000000000000000000e+00
1.000000000000000000e+00
1.000000000000000000e+00
1.000000000000000000e+00
1.000000000000000000e+00
1.000000000000000000e+00
1.000000000000000000e+00
1.000000000000000000e+00
1.000000000000000000e+00
1.000000000000000000e+00
1.000000000000000000e+00
1.000000000000000000e+00
1.000000000000000000e+00
1.000000000000000000e+00
1.000000000000000000e+00
1.000000000000000000e+00
1.000000000000000000e+00
1.000000000000000000e+00
1.000000000000000000e+00
1.000000000000000000e+00
1.000000000000000000e+00
1.000000000000000000e+00
1.000000000000000000e+00
1.000000000000000000e+00
1.000000000000000000e+00
1.000000000000000000e+00
1.000000000000000000e+00
1.000000000000000000e+00
1.000000000000000000e+00
1.000000000000000000e+00
1.000000000000000000e+00
1.000000000000000000e+00
1.000000000000000000e+00
1.000000000000000000e+00
1.000000000000000000e+00
1.000000000000000000e+00
1.000000000000000000e+00
1.000000000000000000e+00
1.000000000000000000e+00
1.000000000000000000e+00
1.000000000000000000e+00
1.000000000000000000e+00
1.000000000000000000e+00
1.000000000000000000e+00
1.000000000000000000e+00
1.000000000000000000e+00
1.000000000000000000e+00
1.000000000000000000e+00
1.000000000000000000e+00
1.000000000000000000e+00
1.000000000000000000e+00
1.000000000000000000e+00
1.000000000000000000e+00
1.000000000000000000e+00
1.000000000000000000e+00
1.000000000000000000e+00
1.000000000000000000e+00
1.000000000000000000e+00
1.000000000000000000e+00
1.000000000000000000e+00
1.000000000000000000e+00
1.000000000000000000e+00
1.000000000000000000e+00
1.000000000000000000e+00
1.000000000000000000e+00
1.000000000000000000e+00
1.000000000000000000e+00
1.000000000000000000e+00
1.000000000000000000e+00
1.000000000000000000e+00
1.000000000000000000e+00
1.000000000000000000e+00
1.000000000000000000e+00
1.000000000000000000e+00
1.000000000000000000e+00
1.000000000000000000e+00
1.000000000000000000e+00
1.000000000000000000e+00
1.000000000000000000e+00
1.000000000000000000e+00
1.000000000000000000e+00
1.000000000000000000e+00
1.000000000000000000e+00
1.000000000000000000e+00
1.000000000000000000e+00
1.000000000000000000e+00
1.000000000000000000e+00
1.000000000000000000e+00
1.000000000000000000e+00
1.000000000000000000e+00
1.000000000000000000e+00
1.000000000000000000e+00
1.000000000000000000e+00
1.000000000000000000e+00
1.000000000000000000e+00
1.000000000000000000e+00
1.000000000000000000e+00
1.000000000000000000e+00
1.000000000000000000e+00
1.000000000000000000e+00
1.000000000000000000e+00
1.000000000000000000e+00
1.000000000000000000e+00
1.000000000000000000e+00
1.000000000000000000e+00
1.000000000000000000e+00
1.000000000000000000e+00
1.000000000000000000e+00
1.000000000000000000e+00
1.000000000000000000e+00
1.000000000000000000e+00
1.000000000000000000e+00
1.000000000000000000e+00
1.000000000000000000e+00
1.000000000000000000e+00
1.000000000000000000e+00
1.000000000000000000e+00
1.000000000000000000e+00
1.000000000000000000e+00
1.000000000000000000e+00
1.000000000000000000e+00
1.000000000000000000e+00
1.000000000000000000e+00
1.000000000000000000e+00
1.000000000000000000e+00
1.000000000000000000e+00
1.000000000000000000e+00
1.000000000000000000e+00
1.000000000000000000e+00
1.000000000000000000e+00
1.000000000000000000e+00
1.000000000000000000e+00
1.000000000000000000e+00
1.000000000000000000e+00
1.000000000000000000e+00
1.000000000000000000e+00
1.000000000000000000e+00
1.000000000000000000e+00
1.000000000000000000e+00
1.000000000000000000e+00
1.000000000000000000e+00
1.000000000000000000e+00
1.000000000000000000e+00
1.000000000000000000e+00
1.000000000000000000e+00
1.000000000000000000e+00
1.000000000000000000e+00
1.000000000000000000e+00
1.000000000000000000e+00
1.000000000000000000e+00
1.000000000000000000e+00
1.000000000000000000e+00
1.000000000000000000e+00
1.000000000000000000e+00
1.000000000000000000e+00
1.000000000000000000e+00
1.000000000000000000e+00
1.000000000000000000e+00
1.000000000000000000e+00
1.000000000000000000e+00
1.000000000000000000e+00
1.000000000000000000e+00
1.000000000000000000e+00
1.000000000000000000e+00
1.000000000000000000e+00
1.000000000000000000e+00
1.000000000000000000e+00
1.000000000000000000e+00
1.000000000000000000e+00
1.000000000000000000e+00
1.000000000000000000e+00
1.000000000000000000e+00
1.000000000000000000e+00
1.000000000000000000e+00
1.000000000000000000e+00
1.000000000000000000e+00
1.000000000000000000e+00
1.000000000000000000e+00
1.000000000000000000e+00
1.000000000000000000e+00
1.000000000000000000e+00
1.000000000000000000e+00
1.000000000000000000e+00
-1.000000000000000000e+00
-1.000000000000000000e+00
-1.000000000000000000e+00
-1.000000000000000000e+00
-1.000000000000000000e+00
-1.000000000000000000e+00
-1.000000000000000000e+00
-1.000000000000000000e+00
-1.000000000000000000e+00
-1.000000000000000000e+00
-1.000000000000000000e+00
-1.000000000000000000e+00
-1.000000000000000000e+00
-1.000000000000000000e+00
-1.000000000000000000e+00
-1.000000000000000000e+00
-1.000000000000000000e+00
-1.000000000000000000e+00
-1.000000000000000000e+00
-1.000000000000000000e+00
-1.000000000000000000e+00
-1.000000000000000000e+00
-1.000000000000000000e+00
-1.000000000000000000e+00
-1.000000000000000000e+00
-1.000000000000000000e+00
-1.000000000000000000e+00
-1.000000000000000000e+00
-1.000000000000000000e+00
-1.000000000000000000e+00
-1.000000000000000000e+00
-1.000000000000000000e+00
-1.000000000000000000e+00
-1.000000000000000000e+00
-1.000000000000000000e+00
-1.000000000000000000e+00
-1.000000000000000000e+00
-1.000000000000000000e+00
-1.000000000000000000e+00
-1.000000000000000000e+00
-1.000000000000000000e+00
-1.000000000000000000e+00
-1.000000000000000000e+00
-1.000000000000000000e+00
-1.000000000000000000e+00
-1.000000000000000000e+00
-1.000000000000000000e+00
-1.000000000000000000e+00
-1.000000000000000000e+00
-1.000000000000000000e+00
-1.000000000000000000e+00
-1.000000000000000000e+00
-1.000000000000000000e+00
-1.000000000000000000e+00
-1.000000000000000000e+00
-1.000000000000000000e+00
-1.000000000000000000e+00
-1.000000000000000000e+00
-1.000000000000000000e+00
-1.000000000000000000e+00
-1.000000000000000000e+00
-1.000000000000000000e+00
-1.000000000000000000e+00
-1.000000000000000000e+00
-1.000000000000000000e+00
-1.000000000000000000e+00
-1.000000000000000000e+00
-1.000000000000000000e+00
-1.000000000000000000e+00
-1.000000000000000000e+00
-1.000000000000000000e+00
-1.000000000000000000e+00
-1.000000000000000000e+00
-1.000000000000000000e+00
-1.000000000000000000e+00
-1.000000000000000000e+00
-1.000000000000000000e+00
-1.000000000000000000e+00
-1.000000000000000000e+00
-1.000000000000000000e+00
-1.000000000000000000e+00
-1.000000000000000000e+00
-1.000000000000000000e+00
-1.000000000000000000e+00
-1.000000000000000000e+00
-1.000000000000000000e+00
-1.000000000000000000e+00
-1.000000000000000000e+00
-1.000000000000000000e+00
-1.000000000000000000e+00
-1.000000000000000000e+00
-1.000000000000000000e+00
-1.000000000000000000e+00
-1.000000000000000000e+00
-1.000000000000000000e+00
-1.000000000000000000e+00
-1.000000000000000000e+00
-1.000000000000000000e+00
-1.000000000000000000e+00
-1.000000000000000000e+00
-1.000000000000000000e+00
-1.000000000000000000e+00
-1.000000000000000000e+00
-1.000000000000000000e+00
-1.000000000000000000e+00
-1.000000000000000000e+00
-1.000000000000000000e+00
-1.000000000000000000e+00
-1.000000000000000000e+00
-1.000000000000000000e+00
-1.000000000000000000e+00
-1.000000000000000000e+00
-1.000000000000000000e+00
-1.000000000000000000e+00
-1.000000000000000000e+00
-1.000000000000000000e+00
-1.000000000000000000e+00
-1.000000000000000000e+00
-1.000000000000000000e+00
-1.000000000000000000e+00
-1.000000000000000000e+00
-1.000000000000000000e+00
-1.000000000000000000e+00
-1.000000000000000000e+00
-1.000000000000000000e+00
-1.000000000000000000e+00
-1.000000000000000000e+00
-1.000000000000000000e+00
-1.000000000000000000e+00
-1.000000000000000000e+00
-1.000000000000000000e+00
-1.000000000000000000e+00
-1.000000000000000000e+00
-1.000000000000000000e+00
-1.000000000000000000e+00
-1.000000000000000000e+00
-1.000000000000000000e+00
-1.000000000000000000e+00
-1.000000000000000000e+00
-1.000000000000000000e+00
-1.000000000000000000e+00
-1.000000000000000000e+00
-1.000000000000000000e+00
-1.000000000000000000e+00
-1.000000000000000000e+00
-1.000000000000000000e+00
-1.000000000000000000e+00
-1.000000000000000000e+00
-1.000000000000000000e+00
-1.000000000000000000e+00
-1.000000000000000000e+00
-1.000000000000000000e+00
-1.000000000000000000e+00
-1.000000000000000000e+00
-1.000000000000000000e+00
-1.000000000000000000e+00
-1.000000000000000000e+00
-1.000000000000000000e+00
-1.000000000000000000e+00
-1.000000000000000000e+00
-1.000000000000000000e+00
-1.000000000000000000e+00
-1.000000000000000000e+00
-1.000000000000000000e+00
-1.000000000000000000e+00
-1.000000000000000000e+00
-1.000000000000000000e+00
-1.000000000000000000e+00
-1.000000000000000000e+00
-1.000000000000000000e+00
-1.000000000000000000e+00
-1.000000000000000000e+00
-1.000000000000000000e+00
-1.000000000000000000e+00
-1.000000000000000000e+00
-1.000000000000000000e+00
-1.000000000000000000e+00
-1.000000000000000000e+00
-1.000000000000000000e+00
-1.000000000000000000e+00
-1.000000000000000000e+00
-1.000000000000000000e+00
-1.000000000000000000e+00
-1.000000000000000000e+00
-1.000000000000000000e+00
-1.000000000000000000e+00
-1.000000000000000000e+00
-1.000000000000000000e+00
-1.000000000000000000e+00
-1.000000000000000000e+00
-1.000000000000000000e+00
-1.000000000000000000e+00
-1.000000000000000000e+00
-1.000000000000000000e+00
-1.000000000000000000e+00
-1.000000000000000000e+00
-1.000000000000000000e+00
-1.000000000000000000e+00
-1.000000000000000000e+00
-1.000000000000000000e+00
-1.000000000000000000e+00
-1.000000000000000000e+00
-1.000000000000000000e+00
-1.000000000000000000e+00
-1.000000000000000000e+00
-1.000000000000000000e+00
-1.000000000000000000e+00
-1.000000000000000000e+00
-1.000000000000000000e+00
-1.000000000000000000e+00
-1.000000000000000000e+00
-1.000000000000000000e+00
-1.000000000000000000e+00
-1.000000000000000000e+00
-1.000000000000000000e+00
-1.000000000000000000e+00
-1.000000000000000000e+00
-1.000000000000000000e+00
-1.000000000000000000e+00
-1.000000000000000000e+00
-1.000000000000000000e+00
-1.000000000000000000e+00
-1.000000000000000000e+00
-1.000000000000000000e+00
-1.000000000000000000e+00
-1.000000000000000000e+00
-1.000000000000000000e+00
-1.000000000000000000e+00
-1.000000000000000000e+00
-1.000000000000000000e+00
-1.000000000000000000e+00
-1.000000000000000000e+00
-1.000000000000000000e+00
-1.000000000000000000e+00
-1.000000000000000000e+00
-1.000000000000000000e+00
-1.000000000000000000e+00
-1.000000000000000000e+00
-1.000000000000000000e+00
-1.000000000000000000e+00
-1.000000000000000000e+00
-1.000000000000000000e+00
-1.000000000000000000e+00
-1.000000000000000000e+00
-1.000000000000000000e+00
-1.000000000000000000e+00
-1.000000000000000000e+00
-1.000000000000000000e+00
-1.000000000000000000e+00
-1.000000000000000000e+00
-1.000000000000000000e+00
-1.000000000000000000e+00
-1.000000000000000000e+00
-1.000000000000000000e+00
-1.000000000000000000e+00
-1.000000000000000000e+00
-1.000000000000000000e+00
-1.000000000000000000e+00
-1.000000000000000000e+00
-1.000000000000000000e+00
-1.000000000000000000e+00
-1.000000000000000000e+00
-1.000000000000000000e+00
-1.000000000000000000e+00
-1.000000000000000000e+00
-1.000000000000000000e+00
-1.000000000000000000e+00
-1.000000000000000000e+00
-1.000000000000000000e+00
-1.000000000000000000e+00
-1.000000000000000000e+00
-1.000000000000000000e+00
-1.000000000000000000e+00
-1.000000000000000000e+00
-1.000000000000000000e+00
-1.000000000000000000e+00
-1.000000000000000000e+00
-1.000000000000000000e+00
-1.000000000000000000e+00
-1.000000000000000000e+00
-1.000000000000000000e+00
-1.000000000000000000e+00
-1.000000000000000000e+00
-1.000000000000000000e+00
-1.000000000000000000e+00
-1.000000000000000000e+00
-1.000000000000000000e+00
-1.000000000000000000e+00
-1.000000000000000000e+00
-1.000000000000000000e+00
-1.000000000000000000e+00
-1.000000000000000000e+00
-1.000000000000000000e+00
-1.000000000000000000e+00
-1.000000000000000000e+00
-1.000000000000000000e+00
-1.000000000000000000e+00
-1.000000000000000000e+00
-1.000000000000000000e+00
-1.000000000000000000e+00
-1.000000000000000000e+00
-1.000000000000000000e+00
-1.000000000000000000e+00
-1.000000000000000000e+00
-1.000000000000000000e+00
-1.000000000000000000e+00
-1.000000000000000000e+00
-1.000000000000000000e+00
-1.000000000000000000e+00
-1.000000000000000000e+00
-1.000000000000000000e+00
-1.000000000000000000e+00
-1.000000000000000000e+00
-1.000000000000000000e+00
-1.000000000000000000e+00
-1.000000000000000000e+00
-1.000000000000000000e+00
-1.000000000000000000e+00
-1.000000000000000000e+00
-1.000000000000000000e+00
-1.000000000000000000e+00
-1.000000000000000000e+00
-1.000000000000000000e+00
-1.000000000000000000e+00
-1.000000000000000000e+00
-1.000000000000000000e+00
-1.000000000000000000e+00
-1.000000000000000000e+00
-1.000000000000000000e+00
-1.000000000000000000e+00
-1.000000000000000000e+00
-1.000000000000000000e+00
-1.000000000000000000e+00
-1.000000000000000000e+00
-1.000000000000000000e+00
-1.000000000000000000e+00
-1.000000000000000000e+00
-1.000000000000000000e+00
-1.000000000000000000e+00
-1.000000000000000000e+00
-1.000000000000000000e+00
-1.000000000000000000e+00
-1.000000000000000000e+00
-1.000000000000000000e+00
-1.000000000000000000e+00
-1.000000000000000000e+00
-1.000000000000000000e+00
-1.000000000000000000e+00
-1.000000000000000000e+00
-1.000000000000000000e+00
-1.000000000000000000e+00
-1.000000000000000000e+00
1.000000000000000000e+00
1.000000000000000000e+00
1.000000000000000000e+00
1.000000000000000000e+00
1.000000000000000000e+00
1.000000000000000000e+00
1.000000000000000000e+00
1.000000000000000000e+00
1.000000000000000000e+00
1.000000000000000000e+00
1.000000000000000000e+00
1.000000000000000000e+00
1.000000000000000000e+00
1.000000000000000000e+00
1.000000000000000000e+00
1.000000000000000000e+00
1.000000000000000000e+00
1.000000000000000000e+00
1.000000000000000000e+00
1.000000000000000000e+00
1.000000000000000000e+00
1.000000000000000000e+00
1.000000000000000000e+00
1.000000000000000000e+00
1.000000000000000000e+00
1.000000000000000000e+00
1.000000000000000000e+00
1.000000000000000000e+00
1.000000000000000000e+00
1.000000000000000000e+00
1.000000000000000000e+00
1.000000000000000000e+00
1.000000000000000000e+00
1.000000000000000000e+00
1.000000000000000000e+00
1.000000000000000000e+00
1.000000000000000000e+00
1.000000000000000000e+00
1.000000000000000000e+00
1.000000000000000000e+00
1.000000000000000000e+00
1.000000000000000000e+00
1.000000000000000000e+00
1.000000000000000000e+00
1.000000000000000000e+00
1.000000000000000000e+00
1.000000000000000000e+00
1.000000000000000000e+00
1.000000000000000000e+00
1.000000000000000000e+00
1.000000000000000000e+00
1.000000000000000000e+00
1.000000000000000000e+00
1.000000000000000000e+00
1.000000000000000000e+00
1.000000000000000000e+00
1.000000000000000000e+00
1.000000000000000000e+00
1.000000000000000000e+00
1.000000000000000000e+00
1.000000000000000000e+00
1.000000000000000000e+00
1.000000000000000000e+00
1.000000000000000000e+00
1.000000000000000000e+00
1.000000000000000000e+00
1.000000000000000000e+00
1.000000000000000000e+00
1.000000000000000000e+00
1.000000000000000000e+00
1.000000000000000000e+00
1.000000000000000000e+00
1.000000000000000000e+00
1.000000000000000000e+00
1.000000000000000000e+00
1.000000000000000000e+00
1.000000000000000000e+00
1.000000000000000000e+00
1.000000000000000000e+00
1.000000000000000000e+00
1.000000000000000000e+00
1.000000000000000000e+00
1.000000000000000000e+00
1.000000000000000000e+00
1.000000000000000000e+00
1.000000000000000000e+00
1.000000000000000000e+00
1.000000000000000000e+00
1.000000000000000000e+00
1.000000000000000000e+00
1.000000000000000000e+00
1.000000000000000000e+00
1.000000000000000000e+00
1.000000000000000000e+00
1.000000000000000000e+00
1.000000000000000000e+00
1.000000000000000000e+00
1.000000000000000000e+00
1.000000000000000000e+00
1.000000000000000000e+00
1.000000000000000000e+00
1.000000000000000000e+00
1.000000000000000000e+00
1.000000000000000000e+00
1.000000000000000000e+00
1.000000000000000000e+00
1.000000000000000000e+00
1.000000000000000000e+00
1.000000000000000000e+00
1.000000000000000000e+00
1.000000000000000000e+00
1.000000000000000000e+00
1.000000000000000000e+00
1.000000000000000000e+00
1.000000000000000000e+00
1.000000000000000000e+00
1.000000000000000000e+00
1.000000000000000000e+00
1.000000000000000000e+00
1.000000000000000000e+00
1.000000000000000000e+00
1.000000000000000000e+00
1.000000000000000000e+00
1.000000000000000000e+00
1.000000000000000000e+00
1.000000000000000000e+00
1.000000000000000000e+00
1.000000000000000000e+00
1.000000000000000000e+00
1.000000000000000000e+00
1.000000000000000000e+00
1.000000000000000000e+00
1.000000000000000000e+00
1.000000000000000000e+00
1.000000000000000000e+00
1.000000000000000000e+00
1.000000000000000000e+00
1.000000000000000000e+00
1.000000000000000000e+00
1.000000000000000000e+00
1.000000000000000000e+00
1.000000000000000000e+00
1.000000000000000000e+00
1.000000000000000000e+00
1.000000000000000000e+00
1.000000000000000000e+00
1.000000000000000000e+00
1.000000000000000000e+00
1.000000000000000000e+00
1.000000000000000000e+00
1.000000000000000000e+00
1.000000000000000000e+00
1.000000000000000000e+00
1.000000000000000000e+00
1.000000000000000000e+00
1.000000000000000000e+00
1.000000000000000000e+00
1.000000000000000000e+00
1.000000000000000000e+00
1.000000000000000000e+00
1.000000000000000000e+00
1.000000000000000000e+00
1.000000000000000000e+00
1.000000000000000000e+00
1.000000000000000000e+00
1.000000000000000000e+00
1.000000000000000000e+00
1.000000000000000000e+00
1.000000000000000000e+00
1.000000000000000000e+00
1.000000000000000000e+00
1.000000000000000000e+00
1.000000000000000000e+00
1.000000000000000000e+00
1.000000000000000000e+00
1.000000000000000000e+00
1.000000000000000000e+00
1.000000000000000000e+00
1.000000000000000000e+00
1.000000000000000000e+00
1.000000000000000000e+00
1.000000000000000000e+00
1.000000000000000000e+00
1.000000000000000000e+00
1.000000000000000000e+00
1.000000000000000000e+00
1.000000000000000000e+00
1.000000000000000000e+00
1.000000000000000000e+00
1.000000000000000000e+00
1.000000000000000000e+00
1.000000000000000000e+00
1.000000000000000000e+00
1.000000000000000000e+00
1.000000000000000000e+00
1.000000000000000000e+00
1.000000000000000000e+00
1.000000000000000000e+00
1.000000000000000000e+00
1.000000000000000000e+00
1.000000000000000000e+00
1.000000000000000000e+00
1.000000000000000000e+00
1.000000000000000000e+00
1.000000000000000000e+00
1.000000000000000000e+00
1.000000000000000000e+00
1.000000000000000000e+00
1.000000000000000000e+00
1.000000000000000000e+00
1.000000000000000000e+00
1.000000000000000000e+00
1.000000000000000000e+00
1.000000000000000000e+00
1.000000000000000000e+00
1.000000000000000000e+00
1.000000000000000000e+00
1.000000000000000000e+00
1.000000000000000000e+00
1.000000000000000000e+00
1.000000000000000000e+00
1.000000000000000000e+00
1.000000000000000000e+00
1.000000000000000000e+00
1.000000000000000000e+00
1.000000000000000000e+00
1.000000000000000000e+00
1.000000000000000000e+00
1.000000000000000000e+00
1.000000000000000000e+00
1.000000000000000000e+00
1.000000000000000000e+00
1.000000000000000000e+00
1.000000000000000000e+00
1.000000000000000000e+00
1.000000000000000000e+00
1.000000000000000000e+00
1.000000000000000000e+00
1.000000000000000000e+00
1.000000000000000000e+00
1.000000000000000000e+00
1.000000000000000000e+00
1.000000000000000000e+00
1.000000000000000000e+00
1.000000000000000000e+00
1.000000000000000000e+00
1.000000000000000000e+00
1.000000000000000000e+00
1.000000000000000000e+00
1.000000000000000000e+00
1.000000000000000000e+00
1.000000000000000000e+00
1.000000000000000000e+00
1.000000000000000000e+00
1.000000000000000000e+00
1.000000000000000000e+00
1.000000000000000000e+00
1.000000000000000000e+00
1.000000000000000000e+00
1.000000000000000000e+00
1.000000000000000000e+00
1.000000000000000000e+00
1.000000000000000000e+00
1.000000000000000000e+00
1.000000000000000000e+00
1.000000000000000000e+00
1.000000000000000000e+00
1.000000000000000000e+00
1.000000000000000000e+00
1.000000000000000000e+00
1.000000000000000000e+00
1.000000000000000000e+00
1.000000000000000000e+00
1.000000000000000000e+00
1.000000000000000000e+00
1.000000000000000000e+00
1.000000000000000000e+00
1.000000000000000000e+00
1.000000000000000000e+00
1.000000000000000000e+00
1.000000000000000000e+00
1.000000000000000000e+00
1.000000000000000000e+00
1.000000000000000000e+00
1.000000000000000000e+00
1.000000000000000000e+00
1.000000000000000000e+00
1.000000000000000000e+00
1.000000000000000000e+00
1.000000000000000000e+00
1.000000000000000000e+00
1.000000000000000000e+00
1.000000000000000000e+00
1.000000000000000000e+00
1.000000000000000000e+00
1.000000000000000000e+00
1.000000000000000000e+00
1.000000000000000000e+00
1.000000000000000000e+00
1.000000000000000000e+00
1.000000000000000000e+00
1.000000000000000000e+00
1.000000000000000000e+00
1.000000000000000000e+00
1.000000000000000000e+00
1.000000000000000000e+00
1.000000000000000000e+00
1.000000000000000000e+00
1.000000000000000000e+00
1.000000000000000000e+00
1.000000000000000000e+00
1.000000000000000000e+00
1.000000000000000000e+00
1.000000000000000000e+00
1.000000000000000000e+00
1.000000000000000000e+00
1.000000000000000000e+00
1.000000000000000000e+00
1.000000000000000000e+00
1.000000000000000000e+00
1.000000000000000000e+00
1.000000000000000000e+00
1.000000000000000000e+00
1.000000000000000000e+00
1.000000000000000000e+00
1.000000000000000000e+00
1.000000000000000000e+00
1.000000000000000000e+00
1.000000000000000000e+00
1.000000000000000000e+00
1.000000000000000000e+00
1.000000000000000000e+00
1.000000000000000000e+00
1.000000000000000000e+00
1.000000000000000000e+00
1.000000000000000000e+00
1.000000000000000000e+00
1.000000000000000000e+00
1.000000000000000000e+00
1.000000000000000000e+00
1.000000000000000000e+00
1.000000000000000000e+00
1.000000000000000000e+00
1.000000000000000000e+00
1.000000000000000000e+00
1.000000000000000000e+00
1.000000000000000000e+00
1.000000000000000000e+00
1.000000000000000000e+00
1.000000000000000000e+00
1.000000000000000000e+00
1.000000000000000000e+00
1.000000000000000000e+00
1.000000000000000000e+00
1.000000000000000000e+00
-1.000000000000000000e+00
-1.000000000000000000e+00
-1.000000000000000000e+00
-1.000000000000000000e+00
-1.000000000000000000e+00
-1.000000000000000000e+00
-1.000000000000000000e+00
-1.000000000000000000e+00
-1.000000000000000000e+00
-1.000000000000000000e+00
-1.000000000000000000e+00
-1.000000000000000000e+00
-1.000000000000000000e+00
-1.000000000000000000e+00
-1.000000000000000000e+00
-1.000000000000000000e+00
-1.000000000000000000e+00
-1.000000000000000000e+00
-1.000000000000000000e+00
-1.000000000000000000e+00
-1.000000000000000000e+00
-1.000000000000000000e+00
-1.000000000000000000e+00
-1.000000000000000000e+00
-1.000000000000000000e+00
-1.000000000000000000e+00
-1.000000000000000000e+00
-1.000000000000000000e+00
-1.000000000000000000e+00
-1.000000000000000000e+00
-1.000000000000000000e+00
-1.000000000000000000e+00
-1.000000000000000000e+00
-1.000000000000000000e+00
-1.000000000000000000e+00
-1.000000000000000000e+00
-1.000000000000000000e+00
-1.000000000000000000e+00
-1.000000000000000000e+00
-1.000000000000000000e+00
-1.000000000000000000e+00
-1.000000000000000000e+00
-1.000000000000000000e+00
-1.000000000000000000e+00
-1.000000000000000000e+00
-1.000000000000000000e+00
-1.000000000000000000e+00
-1.000000000000000000e+00
-1.000000000000000000e+00
-1.000000000000000000e+00
-1.000000000000000000e+00
-1.000000000000000000e+00
-1.000000000000000000e+00
-1.000000000000000000e+00
-1.000000000000000000e+00
-1.000000000000000000e+00
-1.000000000000000000e+00
-1.000000000000000000e+00
-1.000000000000000000e+00
-1.000000000000000000e+00
-1.000000000000000000e+00
-1.000000000000000000e+00
-1.000000000000000000e+00
-1.000000000000000000e+00
-1.000000000000000000e+00
-1.000000000000000000e+00
-1.000000000000000000e+00
-1.000000000000000000e+00
-1.000000000000000000e+00
-1.000000000000000000e+00
-1.000000000000000000e+00
-1.000000000000000000e+00
-1.000000000000000000e+00
-1.000000000000000000e+00
-1.000000000000000000e+00
-1.000000000000000000e+00
-1.000000000000000000e+00
-1.000000000000000000e+00
-1.000000000000000000e+00
-1.000000000000000000e+00
-1.000000000000000000e+00
-1.000000000000000000e+00
-1.000000000000000000e+00
-1.000000000000000000e+00
-1.000000000000000000e+00
-1.000000000000000000e+00
-1.000000000000000000e+00
-1.000000000000000000e+00
-1.000000000000000000e+00
-1.000000000000000000e+00
-1.000000000000000000e+00
-1.000000000000000000e+00
-1.000000000000000000e+00
-1.000000000000000000e+00
-1.000000000000000000e+00
-1.000000000000000000e+00
-1.000000000000000000e+00
-1.000000000000000000e+00
-1.000000000000000000e+00
-1.000000000000000000e+00
-1.000000000000000000e+00
-1.000000000000000000e+00
-1.000000000000000000e+00
-1.000000000000000000e+00
-1.000000000000000000e+00
-1.000000000000000000e+00
-1.000000000000000000e+00
-1.000000000000000000e+00
-1.000000000000000000e+00
-1.000000000000000000e+00
-1.000000000000000000e+00
-1.000000000000000000e+00
-1.000000000000000000e+00
-1.000000000000000000e+00
-1.000000000000000000e+00
-1.000000000000000000e+00
-1.000000000000000000e+00
-1.000000000000000000e+00
-1.000000000000000000e+00
-1.000000000000000000e+00
-1.000000000000000000e+00
-1.000000000000000000e+00
-1.000000000000000000e+00
-1.000000000000000000e+00
-1.000000000000000000e+00
-1.000000000000000000e+00
-1.000000000000000000e+00
-1.000000000000000000e+00
-1.000000000000000000e+00
-1.000000000000000000e+00
-1.000000000000000000e+00
-1.000000000000000000e+00
-1.000000000000000000e+00
-1.000000000000000000e+00
-1.000000000000000000e+00
-1.000000000000000000e+00
-1.000000000000000000e+00
-1.000000000000000000e+00
-1.000000000000000000e+00
-1.000000000000000000e+00
-1.000000000000000000e+00
-1.000000000000000000e+00
-1.000000000000000000e+00
-1.000000000000000000e+00
-1.000000000000000000e+00
-1.000000000000000000e+00
-1.000000000000000000e+00
-1.000000000000000000e+00
-1.000000000000000000e+00
-1.000000000000000000e+00
-1.000000000000000000e+00
-1.000000000000000000e+00
-1.000000000000000000e+00
-1.000000000000000000e+00
-1.000000000000000000e+00
-1.000000000000000000e+00
-1.000000000000000000e+00
-1.000000000000000000e+00
-1.000000000000000000e+00
-1.000000000000000000e+00
-1.000000000000000000e+00
-1.000000000000000000e+00
-1.000000000000000000e+00
-1.000000000000000000e+00
-1.000000000000000000e+00
-1.000000000000000000e+00
-1.000000000000000000e+00
-1.000000000000000000e+00
-1.000000000000000000e+00
-1.000000000000000000e+00
-1.000000000000000000e+00
-1.000000000000000000e+00
-1.000000000000000000e+00
-1.000000000000000000e+00
-1.000000000000000000e+00
-1.000000000000000000e+00
-1.000000000000000000e+00
-1.000000000000000000e+00
-1.000000000000000000e+00
-1.000000000000000000e+00
-1.000000000000000000e+00
-1.000000000000000000e+00
-1.000000000000000000e+00
-1.000000000000000000e+00
-1.000000000000000000e+00
-1.000000000000000000e+00
-1.000000000000000000e+00
-1.000000000000000000e+00
-1.000000000000000000e+00
-1.000000000000000000e+00
-1.000000000000000000e+00
-1.000000000000000000e+00
-1.000000000000000000e+00
-1.000000000000000000e+00
-1.000000000000000000e+00
-1.000000000000000000e+00
-1.000000000000000000e+00
-1.000000000000000000e+00
-1.000000000000000000e+00
-1.000000000000000000e+00
-1.000000000000000000e+00
-1.000000000000000000e+00
-1.000000000000000000e+00
-1.000000000000000000e+00
-1.000000000000000000e+00
-1.000000000000000000e+00
-1.000000000000000000e+00
-1.000000000000000000e+00
-1.000000000000000000e+00
-1.000000000000000000e+00
-1.000000000000000000e+00
-1.000000000000000000e+00
-1.000000000000000000e+00
-1.000000000000000000e+00
-1.000000000000000000e+00
-1.000000000000000000e+00
-1.000000000000000000e+00
-1.000000000000000000e+00
-1.000000000000000000e+00
-1.000000000000000000e+00
-1.000000000000000000e+00
-1.000000000000000000e+00
-1.000000000000000000e+00
-1.000000000000000000e+00
-1.000000000000000000e+00
-1.000000000000000000e+00
-1.000000000000000000e+00
-1.000000000000000000e+00
-1.000000000000000000e+00
-1.000000000000000000e+00
-1.000000000000000000e+00
-1.000000000000000000e+00
-1.000000000000000000e+00
-1.000000000000000000e+00
-1.000000000000000000e+00
-1.000000000000000000e+00
-1.000000000000000000e+00
-1.000000000000000000e+00
-1.000000000000000000e+00
-1.000000000000000000e+00
-1.000000000000000000e+00
-1.000000000000000000e+00
-1.000000000000000000e+00
-1.000000000000000000e+00
-1.000000000000000000e+00
-1.000000000000000000e+00
-1.000000000000000000e+00
-1.000000000000000000e+00
-1.000000000000000000e+00
-1.000000000000000000e+00
-1.000000000000000000e+00
-1.000000000000000000e+00
-1.000000000000000000e+00
-1.000000000000000000e+00
-1.000000000000000000e+00
-1.000000000000000000e+00
-1.000000000000000000e+00
-1.000000000000000000e+00
-1.000000000000000000e+00
-1.000000000000000000e+00
-1.000000000000000000e+00
-1.000000000000000000e+00
-1.000000000000000000e+00
-1.000000000000000000e+00
-1.000000000000000000e+00
-1.000000000000000000e+00
-1.000000000000000000e+00
-1.000000000000000000e+00
-1.000000000000000000e+00
-1.000000000000000000e+00
-1.000000000000000000e+00
-1.000000000000000000e+00
-1.000000000000000000e+00
-1.000000000000000000e+00
-1.000000000000000000e+00
-1.000000000000000000e+00
-1.000000000000000000e+00
-1.000000000000000000e+00
-1.000000000000000000e+00
-1.000000000000000000e+00
-1.000000000000000000e+00
-1.000000000000000000e+00
-1.000000000000000000e+00
-1.000000000000000000e+00
-1.000000000000000000e+00
-1.000000000000000000e+00
-1.000000000000000000e+00
-1.000000000000000000e+00
-1.000000000000000000e+00
-1.000000000000000000e+00
-1.000000000000000000e+00
-1.000000000000000000e+00
-1.000000000000000000e+00
1.000000000000000000e+00
1.000000000000000000e+00
1.000000000000000000e+00
1.000000000000000000e+00
1.000000000000000000e+00
1.000000000000000000e+00
1.000000000000000000e+00
1.000000000000000000e+00
1.000000000000000000e+00
1.000000000000000000e+00
1.000000000000000000e+00
1.000000000000000000e+00
1.000000000000000000e+00
1.000000000000000000e+00
1.000000000000000000e+00
1.000000000000000000e+00
1.000000000000000000e+00
1.000000000000000000e+00
1.000000000000000000e+00
-1.000000000000000000e+00
-1.000000000000000000e+00
-1.000000000000000000e+00
-1.000000000000000000e+00
-1.000000000000000000e+00
-1.000000000000000000e+00
-1.000000000000000000e+00
-1.000000000000000000e+00
-1.000000000000000000e+00
-1.000000000000000000e+00
-1.000000000000000000e+00
-1.000000000000000000e+00
-1.000000000000000000e+00
-1.000000000000000000e+00
-1.000000000000000000e+00
-1.000000000000000000e+00
-1.000000000000000000e+00
-1.000000000000000000e+00
-1.000000000000000000e+00
-1.000000000000000000e+00
-1.000000000000000000e+00
-1.000000000000000000e+00
-1.000000000000000000e+00
-1.000000000000000000e+00
-1.000000000000000000e+00
-1.000000000000000000e+00
-1.000000000000000000e+00
-1.000000000000000000e+00
-1.000000000000000000e+00
-1.000000000000000000e+00
-1.000000000000000000e+00
-1.000000000000000000e+00
-1.000000000000000000e+00
7.368524749771325766e-01
1.000000000000000000e+00
1.000000000000000000e+00
1.000000000000000000e+00
1.000000000000000000e+00
1.000000000000000000e+00
1.000000000000000000e+00
1.000000000000000000e+00
1.000000000000000000e+00
1.000000000000000000e+00
1.000000000000000000e+00
1.000000000000000000e+00
1.000000000000000000e+00
1.000000000000000000e+00
-1.000000000000000000e+00
-1.000000000000000000e+00
-1.000000000000000000e+00
-1.000000000000000000e+00
-1.000000000000000000e+00
-1.000000000000000000e+00
-1.000000000000000000e+00
-1.000000000000000000e+00
-1.000000000000000000e+00
-1.000000000000000000e+00
-1.000000000000000000e+00
-1.461003283682089648e-01
1.000000000000000000e+00
1.000000000000000000e+00
1.000000000000000000e+00
1.000000000000000000e+00
1.000000000000000000e+00
2.099919970105588174e-01
-6.122752061288281311e-01
-6.829105269589831329e-01
-3.980169184829833728e-01
-8.548003462174447176e-02
1.004429553653580776e-01
1.521090706209804466e-01
1.260391871496380212e-01
8.211033801094336226e-02
5.320480287284112819e-02
4.682178572395234717e-02
5.639746100309261934e-02
7.115038625078118351e-02
8.483576760942246331e-02
9.539771094990223688e-02
1.026032775783902729e-01
1.085741226170626739e-01
1.140857233769565493e-01
1.203091433213416828e-01
1.269769746310600578e-01
1.337286009262328434e-01
1.413686377402796346e-01
1.485653568959719451e-01
1.551176385528834079e-01
1.620724739160437355e-01
1.691211393066169855e-01
1.759909727099908672e-01
1.824679606541708132e-01
1.891207079405461400e-01
1.957384950697531600e-01
2.029039894122988130e-01
2.099076860089952312e-01
2.165554329897176888e-01
2.229400269605819052e-01
2.301275597231224879e-01
2.368455348411473427e-01
2.439488334116446389e-01
2.498764393949883811e-01
2.565391416204207964e-01
2.631368547772736655e-01
2.700328728946970180e-01
2.766113050053291555e-01
2.829998394409174445e-01
2.893140860974470208e-01
2.958705301412294375e-01
3.028347358113065990e-01
3.094941244330555730e-01
3.158209147770221215e-01
3.216916963561673448e-01
3.282790279856357962e-01
3.346321329275965262e-01
3.413021236326740926e-01
3.477095232050941842e-01
3.538220121710522470e-01
3.602215991831614339e-01
3.663226371517971369e-01
3.726534965704757507e-01
3.786581606169761027e-01
3.847661491624883023e-01
3.914310469133823744e-01
3.975520971205597220e-01
4.036059188213627635e-01
4.094970078326340968e-01
4.156491656048277861e-01
4.212477551769349127e-01
4.272666112125389493e-01
4.336222603825923283e-01
4.398030941995454413e-01
4.456563453790050033e-01
4.514452933389887512e-01
4.566688885951897259e-01
4.623277850072251560e-01
4.683213404940367308e-01
4.742613935945072523e-01
4.802676831546628389e-01
5.801769607084990010e-01
6.253161413997723184e-01
6.294368805930226074e-01
6.164412678181077077e-01
6.043023206858397778e-01
6.010018212332037812e-01
6.047922499109439354e-01
6.126622060099151668e-01
6.216039545642524367e-01
6.285906194198651598e-01
6.343748065510390610e-01
6.394591149333819224e-01
6.441201048270805973e-01
6.493019483515609647e-01
6.543974219794115310e-01
6.593822873304489018e-01
6.644509754840015603e-01
6.694987101001352858e-01
6.743241820541967524e-01
6.796438835405596013e-01
6.844325833583149166e-01
6.895819209648834658e-01
6.949906404480983291e-01
6.997144533618679940e-01
7.044648240512727533e-01
7.087507371707317816e-01
7.131525393381976663e-01
7.175698355473669743e-01
7.223582214712949146e-01
7.273481821528349212e-01
7.319526806467835378e-01
7.361891560425988246e-01
7.406706721491118639e-01
7.448680425821379014e-01
7.494929651100463719e-01
7.538883961422839786e-01
7.579153881293478889e-01
7.622979603422890271e-01
7.663677879715051766e-01
7.704146791997346089e-01
7.747193125475391184e-01
7.789040297090779053e-01
7.827396198920453241e-01
7.865005160529761064e-01
7.905324590180669020e-01
7.946368522626898745e-01
7.981346265903881410e-01
8.023216865250475394e-01
8.056539205991157804e-01
8.093786671528646615e-01
8.130358301133497889e-01
8.167080691850316931e-01
8.203749202465644430e-01
8.240749969576284251e-01
8.274469455011739250e-01
8.302805286148271513e-01
8.331469081228448648e-01
8.367300905351811036e-01
8.401565136535851241e-01
8.436620400640690853e-01
8.471780090320066847e-01
8.495240225413198676e-01
8.522556743905624899e-01
8.557715499997187170e-01
8.589363925891746465e-01
8.618935496458135503e-01
8.641069732060686626e-01
8.666235696398758570e-01
8.694932355249052058e-01
8.725941583417664571e-01
8.754931017534914872e-01
8.781169926458916031e-01
8.802521710083426321e-01
8.830053885707798145e-01
8.853926508103058257e-01
8.875711458812218790e-01
8.900833502421505727e-01
8.921801339281245635e-01
8.940674758389406396e-01
8.962431669356789588e-01
8.980934401652120869e-01
9.006238820206078355e-01
9.029669617507238844e-01
9.047161319908809674e-01
9.065235327280134481e-01
9.084238900340722012e-01
9.101019843961040134e-01
9.119436883536109484e-01
9.136689439022318560e-01
9.154270925867451503e-01
9.167692027119613840e-01
9.185407363784463541e-01
9.197014373910832319e-01
9.213945535956553634e-01
9.230662733854728685e-01
9.239956182954358610e-01
9.247440028300673021e-01
9.258706031085921495e-01
9.273322148348768224e-01
9.286740970255435990e-01
9.292892564346231232e-01
9.300165313816535217e-01
9.316336526754753766e-01
9.321507199608731753e-01
9.327152975303647509e-01
9.337336969340810366e-01
9.347401866653286540e-01
9.354932387302596908e-01
9.360015767704907841e-01
9.357007689043030929e-01
9.360960609766606488e-01
9.366768928238684566e-01
9.373428697540930887e-01
9.378153247716114471e-01
9.380191251673806185e-01
9.383193566639191907e-01
9.383107728580455387e-01
9.381326500039222083e-01
9.381785522621328699e-01
9.383118502969920449e-01
9.386309317475933778e-01
9.385615772900337550e-01
9.378516400047545165e-01
9.375791093823067079e-01
9.374679661458968916e-01
9.366688537690150973e-01
9.365181626584955232e-01
9.364343808703381455e-01
9.358447155623763614e-01
9.350565567099522468e-01
9.339721425454741155e-01
9.334320424478392830e-01
9.329764128700048786e-01
9.323118771467306942e-01
9.312019997088838430e-01
9.299288359236128620e-01
9.297468207804513440e-01
9.285675544149796234e-01
9.269453325734162696e-01
9.259935792421458700e-01
9.247542162262731846e-01
9.231358974652834615e-01
9.222938417993133964e-01
9.213881329667459319e-01
9.198871461626823010e-01
9.182054608086560599e-01
9.169213087001366613e-01
9.152294545436574502e-01
9.130403310263717209e-01
9.113570917207085564e-01
9.098779000323760080e-01
9.080533672916204502e-01
9.062205135406429246e-01
9.043590114571316008e-01
9.021953874390249428e-01
9.007082672582953364e-01
8.982845262993008895e-01
8.957850443355197534e-01
8.936497097067843676e-01
8.920688590101633064e-01
8.894672115660113842e-01
8.873025875604299006e-01
8.844729972041533994e-01
8.827189265239325788e-01
8.804770725176638280e-01
8.773647104681401299e-01
8.748221987862450089e-01
8.724894459632879240e-01
8.698749234964622268e-01
8.670856921477252399e-01
8.641751862552951025e-01
8.612638918084258854e-01
8.581305024039296292e-01
8.556196262893820403e-01
8.519914139948752130e-01
8.495262239662964010e-01
8.464636192862939890e-01
8.432903279437085065e-01
8.403037922103577806e-01
8.369776111041686839e-01
8.338302475647878520e-01
8.295437469843762734e-01
8.266348208559008981e-01
8.233843935183529084e-01
8.199708961378859851e-01
8.166444778390711257e-01
8.127489368198552722e-01
8.090315213167798003e-01
8.052740159888400751e-01
8.012016778569830411e-01
7.979215306864033685e-01
7.945006392061486622e-01
7.905912280627718225e-01
7.864511463299492799e-01
7.824560963304634242e-01
7.784081726281955049e-01
7.740383432479860382e-01
7.701761785296468155e-01
7.665441623596791487e-01
7.620170143580651256e-01
7.576881273341087297e-01
7.531980365530899224e-01
7.490036520024943023e-01
7.448902696799790668e-01
7.400326940764556660e-01
7.356285510838802555e-01
7.312055732321027790e-01
7.269266129617846239e-01
7.225901057797727844e-01
7.176304044862718001e-01
7.134646698655502384e-01
7.088851352728795518e-01
7.035803037291259443e-01
6.984097336528178879e-01
6.935931597144702199e-01
6.893928511891771471e-01
6.846402693902802206e-01
6.795916219958997306e-01
6.745933999051090257e-01
6.693784729790877019e-01
6.641357413166020240e-01
6.589346676320020357e-01
6.542326649613983136e-01
6.494808762146306869e-01
6.439583221458407003e-01
6.385525880274371957e-01
6.331348598937835970e-01
6.275727012954632755e-01
6.220875182112763913e-01
6.169038575741354613e-01
6.117150987960087161e-01
6.061934047829311556e-01
6.005618783745205747e-01
5.953979120724397500e-01
5.898306069428997933e-01
5.840667791992188995e-01
5.781468863431711291e-01
5.723982052234475315e-01
5.666930460755963406e-01
5.614281149098758750e-01
5.557176610745500067e-01
5.495350903241955631e-01
5.437791484051046620e-01
5.380577428198933809e-01
5.324769449868937965e-01
5.262056526638616560e-01
5.200372669105319812e-01
5.140708430119047545e-01
5.079171668542017404e-01
5.018645842277351665e-01
4.952783490329806249e-01
4.891893633022335042e-01
4.838963477042512729e-01
4.775600685002303614e-01
4.712391788945295978e-01
4.652063083068640470e-01
4.584420638446657925e-01
4.521090118239214917e-01
4.461379482018685838e-01
4.398233090449310545e-01
4.336132989188854481e-01
4.274715114460776455e-01
4.210844481361788461e-01
4.150486247853222288e-01
4.082162226844787689e-01
4.013232595735303221e-01
3.953306375244607374e-01
3.888772080416060817e-01
3.822730773092815060e-01
3.757548715821030783e-01
3.686076280247392312e-01
3.619355952041416469e-01
3.555280445770165887e-01
3.487052637977909875e-01
3.424135492705375761e-01
3.358310001394442246e-01
3.291164603525884580e-01
3.223296302865263918e-01
3.159454211556009806e-01
3.089570155297791665e-01
3.022132240272470405e-01
2.955163240738329922e-01
2.884333297277805741e-01
2.814436760767762280e-01
2.748559969451718210e-01
2.681678634532373984e-01
2.610085832338768785e-01
2.543897736480118521e-01
2.478647813377279352e-01
2.408446417987817334e-01
2.342156759349223183e-01
2.270539197475727189e-01
2.199868321629367962e-01
2.129518395385616714e-01
2.059048015529469922e-01
1.991590633954445355e-01
1.919547711317761696e-01
1.848903551890828112e-01
1.781120622934395659e-01
1.711257140905899643e-01
1.642502110090220402e-01
1.569407280001997584e-01
1.500315396593179251e-01
1.433574343101156057e-01
1.361963735631888106e-01
1.291398398064642628e-01
1.219474275313785494e-01
1.144486114010221378e-01
1.078251899627418187e-01
1.012105247298022981e-01
9.407932263867446743e-02
8.692819992361355830e-02
7.985620770733703466e-02
7.261602256818089351e-02
6.583482246712146768e-02
5.836654897136961395e-02
5.101233266456128845e-02
4.421307405005459046e-02
3.745109782475997129e-02
3.024208401822647829e-02
2.341592301187622738e-02
1.595347768644339581e-02
9.469884166051656393e-03
2.455279150655131915e-03
-5.329349290897789082e-03
-1.253230398235705145e-02
-1.983762332195904143e-02
-2.655190077722413555e-02
-3.316642457622553941e-02
-4.004893770760986627e-02
-4.734299558060972579e-02
-5.450162939388292216e-02
-6.137081128902932559e-02
-6.860883938964268403e-02
-7.575193649429368126e-02
-8.260546399498025494e-02
-8.951327940322639787e-02
-9.650514200035620327e-02
-1.039219127356488803e-01
-1.105075351857521815e-01
-1.173198617655344389e-01
-1.245941647151453946e-01
-1.319305199979965426e-01
-1.387823630956489529e-01
-1.453929461214187313e-01
-1.523031617284971162e-01
-1.596616446843057702e-01
-1.667769811468702290e-01
-1.728583180424181354e-01
-1.796692524300567140e-01
-1.863777702196898201e-01
-1.934902036784421631e-01
-2.007070288278101078e-01
-2.072412322749045410e-01
-2.141244770865455838e-01
-2.207011462017789416e-01
-2.277942915275801283e-01
-2.341458011775102710e-01
-2.407898464066150490e-01
-2.477256636253486466e-01
-2.542417566855575961e-01
-2.608600066559404462e-01
-2.677683343362147195e-01
-2.747605803546392389e-01
-2.813265839589078610e-01
-2.875702130116877253e-01
-2.942746190927408856e-01
-3.010348954570872815e-01
-3.070151630105542040e-01
-3.138808494898881474e-01
-3.205428823874398869e-01
-3.270112182067052009e-01
-3.334478764315562671e-01
-3.397429295276210848e-01
-3.463815325517117794e-01
-3.531915958916413967e-01
-3.592242348412881814e-01
-3.656603044976705075e-01
-3.716066389264156555e-01
-3.778591609559114328e-01
-3.844707838339573858e-01
-3.905738449124285250e-01
-3.963144962023583684e-01
-4.030036002948740315e-01
-4.091567483650428994e-01
-4.152671535557714844e-01
-4.214788945156783262e-01
-4.270728182238812121e-01
-4.334169535483848312e-01
-4.392439346176193471e-01
-4.453798414052773103e-01
-4.517626995920082100e-01
-4.578486723125789748e-01
-4.631212988370650985e-01
-4.690173522701661657e-01
-4.748561311136074714e-01
-4.805864002974761240e-01
-4.863098750411314342e-01
-4.923499760920586610e-01
-4.979406363919589573e-01
-5.976375508239273326e-01
-6.431871820259379424e-01
-6.467559227165349256e-01
-6.340490147984798597e-01
-6.219546873656985886e-01
-6.191967190370892826e-01
-6.232415505016369872e-01
-6.308527817742828336e-01
-6.387577547648917164e-01
-6.462920310293924775e-01
-6.527578078856557386e-01
-6.575449607495784665e-01
-6.620400715647718481e-01
-6.668984661404649961e-01
-6.721282021097743087e-01
-6.772082553344311862e-01
-6.826695473331930719e-01
-6.876969084783205455e-01
-6.922790886435414848e-01
-6.973810290633621900e-01
-7.026338270575813727e-01
-7.074040631421866232e-01
-7.122115060684066634e-01
-7.169963308091737986e-01
-7.215633155603370374e-01
-7.265972925942278948e-01
-7.312992652056621301e-01
-7.362120476500763067e-01
-7.409565640650811469e-01
-7.452761729344643538e-01
-7.496199277314972154e-01
-7.539237754848073791e-01
-7.583885244489281252e-01
-7.628244603682716729e-01
-7.670710269164814354e-01
-7.716818360731906301e-01
-7.758541294012133438e-01
-7.800196252980284850e-01
-7.840752440078844199e-01
-7.881248911234962629e-01
-7.924681414072608510e-01
-7.967520618260621745e-01
-8.005636397076798527e-01
-8.041343412747096187e-01
-8.080134673439062221e-01
-8.121366332046335845e-01
-8.160085921349662375e-01
-8.200949187163473209e-01
-8.234999359383493589e-01
-8.271521905092129590e-01
-8.306831798890186302e-01
-8.345442674591823096e-01
-8.378170111188125713e-01
-8.413506126107875849e-01
-8.447874277657433373e-01
-8.484237673910769439e-01
-8.515180123054790773e-01
-8.551909421963500568e-01
-8.583330878909947170e-01
-8.610790420531287959e-01
-8.641717182011319220e-01
-8.674911416393171759e-01
-8.705145620549246122e-01
-8.733814968524541422e-01
-8.765831496272994405e-01
-8.791383278720559247e-01
-8.822318532163990756e-01
-8.849407392427763863e-01
-8.877153356914675442e-01
-8.900625380816051813e-01
-8.929228009076041195e-01
-8.956060595419813586e-01
-8.982094584147433114e-01
-9.004014088303250452e-01
-9.024633011211250500e-01
-9.048759524992220360e-01
-9.075146308061021738e-01
-9.102835391176966606e-01
-9.120684531824281294e-01
-9.142034997175045863e-01
-9.160872879780270761e-01
-9.182240007825157591e-01
-9.205090147844174897e-01
-9.224572913742890012e-01
-9.243820376974667408e-01
-9.260773137217626072e-01
-9.282117918508191456e-01
-9.299308310566146707e-01
-9.312789160784717968e-01
-9.328425752121433101e-01
-9.347048133174837847e-01
-9.364128415352042101e-01
-9.378268588225949776e-01
-9.386068755845770051e-01
-9.401312653258457885e-01
-9.414280223989408558e-01
-9.426118287887049751e-01
-9.441250996413884655e-01
-9.452001459846371967e-01
-9.460930286347434270e-01
-9.474532038730615335e-01
-9.479022462188652076e-01
-9.493271890537300362e-01
-9.503853166495958016e-01
-9.509238953583747378e-01
-9.515667356719689218e-01
-9.523295487962627481e-01
-9.528020691655172403e-01
-9.533311959199124441e-01
-9.542031835436034504e-01
-9.542226448054634824e-01
-9.546414239926093170e-01
-9.550597269795275679e-01
-9.554312272100276004e-01
-9.555795864542119267e-01
-9.558291149040656354e-01
-9.559031235694874784e-01
-9.558924540159636773e-01
-9.562926921320581419e-01
-9.561623293566696713e-01
-9.560112035192332991e-01
-9.556551970078714930e-01
-9.554100619594521060e-01
-9.552909102713442735e-01
-9.551119235147951247e-01
-9.549075528707475780e-01
-9.545396950177632567e-01
-9.543411767159625247e-01
-9.535699910101242960e-01
-9.528030799350460933e-01
-9.523629752377701374e-01
-9.516701901434714284e-01
-9.507070609094341318e-01
-9.495754262080652319e-01
-9.489215446249715802e-01
-9.481622614674506400e-01
-9.471082273883666414e-01
-9.461661916853756349e-01
-9.448724350011786788e-01
-9.436361477538355302e-01
-9.429258084466425327e-01
-9.417130007798164559e-01
-9.404997582035548032e-01
-9.388222711611945437e-01
-9.373860026018462355e-01
-9.360810180522207702e-01
-9.344910012570437630e-01
-9.328489731519710171e-01
-9.312791125904255063e-01
-9.298277408198657445e-01
-9.276208957139487898e-01
-9.259983972757652726e-01
-9.243820771490959265e-01
-9.225060829977337340e-01
-9.206447045209017466e-01
-9.186780967488118455e-01
-9.164635216966245945e-01
-9.138165384919716416e-01
-9.117337927217704641e-01
-9.095165831811812263e-01
-9.076750455530089301e-01
-9.056361887176649361e-01
-9.026874773071369429e-01
-9.001839510246270049e-01
-8.978021067110603104e-01
-8.954142580229131898e-01
-8.930066706877426430e-01
-8.902746155119075633e-01
-8.873564022904929516e-01
-8.840651445578032730e-01
-8.818160208404777212e-01
-8.792660377767560487e-01
-8.762301942233250429e-01
-8.732508670419975028e-01
-8.708086983888506660e-01
-8.677583361537927198e-01
-8.642011778832454638e-01
-8.609326662482942316e-01
-8.581934732191370818e-01
-8.547588581262004492e-01
-8.514238008955488102e-01
-8.477649529898372283e-01
-8.443459059303506375e-01
-8.413161954751444682e-01
-8.375311324685299486e-01
-8.342258676279413754e-01
-8.309397624878329669e-01
-8.271486396964974341e-01
-8.230606060239153976e-01
-8.193992178376447999e-01
-8.158796398497031310e-01
-8.120728147935210028e-01
-8.081866774148351862e-01
-8.040062209628388024e-01
-7.999462413875108036e-01
-7.958979860257500150e-01
-7.919954456954826361e-01
-7.883113034237225758e-01
-7.839779278907940130e-01
-7.796778675685971383e-01
-7.760088963787893368e-01
-7.716545106600506410e-01
-7.669340121843049030e-01
-7.624043552800913170e-01
-7.581245375316711943e-01
-7.539967436546930468e-01
-7.491650382402212927e-01
-7.446965315938086638e-01
-7.403603371898895835e-01
-7.360168895825267565e-01
-7.310599280628423680e-01
-7.262317975425446326e-01
-7.215535574662623741e-01
-7.170643915952098491e-01
-7.118703546865277065e-01
-7.068640320386976317e-01
-7.020134586728602466e-01
-6.971649683361420546e-01
-6.920609610553014601e-01
-6.871817489073464014e-01
-6.823956122781907885e-01
-6.772908737050045147e-01
-6.722290343405233903e-01
-6.667752162156432849e-01
-6.610975973661197269e-01
-6.559094237024680751e-01
-6.510301525099067010e-01
-6.458325188610786194e-01
-6.406174178225854110e-01
-6.347494072273718313e-01
-6.293448809534026855e-01
-6.239348096866705884e-01
-6.184735383612178783e-01
-6.130894901774979200e-01
-6.076039051175428085e-01
-6.015115865115546745e-01
-5.962837542602755780e-01
-5.906585706742305542e-01
-5.846698198583453188e-01
-5.789640861726355059e-01
-5.736538580832188927e-01
-5.681354523390439448e-01
-5.613410096646134217e-01
-5.554157570698123880e-01
-5.497111015839095671e-01
-5.437614124034894081e-01
-5.378031858079964644e-01
-5.321285133814797064e-01
-5.259127994534082973e-01
-5.195667426525233390e-01
-5.138082066565573536e-01
-5.074293178782681712e-01
-5.013475407123906269e-01
-4.954754426088300301e-01
-4.892180945348798549e-01
-4.829549942727340284e-01
-4.769358352137771373e-01
-4.706537082046509113e-01
-4.639840478651933164e-01
-4.572492662122271678e-01
-4.512642629869901834e-01
-4.451476239744238672e-01
-4.384141608097593679e-01
-4.319068083861680174e-01
-4.256392365030194913e-01
-4.191894541176737210e-01
-4.126420988148481461e-01
-4.066419626164531342e-01
-4.001723393236034099e-01
-3.938554582469635523e-01
-3.870550079094755569e-01
-3.802735167583761733e-01
-3.736404738506451384e-01
-3.667763276025481911e-01
-3.601385555283627138e-01
-3.532169108891594078e-01
-3.469216203945393318e-01
-3.403802680769671962e-01
-3.331904283129574207e-01
-3.261979935073725523e-01
-3.199806511472218506e-01
-3.130834765571876011e-01
-3.066709927447277551e-01
-3.000996686568953020e-01
-2.932874222036104817e-01
-2.859946178813060902e-01
-2.790945164223785913e-01
-2.725323331636673174e-01
-2.656171539750971089e-01
-2.582482713770900551e-01
-2.513385907459564361e-01
-2.443698030139274113e-01
-2.377452119386646023e-01
-2.307604861100458482e-01
-2.242707767994659429e-01
-2.169280634985284451e-01
-2.098557293696501347e-01
-2.029126121710816966e-01
-1.960722586822271074e-01
-1.890660050381370860e-01
-1.821404350939530570e-01
-1.747462661594909594e-01
-1.680565862317677794e-01
-1.613286465551254656e-01
-1.539087871419553277e-01
-1.466374083624885083e-01
-1.401347384753449665e-01
-1.326453660411118785e-01
-1.256657112715486857e-01
-1.185176877954091657e-01
-1.114600001962315901e-01
-1.044229396181719505e-01
-9.713823701139856492e-02
-9.027806382353842363e-02
-8.348552966250788465e-02
-7.680070650235393259e-02
-6.940754517068514762e-02
-6.247356437964413090e-02
-5.523327723372806197e-02
-4.796246312085084007e-02
-4.070574544271321482e-02
-3.376471857080221017e-02
-2.709400711133580497e-02
-1.970631413244061658e-02
-1.258985575006765778e-02
-5.661987375398802591e-03
1.723320722845755881e-03
8.604568404086965216e-03
1.550315068491281423e-02
2.261771203764917360e-02
2.953273824621471810e-02
3.663049716485611285e-02
4.354764550385548105e-02
5.065796327268978771e-02
5.773031394832917051e-02
6.438901744290315143e-02
7.171638072057362479e-02
7.920357373247677302e-02
8.596612822887261807e-02
9.287914764111926402e-02
9.995934590088495497e-02
1.064094093772525174e-01
1.135668302388039841e-01
1.203374997844748329e-01
1.273397687194091077e-01
1.344997393370106487e-01
1.416763044627997736e-01
1.481865087314389040e-01
1.548388227227435188e-01
1.619253884053222237e-01
1.688116449847256728e-01
1.758029901372624160e-01
1.831040952054252546e-01
1.898893414259532619e-01
1.959950765024358610e-01
2.024713630823626875e-01
2.091186808237437411e-01
2.164435056316562633e-01
2.235678002377881057e-01
2.303959403156425889e-01
2.374928613133633348e-01
2.438279135707090983e-01
2.498584876106804131e-01
2.563707877657350753e-01
2.631148881658760263e-01
2.697799855782334610e-01
2.763246381693860165e-01
2.828312204111682604e-01
2.899493681424971658e-01
2.961974957836956968e-01
3.027364065108670843e-01
3.089825132875376745e-01
3.155436420137391895e-01
3.217600338009845018e-01
3.283994631974251899e-01
3.348735537768334769e-01
3.412639692690746518e-01
3.475396319378987187e-01
3.541228808157881325e-01
3.601352464547993293e-01
3.665143839872406772e-01
3.725178575081884436e-01
3.793741519748166091e-01
3.848553842436146510e-01
3.913511126623610004e-01
3.973829065313652098e-01
4.036311385522330930e-01
4.096052297994845492e-01
4.157167912701287271e-01
4.217681347587560747e-01
4.277287040077955016e-01
4.333842975039161605e-01
4.395533147471357704e-01
4.451489004352331413e-01
4.508525148157001006e-01
4.571366066624560354e-01
4.626540618301429042e-01
4.685959358976738987e-01
4.742182849395588651e-01
4.803220595315511598e-01
5.797170431903915233e-01
6.248101939331938137e-01
6.292308674657072221e-01
6.167809037180553844e-01
6.047593096119037170e-01
6.011071498816964453e-01
6.049572803620353323e-01
6.125722218253231155e-01
6.213453890441633654e-01
6.290267018926407605e-01
6.347318844424763018e-01
6.397562538749070882e-01
6.441383338082515841e-01
6.492263583078994316e-01
6.542510168823283401e-01
6.594089326539773754e-01
6.641636583121417470e-01
6.695740978375810393e-01
6.746379123056356342e-01
6.791633308722957452e-01
6.838976881582006229e-01
6.893743410513082370e-01
6.945092162094752553e-01
6.989752042240766627e-01
7.037806318198007727e-01
7.085519903318542312e-01
7.131630861336701876e-01
7.178385307313832620e-01
7.228210310750113887e-01
7.276438381948922007e-01
7.320111985001971355e-01
7.356672028066455482e-01
7.404092954975767249e-01
7.452495091742092903e-01
7.496798076311919079e-01
7.536657880250985375e-01
7.582143189180783338e-01
7.628514980473268814e-01
7.666727039685441447e-01
7.704644764374251054e-01
7.747463205123836794e-01
7.791269392141686456e-01
7.828200020519915370e-01
7.869430260606093963e-01
7.902784839142469320e-01
7.940920615672326655e-01
7.981764443689371991e-01
8.020922872895823730e-01
8.058960250542697157e-01
8.096814898758140089e-01
8.133300006540451488e-01
8.168967992976603476e-01
8.202937396107756740e-01
8.235542332340202165e-01
8.274626896918193530e-01
8.306926457841741218e-01
8.337937704769586844e-01
8.365841435804042270e-01
8.399669707872050584e-01
8.435144074314593343e-01
8.467863632216876546e-01
8.502203713076483815e-01
8.527778717646099516e-01
8.552252562593394281e-01
8.582198979420638807e-01
8.614827794686334972e-01
8.643970384723957956e-01
8.672080090964187082e-01
8.699285839734045567e-01
8.724944974248103335e-01
8.753181804637535368e-01
8.779229344181913586e-01
8.802276153529446923e-01
8.826133638205106990e-01
8.850435081507186386e-01
8.878123836773368360e-01
8.901063800928254999e-01
8.927980702109976630e-01
8.945718588691704554e-01
8.965878470526404964e-01
8.983024070926775018e-01
9.004144941017273585e-01
9.025840692240023611e-01
9.042211028829343356e-01
9.063365183469245245e-01
9.087660488567734784e-01
9.106409049632617769e-01
9.119222333263450331e-01
9.132937409225037051e-01
9.146551854536455473e-01
9.164620383908839152e-01
9.176846944346039869e-01
9.200913611204868392e-01
9.215057180344501386e-01
9.221858637862907493e-01
9.238786310260309609e-01
9.252057147463688125e-01
9.260128156076234962e-01
9.271938707878348840e-01
9.281536803378969136e-01
9.294770322410954577e-01
9.305037841847423330e-01
9.313828626453528603e-01
9.321141466417088850e-01
9.332216991435529074e-01
9.336422304380960213e-01
9.344067704897269788e-01
9.356476024009849901e-01
9.359567900149670105e-01
9.362123626362346407e-01
9.369212979325083346e-01
9.369776423212954342e-01
9.372198762204733136e-01
9.374789860443286660e-01
9.375955393396282478e-01
9.383790990081650740e-01
9.381373450068679620e-01
9.380905808363251275e-01
9.382974087130093732e-01
9.381439491213428017e-01
9.383124221887839678e-01
9.384061299217592023e-01
9.379036937141904673e-01
9.378582284402625646e-01
9.373762598870656326e-01
9.375633792472399808e-01
9.369163624688041647e-01
9.363068215402279293e-01
9.356229124141350884e-01
9.348821546594252574e-01
9.344231873167472280e-01
9.337809939855674646e-01
9.332321537893448760e-01
9.319746641023756162e-01
9.311770447071636703e-01
9.305240856979479780e-01
9.293373343455073599e-01
9.280239346226211161e-01
9.270874824106443146e-01
9.261962051721410738e-01
9.247725221130393969e-01
9.236785108926199861e-01
9.224530835040525290e-01
9.211471241944764188e-01
9.193666341926416408e-01
9.183055690516084280e-01
9.168624088893864155e-01
9.151771826102561569e-01
9.138520530251810214e-01
9.123398182717210592e-01
9.099487949990590074e-01
9.081058115161853017e-01
9.062923159685283281e-01
9.046187361337274524e-01
9.030427860222460801e-01
9.006445085096514980e-01
8.983005960637568954e-01
8.962814440896464951e-01
8.941297875601776912e-01
8.918857051846316164e-01
8.898752773166562768e-01
8.877222051029662886e-01
8.851894234175801124e-01
8.831339896063581385e-01
8.801668206915338466e-01
8.775464279503295550e-01
8.750835955181059944e-01
8.722285010925134863e-01
8.698220966868119852e-01
8.671718105094954332e-01
8.641498408695553746e-01
8.609722506330172997e-01
8.583478860826574408e-01
8.554679248176342288e-01
8.528171191878868296e-01
8.500307799218660421e-01
8.467382079777336923e-01
8.428339371082587128e-01
8.400399846737856002e-01
8.366997604767618668e-01
8.338138807465156344e-01
8.300499516623063290e-01
8.269983798180475798e-01
8.239188486674606793e-01
8.198993327157153566e-01
8.165186252278033852e-01
8.128432635029241293e-01
8.090230110838489974e-01
8.054058298419817241e-01
8.018948181956659926e-01
7.982934216902493052e-01
7.944541642211107035e-01
7.900228244559515112e-01
7.861391534999255803e-01
7.824488146987789161e-01
7.785593549204861130e-01
7.746367769356710120e-01
7.701201123625707190e-01
7.662109171793018980e-01
7.619693373082099264e-01
7.579061047547441810e-01
7.535502011055428273e-01
7.494158670065302896e-01
7.448424015769035123e-01
7.408103465036730562e-01
7.363129887651893579e-01
7.317306075085525663e-01
7.269223941351810048e-01
7.223132532641727277e-01
7.179026717504428667e-01
7.134615655899096964e-01
7.085097876115411530e-01
7.034949045700045200e-01
6.989460384512824476e-01
6.943104954342289581e-01
6.891885425426493850e-01
6.839011129338756767e-01
6.792999462148998635e-01
6.746456062750212368e-01
6.695740816161106501e-01
6.642746379922357391e-01
6.591489612124235009e-01
6.540218737762188983e-01
6.489319450390325095e-01
6.436715474159484529e-01
6.382484603234275244e-01
6.330361409328078004e-01
6.277238290661615316e-01
6.224966259888333742e-01
6.169194620473661406e-01
6.117009100062091864e-01
6.061696088316863573e-01
6.006574833573039562e-01
5.951201516062156749e-01
5.896006723419930928e-01
5.838294799655272538e-01
5.776414694977802800e-01
5.724650170093013024e-01
5.670646108032086907e-01
5.612077847894170191e-01
5.554796385252700475e-01
5.497817054122833280e-01
5.437281183373954274e-01
5.378118194926060358e-01
5.317857104106564758e-01
5.256838796345164599e-01
5.196623614330007079e-01
5.139674372793592294e-01
5.079063808876753683e-01
5.020376299694988553e-01
4.963932683589917794e-01
4.902032414536505733e-01
4.841564265697342329e-01
4.777480430807430345e-01
4.709415022771736847e-01
4.648924247896730755e-01
4.586564574132978578e-01
4.526222923524869657e-01
4.464681808800547991e-01
4.400083109802950254e-01
4.341244097515981615e-01
4.271743282414717235e-01
4.209087899196504168e-01
4.143216161653016094e-01
4.080486805624219393e-01
4.018300348509058484e-01
3.954732311931536959e-01
3.886628808760121956e-01
3.818412218913862510e-01
3.751236832822031353e-01
3.687706501681362603e-01
3.624622574029559008e-01
3.561432634222456706e-01
3.492023344229493453e-01
3.424217684285906227e-01
3.354787225116695470e-01
3.291358401321076155e-01
3.224027177459845017e-01
3.159487722603784299e-01
3.085326533297290119e-01
3.016144821199362447e-01
2.957348943938087338e-01
2.891232196169937207e-01
2.819061263050399724e-01
2.749736135712339546e-01
2.680342650697071782e-01
2.613300501168906997e-01
2.545188783987213377e-01
2.473762586090741955e-01
2.407051995124220856e-01
2.338988243591244576e-01
2.269530400647454815e-01
2.195856911638713882e-01
2.125077141861879682e-01
2.059731164998539477e-01
1.992592295854933582e-01
1.924177853250739201e-01
1.852605426158617785e-01
1.783175428563423814e-01
1.711316033773528922e-01
1.638608571856081664e-01
1.568548476798696800e-01
1.502892302905762811e-01
1.431792240126186222e-01
1.362940819197944187e-01
1.288445503003117221e-01
1.220786130066842112e-01
1.153418434999651243e-01
1.080719764601212329e-01
1.010527687570230704e-01
9.383362802917649681e-02
8.667107809919238903e-02
7.940841046449520491e-02
7.264497995197416458e-02
6.571981325853348821e-02
5.882178286660755262e-02
5.145429419478086963e-02
4.463172966043771339e-02
3.711738265429853634e-02
3.009477513514302593e-02
2.306053517294515132e-02
1.596404241037130411e-02
9.100409149968458067e-03
2.289942757371932203e-03
-5.079116210259804198e-03
-1.209957095800573423e-02
-1.960835748789691024e-02
-2.654422010182888592e-02
-3.372618416503603278e-02
-4.045880978744942347e-02
-4.726611071143338449e-02
-5.438608115680665378e-02
-6.115985878489316185e-02
-6.838632893502283316e-02
-7.599221648685561270e-02
-8.310798497622895464e-02
-8.973541488225289520e-02
-9.661443567802341370e-02
-1.034366632973331424e-01
-1.104100723934748896e-01
-1.178070643239295112e-01
-1.246941981823113110e-01
-1.319401746447652624e-01
-1.386523439750817488e-01
-1.453184590784758479e-01
-1.524337100522814570e-01
-1.595655462207019593e-01
-1.663044228471619590e-01
-1.731124218455704078e-01
-1.795658330449384499e-01
-1.867897648607879102e-01
-1.935206048383804056e-01
-2.003671765539820626e-01
-2.072456542115673761e-01
-2.142859352200758849e-01
-2.212053124384411040e-01
-2.278006982467417618e-01
-2.348107893822330983e-01
-2.411880070802396858e-01
-2.477132190492966624e-01
-2.545444079120627867e-01
-2.615993251991597379e-01
-2.676978221922666767e-01
-2.742296422984111803e-01
-2.813141753147959667e-01
-2.877599805168259417e-01
-2.943558832509154399e-01
-3.009366115231287830e-01
-3.073530127050986271e-01
-3.137296073262276774e-01
-3.203750843884847210e-01
-3.272020662388968049e-01
-3.336658145418752719e-01
-3.396547985737299324e-01
-3.462109477386519085e-01
-3.528943789663714359e-01
-3.593499755292427489e-01
-3.654534477053857922e-01
-3.717856442035184505e-01
-3.781605684285012092e-01
-3.844918899115846722e-01
-3.905425748564944621e-01
-3.965305612493039700e-01
-4.026309144919757443e-01
-4.093890034537125411e-01
-4.156372899613920424e-01
-4.214225327121866593e-01
-4.276765539935567517e-01
-4.336792918594895019e-01
-4.391859016425371243e-01
-4.452744599314957252e-01
-4.511222365697971082e-01
-4.571963605279444343e-01
-4.630384725107363764e-01
-4.691678868420087190e-01
-4.749840543350611899e-01
-4.806093530369797140e-01
-4.862867993588019244e-01
-4.920971066787384052e-01
-4.981965474066077926e-01
-5.977619754738645597e-01
-6.428963615671574594e-01
-6.467212649058218243e-01
-6.343115626069655288e-01
-6.221819071896252940e-01
-6.187537626881478570e-01
-6.229365545599094833e-01
-6.315282120456465753e-01
-6.394745281280403981e-01
-6.464522937661264512e-01
-6.522785243199364924e-01
-6.571870492852532886e-01
-6.620745144484011524e-01
-6.665670717007415869e-01
-6.718563744306351726e-01
-6.774024514610743619e-01
-6.827085602871335590e-01
-6.878134953860367551e-01
-6.923744789016360590e-01
-6.975819137511137802e-01
-7.023819477315378368e-01
-7.076448261236365500e-01
-7.124930587573515828e-01
-7.170768867435498573e-01
-7.216056781916819762e-01
-7.268087007547876510e-01
-7.315326226171094959e-01
-7.359834121873859436e-01
-7.407323340067307749e-01
-7.452636213573498036e-01
-7.495135211131497277e-01
-7.540613131907847322e-01
-7.586937856612451236e-01
-7.628855975940809220e-01
-7.675289504179559907e-01
-7.718365210347173377e-01
-7.765280964688031640e-01
-7.807609721121181456e-01
-7.841321498287670000e-01
-7.876819423465548642e-01
-7.922727348753995091e-01
-7.965372050284287297e-01
-8.005171070103032083e-01
-8.050070647844791427e-01
-8.087798718059673320e-01
-8.123012015793620311e-01
-8.159121225173293634e-01
-8.200829089106662639e-01
-8.233901961896549215e-01
-8.271158030574781161e-01
-8.306795805819462419e-01
-8.344842657141100517e-01
-8.379118958685808360e-01
-8.414455410620149678e-01
-8.451322317055286470e-01
-8.486800352177397144e-01
-8.515709929227426311e-01
-8.547484934427018732e-01
-8.583077775367087270e-01
-8.609814169941387707e-01
-8.645486244561055855e-01
-8.678772110883613555e-01
-8.706885768939940373e-01
-8.736640257665413412e-01
-8.766577361053066175e-01
-8.793423505982758126e-01
-8.823841609377496287e-01
-8.850455463380655363e-01
-8.875661636446864344e-01
-8.903810779761840433e-01
-8.933342080182058442e-01
-8.962294651769724396e-01
-8.983160117850275128e-01
-9.006151186375689344e-01
-9.029646256472461108e-01
-9.051561063236135407e-01
-9.072782984135386863e-01
-9.100887797047250150e-01
-9.117942117647317435e-01
-9.138395206110573321e-01
-9.165946479928323010e-01
-9.189462266592698381e-01
-9.204124921569046824e-01
-9.222208766308483963e-01
-9.246665516075154301e-01
-9.258812465628210031e-01
-9.277561373905541808e-01
-9.298086780280897523e-01
-9.314894859206930278e-01
-9.327901496238666379e-01
-9.344268777980915264e-01
-9.357850521004280608e-01
-9.376517897020079095e-01
-9.389883102906992907e-01
-9.400993247697329025e-01
-9.414868023336623315e-01
-9.426439358123843704e-01
-9.439667681676325861e-01
-9.450553505744494487e-01
-9.465377737591268437e-01
-9.476561419422295796e-01
-9.485891116690027269e-01
-9.488772119313523268e-01
-9.498737242316792617e-01
-9.508617633680046533e-01
-9.516694922493286191e-01
-9.527385022301985140e-01
-9.529157296098731411e-01
-9.537662788251338730e-01
-9.540382460748049187e-01
-9.542614038570775836e-01
-9.549239004877619896e-01
-9.555587926670796595e-01
-9.558305728942911861e-01
-9.559123885768429085e-01
-9.560042309756398016e-01
-9.563304338887860245e-01
-9.564266816990084630e-01
-9.563325125392794224e-01
-9.564295891172491793e-01
-9.560824126827298652e-01
-9.557151258279305006e-01
-9.558391904426514207e-01
-9.561013916984677508e-01
-9.551940932308639054e-01
-9.547867487211647575e-01
-9.545727546296006727e-01
-9.536520297793572576e-01
-9.530456606334268832e-01
-9.525708171455391504e-01
-9.523434589558575913e-01
-9.517178301461285406e-01
-9.507982798332988983e-01
-9.498368907596272948e-01
-9.491703632301152771e-01
-9.479662126853896087e-01
-9.470597259002204726e-01
-9.462202715048988466e-01
-9.453112009619758505e-01
-9.438308708193290375e-01
-9.425980636083295394e-01
-9.416275949066686968e-01
-9.404702689756959666e-01
-9.392623543580385093e-01
-9.376687966307144517e-01
-9.360740663576677667e-01
-9.343305364190825912e-01
-9.331164013713191263e-01
-9.314056210376179257e-01
-9.294726412130103199e-01
-9.279827057057843387e-01
-9.263835210806690146e-01
-9.242126631131952763e-01
-9.220620678611510801e-01
-9.201042607611725765e-01
-9.183642084970813357e-01
-9.162425751892442349e-01
-9.143370864002747789e-01
-9.121654232950959784e-01
-9.098103610133023711e-01
-9.072790970211030981e-01
-9.053158167707749948e-01
-9.030778257647625873e-01
-9.004036369959692587e-01
-8.981793565899636178e-01
-8.956720043622283800e-01
-8.931277575562603932e-01
-8.902259062587404292e-01
-8.877062127491001098e-01
-8.847798179870267621e-01
-8.819912483991799723e-01
-8.790781714538468128e-01
-8.759811818514947612e-01
-8.732063684781223856e-01
-8.707115677669321485e-01
-8.671908786021618187e-01
-8.637929318935846368e-01
-8.607764863582531012e-01
-8.577846909007575960e-01
-8.548482416327545241e-01
-8.509598396747548588e-01
-8.480019419530264724e-01
-8.445776868098221479e-01
-8.414790979793280723e-01
-8.379429800142531581e-01
-8.345337559797201266e-01
-8.305608240725405045e-01
-8.269148709987745871e-01
-8.232496323513316394e-01
-8.195370609833390052e-01
-8.158878994851704869e-01
-8.119664818502372317e-01
-8.081025301859767751e-01
-8.039952700592436496e-01
-7.998680861371099127e-01
-7.959323774539598384e-01
-7.920035789648807167e-01
-7.881425240509940533e-01
-7.841113447477141563e-01
-7.798054343705473901e-01
-7.755266259282223018e-01
-7.712836754216653157e-01
-7.669596507745666258e-01
-7.624211545314608651e-01
-7.583806097273793068e-01
-7.539001116107784117e-01
-7.492392117086694725e-01
-7.449288058072284224e-01
-7.400930314710535418e-01
-7.350698285784005304e-01
-7.305436647317037346e-01
-7.264073481238767505e-01
-7.217901900562992967e-01
-7.168004190198928871e-01
-7.118794943796331598e-01
-7.067555819276322149e-01
-7.020636886465240201e-01
-6.972557020385522497e-01
-6.924272173297595367e-01
-6.875376578357019763e-01
-6.821399589862494617e-01
-6.769943994061407011e-01
-6.716840851390089018e-01
-6.668443169874080922e-01
-6.617219433340266743e-01
-6.564002765170983134e-01
-6.509093752582373327e-01
-6.453915624251749250e-01
-6.402801056835357718e-01
-6.350871275431757557e-01
-6.294557201933003165e-01
-6.238703902253461830e-01
-6.183482291015763854e-01
-6.127971463450989642e-01
-6.074563676391108169e-01
-6.019026586689790737e-01
-5.962402617618067779e-01
-5.905392267440049414e-01
-5.848573468103495099e-01
-5.788631739947106558e-01
-5.729468914456845585e-01
-5.671773078758690634e-01
-5.617025990826505222e-01
-5.557794461736307312e-01
-5.500001500268467680e-01
-5.432401455990941708e-01
-5.374087376970294594e-01
-5.320576084634467406e-01
-5.260180769470992335e-01
-5.204756333821421999e-01
-5.138705725112060474e-01
-5.073894599857794452e-01
-5.015307059182475546e-01
-4.952121517033389875e-01
-4.888149349899322260e-01
-4.827455347408318165e-01
-4.770778056115545507e-01
-4.706515951193068759e-01
-4.641715411941789160e-01
-4.575440784622856194e-01
-4.512664645954658216e-01
-4.447820878101481634e-01
-4.386540869953250432e-01
-4.322565082501796940e-01
-4.257073688578543180e-01
-4.189134948225671229e-01
-4.128081512625613181e-01
-4.063231748120585962e-01
-4.001631803013140365e-01
-3.937393625663616614e-01
-3.869064678425218062e-01
-3.799760446168477523e-01
-3.736464075895412629e-01
-3.670652970604635357e-01
-3.602627315375570571e-01
-3.533537376174138434e-01
-3.469294722948405019e-01
-3.398931903303946678e-01
-3.332974446896344034e-01
-3.262580856279952979e-01
-3.197626477211997775e-01
-3.131030164536298122e-01
-3.065190196285640933e-01
-2.994252178042813295e-01
-2.925914325326175458e-01
-2.855332218552234513e-01
-2.792136219757480609e-01
-2.719985596871026257e-01
-2.658414427561524018e-01
-2.587739606552418303e-01
-2.514195531583937049e-01
-2.445811658585569370e-01
-2.377409139055088882e-01
-2.308038703178055817e-01
-2.240545399190182474e-01
-2.169863595656750244e-01
-2.096439479730463074e-01
-2.025848103953193924e-01
-1.955510681239900350e-01
-1.890063595643993732e-01
-1.824012505757763858e-01
-1.750000234038793234e-01
-1.683680710294822580e-01
-1.613357691098201707e-01
-1.540611994998982714e-01
-1.466956482803425388e-01
-1.395690434865628493e-01
-1.325668847089331859e-01
-1.256609465983814511e-01
-1.189085809519780934e-01
-1.116432847050958799e-01
-1.049606993245504327e-01
-9.763831913124365602e-02
-9.004125389215000830e-02
-8.328838365926860554e-02
-7.649793409620708751e-02
-6.940220343981873263e-02
-6.248771199613822880e-02
-5.485312661368479947e-02
-4.785672485995751124e-02
-4.083627200708972449e-02
-3.414136084141428107e-02
-2.705279293921591943e-02
-1.978738395191048660e-02
-1.258438629635350026e-02
-5.303308380365523433e-03
1.643557032320996925e-03
8.658113577871606736e-03
1.578991491550429949e-02
2.252357585136910423e-02
2.936213571330203997e-02
3.689504401727949912e-02
4.407868885116950075e-02
5.101991621253598730e-02
5.763163988139874405e-02
6.468259001181309031e-02
7.175796299082715102e-02
7.921578002867302182e-02
8.598125124338773517e-02
9.295837427119413299e-02
9.979116213216632225e-02
1.066624770439061898e-01
1.133786012567612467e-01
1.204159989532684882e-01
1.277102773477651887e-01
1.344593715006481283e-01
1.412360634637963575e-01
1.483443904657861800e-01
1.551345893389111108e-01
1.623950474094897345e-01
1.689942302167879440e-01
1.756990987843578544e-01
1.820556340652701444e-01
1.893754469827768627e-01
1.964104315409513912e-01
2.030787759669336889e-01
2.101722317348972968e-01
2.166433002005134778e-01
2.235359897116651062e-01
2.298737285386978080e-01
2.363434526979362182e-01
2.434265371532646771e-01
2.500591434187982021e-01
2.565449493726874586e-01
2.635171030256331370e-01
2.702783398908437107e-01
2.762680642644226303e-01
2.828127164686891071e-01
2.893575664028005257e-01
2.959275469037181416e-01
3.026057468125018524e-01
3.094987993314930463e-01
3.160706973912936757e-01
3.222306468415212510e-01
3.283070870865714141e-01
3.345266847801355858e-01
3.410065598897915606e-01
3.474965673448315862e-01
3.541312131462865942e-01
3.602666200319597500e-01
3.664217426143274725e-01
3.729424544474313485e-01
3.792192215354952545e-01
3.853641868585540031e-01
3.915733235057872186e-01
3.973965843200488735e-01
4.034482527531628726e-01
4.093007740405032457e-01
4.152669614473296633e-01
4.212853739851378787e-01
4.275082618643573085e-01
4.336187803443594113e-01
4.396355147375854422e-01
4.455478121854015150e-01
4.509464620487899644e-01
4.572624968414267244e-01
4.632256304865789431e-01
4.691052197763760923e-01
4.738879940403268876e-01
4.795473976466140265e-01
5.795895560482260400e-01
6.246758750222443091e-01
6.287839479637713502e-01
6.167573739491938323e-01
6.050892467453621304e-01
6.007822509619180629e-01
6.047870104529136093e-01
6.123966351882490500e-01
6.213376637799652435e-01
6.289404169788248566e-01
6.345870542184826046e-01
6.397057961658341174e-01
6.441988412974084532e-01
6.491341272155217723e-01
6.543669906795002156e-01
6.596116634889717112e-01
6.648608315956359149e-01
6.694245613478642110e-01
6.742515860408659911e-01
6.793179872001531283e-01
6.849535787146963095e-01
6.900494963051400088e-01
6.945697771896774952e-01
6.994518086407084390e-01
7.039470247762680266e-01
7.087569280869814303e-01
7.131527137615534251e-01
7.179835223297161839e-01
7.225655406131026304e-01
7.274361852721937804e-01
7.319255532185962032e-01
7.364499499564658436e-01
7.408385889766038179e-01
7.451821619940433017e-01
7.494474132761936858e-01
7.536423546572066368e-01
7.584424300704015742e-01
7.625389822743884327e-01
7.664974202788186197e-01
7.705056404101369161e-01
7.744753732400937452e-01
7.782138928917903264e-01
7.825435937034115330e-01
7.870425066786879142e-01
7.908502816223204057e-01
7.944865227740991465e-01
7.984319334510048272e-01
8.019332064895592360e-01
8.056011460235481536e-01
8.094013982380316996e-01
8.132251017241229896e-01
8.164704463139742519e-01
8.199247342135067562e-01
8.234949929450692263e-01
8.269936809816755829e-01
8.305684858001654014e-01
8.342668557744901126e-01
8.371141301028388604e-01
8.402031450329161544e-01
8.434398308574031500e-01
8.464029493668392412e-01
8.494492599459761983e-01
8.530654817958862601e-01
8.557566267656597780e-01
8.584851559284316647e-01
8.614535228784347964e-01
8.643093620800641474e-01
8.671518586406761209e-01
8.698358157325372098e-01
8.727480757566041802e-01
8.753397221111556270e-01
8.775316115447338028e-01
8.802462592397375385e-01
8.826377676602477074e-01
8.849498582090660204e-01
8.874353305945703596e-01
8.899657775622897837e-01
8.924015259349773466e-01
8.950484416051096570e-01
8.965269631369126024e-01
8.985181193738753791e-01
9.007995675828823767e-01
9.027887764129673975e-01
9.044507187858414898e-01
9.064842648730575547e-01
9.082007915465510894e-01
9.100297847312759369e-01
9.118516594646763895e-01
9.140458711348884435e-01
9.152520708587701392e-01
9.170323738061341157e-01
9.186345827098023609e-01
9.195392274796347909e-01
9.206689351529520060e-01
9.222171375034065033e-01
9.237765381871554382e-01
9.249471310157844073e-01
9.260869433330298772e-01
9.270349651255571644e-01
9.283554409611212144e-01
9.294747204586428779e-01
9.306222347925541261e-01
9.312627395542905084e-01
9.323649150659547580e-01
9.328854824193739681e-01
9.339845938987481055e-01
9.344653613629645417e-01
9.349933352488961624e-01
9.358032454311910886e-01
9.363035347912216366e-01
9.369932764246584611e-01
9.372711437215570651e-01
9.370409118414841920e-01
9.374880530695690606e-01
9.377912483003001398e-01
9.380422852575178716e-01
9.381539110497556511e-01
9.380029915464831447e-01
9.381865986546018554e-01
9.382422224899698016e-01
9.383414637888052301e-01
9.383320831832520081e-01
9.380923694903799959e-01
9.377591266656737368e-01
9.375694200998112571e-01
9.369602349787384821e-01
9.365713276796499009e-01
9.354954003392719208e-01
9.357145818439618346e-01
9.357072537449027116e-01
9.344686810705411517e-01
9.335959516066281161e-01
9.326181171889174060e-01
9.320191512717030946e-01
9.312573895195099816e-01
9.302043249083169485e-01
9.296650912405879374e-01
9.286204756654741210e-01
9.270037830602462225e-01
9.258452436309483335e-01
9.250483767293189441e-01
9.242325817147616362e-01
9.224385305136479918e-01
9.206261936289537040e-01
9.194490228758867012e-01
9.179283936649427211e-01
9.168461474518436738e-01
9.149712257527595760e-01
9.129568477244389690e-01
9.121208575494506032e-01
9.106383947059726314e-01
9.083721907658059980e-01
9.064878150918673771e-01
9.041505526109858693e-01
9.021995712679484747e-01
9.008541171693025262e-01
8.987230822183960299e-01
8.962688125405577910e-01
8.937769222699727401e-01
8.919908705373074120e-01
8.898738509152281928e-01
8.871756812030469064e-01
8.847145706073547000e-01
8.823187162245176296e-01
8.798687957028961115e-01
8.774648868003509516e-01
8.750262013774658953e-01
8.726790575668190719e-01
8.695634066940498563e-01
8.666309074311697724e-01
8.640300570884789089e-01
8.615421677760537467e-01
8.586658244719445054e-01
8.559303441931604972e-01
8.526696019334281118e-01
8.493073240712021299e-01
8.465909255332122463e-01
8.432747283460231280e-01
8.397441362205313453e-01
8.365225241623477359e-01
8.334606318010799875e-01
8.302911795748741941e-01
8.268736109878773721e-01
8.231406080455769825e-01
8.198826932146743296e-01
8.162016425344915671e-01
8.124734478151935946e-01
8.087576847885089570e-01
8.054496529934567217e-01
8.017236258690219053e-01
7.976433041573500748e-01
7.941569966789985280e-01
7.902957763809523861e-01
7.862124719502674441e-01
7.821711763801828532e-01
7.784849439770424873e-01
7.743478975782180918e-01
7.701355227246211577e-01
7.663173440782997670e-01
7.618124288158640844e-01
7.576168839981050063e-01
7.535592662018018029e-01
7.498680683295275706e-01
7.452326561240227853e-01
7.404938169717638630e-01
7.357474083045587587e-01
7.310990896235523007e-01
7.267284695841282893e-01
7.225031981440337425e-01
7.180263371585227095e-01
7.128106566101166663e-01
7.081317283791179751e-01
7.036224464133169487e-01
6.983022265236626946e-01
6.937521581792112091e-01
6.892389117852473213e-01
6.844141395551617268e-01
6.798204002442502780e-01
6.742056043066326776e-01
6.692615455543147185e-01
6.642987155201580673e-01
6.591514428352069910e-01
6.540866568058163466e-01
6.487940457583705189e-01
6.435276886883116720e-01
6.385291519660654114e-01
6.329992827465218408e-01
6.278209817492950151e-01
6.224707475800812517e-01
6.170792587816094077e-01
6.115988118073403257e-01
6.056197288037878934e-01
6.002533850287989914e-01
5.953866784476360419e-01
5.892154384385890342e-01
5.836690131013710925e-01
5.784537034838990177e-01
5.727115932407058629e-01
5.669630297409242736e-01
5.611124145306916056e-01
5.550040576217269983e-01
5.495338325399246049e-01
5.439008308754238463e-01
5.378090407905973258e-01
5.319854945689315162e-01
5.260276583008305362e-01
5.201559137533648958e-01
5.143517335601246465e-01
5.080960932446658695e-01
5.018046118042207571e-01
4.956873746737529007e-01
4.900904491328730295e-01
4.836318183784329428e-01
4.774205228937831169e-01
4.715369271987299715e-01
4.655003431533599745e-01
4.588798628642507538e-01
4.525941715757084705e-01
4.462383020437528103e-01
4.398509737330358327e-01
4.334870945267652598e-01
4.272997922295644901e-01
4.209054554484681354e-01
4.141949178084758376e-01
4.082433608231781363e-01
4.014687627353452637e-01
3.945395621214742299e-01
3.885178174437498022e-01
3.821242846903600832e-01
3.756942879894722420e-01
3.690311443403175851e-01
3.623067452502710672e-01
3.550528988934673613e-01
3.488293674583189397e-01
3.421766696235295502e-01
3.353534088612093456e-01
3.291292525789288881e-01
3.225298416702115922e-01
3.158827385991629377e-01
3.090747597112737388e-01
3.022683090023234875e-01
2.954263143795459179e-01
2.885138821907957674e-01
2.819027207783506572e-01
2.749159352206220763e-01
2.683197958675294093e-01
2.611830846452676269e-01
2.546895371903303840e-01
2.479062041018438300e-01
2.407064445457081092e-01
2.337671900393387681e-01
2.271141332247565980e-01
2.203254349791508027e-01
2.129382017079479716e-01
2.061574827545087363e-01
1.993712292231406558e-01
1.923666366700331753e-01
1.848917001803329629e-01
1.779183286137708819e-01
1.713017463244910221e-01
1.642309555806775734e-01
1.570057334572994012e-01
1.499630488324101840e-01
1.429994340482494408e-01
1.363483026627307915e-01
1.291636651281122816e-01
1.220231514917997639e-01
1.146448878442982711e-01
1.077778608754242917e-01
1.008684817723861649e-01
9.389443464918367788e-02
8.705579545031416622e-02
7.975573968773241873e-02
7.275510475491264728e-02
6.587446919204742457e-02
5.879448381828633607e-02
5.143693694825790530e-02
4.406656560344979212e-02
3.686208650474886994e-02
2.954855919638532669e-02
2.276743468503927836e-02
1.596241431356881790e-02
9.216701917316161285e-03
2.333365814072951849e-03
-4.716058359278463286e-03
-1.220052957902739710e-02
-1.955149470874462114e-02
-2.657565849604570651e-02
-3.346829963009267939e-02
-4.053579952976638090e-02
-4.753344013031435278e-02
-5.456816180055168441e-02
-6.138061809133432689e-02
-6.872662842374099856e-02
-7.585615287459002154e-02
-8.258976057560118988e-02
-8.974871366075665158e-02
-9.677796994767506877e-02
-1.037104356362164026e-01
-1.105322344635567555e-01
-1.173969653495561261e-01
-1.246022905449933882e-01
-1.321891813415845274e-01
-1.388781212741150295e-01
-1.453832037075158956e-01
-1.524136244245738459e-01
-1.595055176964905730e-01
-1.659927284345542597e-01
-1.731405171934057297e-01
-1.801827687677274303e-01
-1.866868217630411886e-01
-1.936510484731883697e-01
-2.001691721063707519e-01
-2.069606207451016866e-01
-2.140268688613616854e-01
-2.206607608831419043e-01
-2.274345247624083299e-01
-2.344738816856803965e-01
-2.413329034540410145e-01
-2.483189145535703579e-01
-2.547327052568675310e-01
-2.609415635543627099e-01
-2.677282700236247592e-01
-2.742376870790949051e-01
-2.808650363199489686e-01
-2.873988836065990427e-01
-2.942897353234229518e-01
-3.012402305778323353e-01
-3.077154220594934264e-01
-3.139495442718327478e-01
-3.204871533246234083e-01
-3.269209183190412427e-01
-3.330067181409631649e-01
-3.397465152825247525e-01
-3.465715626821733730e-01
-3.526720458074080744e-01
-3.590876567986469592e-01
-3.656512182344983097e-01
-3.716693400951698312e-01
-3.780607864229686976e-01
-3.842139036585059397e-01
-3.905152407061635023e-01
-3.969559630797675487e-01
-4.031860318167062029e-01
-4.092772475092217865e-01
-4.150432859766212124e-01
-4.210749697222155863e-01
-4.271794111204535449e-01
-4.334735138747944916e-01
-4.394277091840119720e-01
-4.454959323851237496e-01
-4.516480040401316121e-01
-4.575997211435206546e-01
-4.632305408248604817e-01
-4.690579068698843557e-01
-4.748112166232341114e-01
-4.804938274080345906e-01
-4.859277619033062212e-01
-4.920226033698298362e-01
-4.976020309715087908e-01
-5.974817590064072093e-01
-6.428145397676514605e-01
-6.469321918667706450e-01
-6.342628097541942456e-01
-6.226112158456983403e-01
-6.191317892182823801e-01
-6.229503994574205894e-01
-6.307364235622276993e-01
-6.397045109584211797e-01
-6.463931244153897637e-01
-6.521971066685139373e-01
-6.573431165441888657e-01
-6.618770133028114566e-01
-6.667888657148282050e-01
-6.723951453973547876e-01
-6.773537709667458717e-01
-6.822130530878958155e-01
-6.870507761189195151e-01
-6.923101666579583036e-01
-6.973672377139401579e-01
-7.025634520483372558e-01
-7.076590711946166845e-01
-7.124553193163279952e-01
-7.173867124049252419e-01
-7.219669449581530563e-01
-7.262868084279560099e-01
-7.310060950427512694e-01
-7.355898068867474660e-01
-7.399930375123233706e-01
-7.448941750982200904e-01
-7.495547694306907704e-01
-7.543465053137893284e-01
-7.585422859056663025e-01
-7.629016664862462438e-01
-7.672766014120228073e-01
-7.711973611043874133e-01
-7.758705833885514158e-01
-7.799548693019631163e-01
-7.841796660306968869e-01
-7.878590984237661132e-01
-7.923104871793456017e-01
-7.966841136009363833e-01
-8.006862793740253670e-01
-8.049046006448861146e-01
-8.087561984152131789e-01
-8.122392932620954298e-01
-8.160684673143265844e-01
-8.198711957656257265e-01
-8.237682624298372502e-01
-8.272971758217465554e-01
-8.309203143174045403e-01
-8.344517931919369635e-01
-8.376690646827285036e-01
-8.412128495002321182e-01
-8.447028950887898180e-01
-8.479797334701885125e-01
-8.516477723278086387e-01
-8.551429352799914119e-01
-8.586666950107740837e-01
-8.614083400825961467e-01
-8.643996779637973527e-01
-8.673874081035137795e-01
-8.704900094381343711e-01
-8.735908224953646828e-01
-8.762914555269730732e-01
-8.790525665006725387e-01
-8.822113804066049614e-01
-8.851646907596801839e-01
-8.877205058361937740e-01
-8.906257201319845995e-01
-8.928941615467322901e-01
-8.956836743944052159e-01
-8.982754913739512403e-01
-9.005831833158737254e-01
-9.032986569779580810e-01
-9.053750909556015358e-01
-9.075245638840954143e-01
-9.097540042733583965e-01
-9.120950187502018247e-01
-9.146108973553112031e-01
-9.165029247387679323e-01
-9.186093711416305485e-01
-9.204142303622490084e-01
-9.225855202919660547e-01
-9.244724328562256010e-01
-9.260665493182926866e-01
-9.279074061211332047e-01
-9.299151650023873561e-01
-9.316664640623315563e-01
-9.332770492458110079e-01
-9.344044187809344981e-01
-9.361996208625129601e-01
-9.377139786821828693e-01
-9.391199818839993663e-01
-9.403667030341467115e-01
-9.410632746736951049e-01
-9.424873522024939110e-01
-9.443268111410475507e-01
-9.456797118200995778e-01
-9.465545765099193654e-01
-9.475607943147110745e-01
-9.479357808787256534e-01
-9.490072581528806728e-01
-9.495091950327662067e-01
-9.508399060699559424e-01
-9.520187614862493097e-01
-9.525836056993171042e-01
-9.531202924822878009e-01
-9.535185631149601937e-01
-9.538437870395967133e-01
-9.545717531834384539e-01
-9.549727788439383858e-01
-9.554076012423990960e-01
-9.557471831205021084e-01
-9.555201063209211032e-01
-9.557035365128114801e-01
-9.560466346518239344e-01
-9.565107897442090001e-01
-9.567576302894622575e-01
-9.564207709908316701e-01
-9.557272613862834998e-01
-9.558478594852829469e-01
-9.554966595031715304e-01
-9.554383420390081261e-01
-9.553794300907952897e-01
-9.548070896253648687e-01
-9.541581184865662868e-01
-9.542661020821696649e-01
-9.534078810813184646e-01
-9.526347596074117297e-01
-9.522312188044338432e-01
-9.515499880136133459e-01
-9.505945131762587597e-01
-9.504431069901443374e-01
-9.494305179244179049e-01
-9.486221563826916503e-01
-9.473447966507706486e-01
-9.462554444718762614e-01
-9.452914438645507733e-01
-9.443121504499515373e-01
-9.426604984739412885e-01
-9.413727203908081043e-01
-9.401210075529263799e-01
-9.387818867069711581e-01
-9.374368522499082479e-01
-9.355995968951276165e-01
-9.346013055735739039e-01
-9.328312386480149820e-01
-9.311128577323074529e-01
-9.297267015053080064e-01
-9.277924124044887311e-01
-9.260234905732659394e-01
-9.241990715923578126e-01
-9.225310401590036680e-01
-9.203042449944291992e-01
-9.178346357060263028e-01
-9.160107795185468138e-01
-9.143201016780381218e-01
-9.123096369218671731e-01
-9.098783499632816518e-01
-9.078549974888175944e-01
-9.055483709581210183e-01
-9.031431439135928496e-01
-9.005520013053001094e-01
-8.980600852877558271e-01
-8.953130144743965957e-01
-8.923581916347302911e-01
-8.898885217596557151e-01
-8.877175119463288633e-01
-8.849729791914853205e-01
-8.820016258855503111e-01
-8.788720131976617278e-01
-8.762013024072302647e-01
-8.732256844317589639e-01
-8.705027957506900060e-01
-8.672426407538864623e-01
-8.641921609073222044e-01
-8.615024498593697455e-01
-8.583712942811416724e-01
-8.550177218581893612e-01
-8.512689204148216060e-01
-8.477922468719100157e-01
-8.441022506601314479e-01
-8.410639670243483801e-01
-8.375583130643690088e-01
-8.343909415002030983e-01
-8.307713101495494135e-01
-8.268844261855292643e-01
-8.232518727399223968e-01
-8.196349494592937157e-01
-8.159291803288113432e-01
-8.123245404788065338e-01
-8.077965992056818090e-01
-8.040785260428322534e-01
-8.001902218746579365e-01
-7.960865356480326671e-01
-7.921396742304182004e-01
-7.880745811925351507e-01
-7.839342923566789967e-01
-7.796914304333313339e-01
-7.757688406051954644e-01
-7.715735663381337872e-01
-7.673497260586827906e-01
-7.624682165019237567e-01
-7.579131834184635874e-01
-7.536710421659733594e-01
-7.493454988009432549e-01
-7.450851091798937897e-01
-7.403738465862375051e-01
-7.354119416934338238e-01
-7.309574628201005453e-01
-7.259924980347534085e-01
-7.216669721068683652e-01
-7.167104105050554619e-01
-7.115692172863304910e-01
-7.069467779630826954e-01
-7.020692313470590085e-01
-6.972406631359205909e-01
-6.924554179074959848e-01
-6.874535182575811643e-01
-6.818609451325414739e-01
-6.769546709968551346e-01
-6.717501554052602852e-01
-6.666295079373469878e-01
-6.618401571856281640e-01
-6.562623560285600899e-01
-6.508637744015629556e-01
-6.455553426664095706e-01
-6.405727477047378216e-01
-6.353564693908765326e-01
-6.298765023463147594e-01
-6.236619617508722957e-01
-6.183542772844191626e-01
-6.130155177137055489e-01
-6.073628911666049124e-01
-6.015861448339989703e-01
-5.961446307124163013e-01
-5.903971611125484742e-01
-5.845782057393307252e-01
-5.789745789228846196e-01
-5.731628786062004099e-01
-5.675371981620458417e-01
-5.617685899305001618e-01
-5.557891871040737675e-01
-5.494963925105252889e-01
-5.436461601551911826e-01
-5.380556592013931994e-01
-5.320445708390082462e-01
-5.257576847833206335e-01
-5.196223770902974604e-01
-5.137668301336475452e-01
-5.078152283551560231e-01
-5.017982536313525532e-01
-4.955282584977623861e-01
-4.889782310472355897e-01
-4.829845023469261367e-01
-4.768306315105235171e-01
-4.703957295191856236e-01
-4.641057797829603038e-01
-4.579074282831584464e-01
-4.512555232233580460e-01
-4.450135887199792029e-01
-4.387101542427899181e-01
-4.322646211551159912e-01
-4.257999885655465722e-01
-4.191670375959688499e-01
-4.128661770485393401e-01
-4.064887557778604776e-01
-3.996839883892221446e-01
-3.930908807070409017e-01
-3.867918920515478476e-01
-3.804831991213688536e-01
-3.733673629614088219e-01
-3.665601506532766285e-01
-3.602180657117571849e-01
-3.537686481686932449e-01
-3.471540667619876785e-01
-3.405365397249852100e-01
-3.335447482271149955e-01
-3.269694460109633383e-01
-3.205328406015439668e-01
-3.135380974308361601e-01
-3.063784380565153231e-01
-2.996577534731841297e-01
-2.925875646888471682e-01
-2.858607093201726013e-01
-2.787337666124642954e-01
-2.724126962763818716e-01
-2.657067225046205738e-01
-2.584178982217565368e-01
-2.517220051836431827e-01
-2.446314925073863611e-01
-2.379266150813862390e-01
-2.311038211094740280e-01
-2.237237759116282865e-01
-2.170847722517919021e-01
-2.104551367628744174e-01
-2.030649634303245410e-01
-1.964953102064100898e-01
-1.890845053495866512e-01
-1.820439887813278812e-01
-1.747325999390966222e-01
-1.678774117655734699e-01
-1.611867997892261206e-01
-1.538871676805569910e-01
-1.472802502993261209e-01
-1.401722997374236224e-01
-1.325507777764869388e-01
-1.252473947909692464e-01
-1.181626127720903918e-01
-1.115339537509782986e-01
-1.048132199035223255e-01
-9.740569172374191620e-02
-9.058744332621126993e-02
-8.333685325882522754e-02
-7.673197070704129708e-02
-6.973607011175031456e-02
-6.200899743747068094e-02
-5.460846658361051542e-02
-4.745481295724407467e-02
-4.088419156719846903e-02
-3.353930296972862379e-02
-2.658159142704330513e-02
-1.983438208922616575e-02
-1.290387550458549359e-02
-5.318955935243230293e-03
1.526952886936827625e-03
8.609734806981350630e-03
1.552951284124048925e-02
2.273835821653458211e-02
2.982331562392070978e-02
3.646740950340188192e-02
4.353072924930634358e-02
5.091211180603916198e-02
5.821562528722101781e-02
6.486208817672145521e-02
7.132202868638737314e-02
7.848022242773988744e-02
8.591824327399710803e-02
9.271183338888411285e-02
1.000131994039663574e-01
1.065662353221199510e-01
1.139030320774878646e-01
1.208703113818956343e-01
1.270752933370205007e-01
1.339303688669359893e-01
1.410981656122118899e-01
1.484738294426790617e-01
1.555327557799017768e-01
1.624183557984935078e-01
1.691133446495882708e-01
1.758365179710181803e-01
1.821901001180492585e-01
1.893407026132734039e-01
1.962137576838216546e-01
2.029571237321392552e-01
2.097104401678038244e-01
2.165125484220467023e-01
2.235983953532965085e-01
2.301214840012875129e-01
2.369546026679614226e-01
2.438184498236579678e-01
2.500784807393330311e-01
2.571012207765590585e-01
2.636100406936165985e-01
2.697755380700415095e-01
2.763832081465351642e-01
2.825977860280772802e-01
2.896344132153714224e-01
2.959216653690219800e-01
3.027899451662292574e-01
3.093489754631648658e-01
3.154661760660204539e-01
3.218697551731792839e-01
3.287183805431426187e-01
3.349899456198244252e-01
3.412525235613912411e-01
3.474542666975950489e-01
3.538565443001899791e-01
3.601376759168453123e-01
3.661573429222115816e-01
3.722199852866914238e-01
3.785874259357790983e-01
3.849323925170167193e-01
3.913529057581741633e-01
3.974464826477608348e-01
4.037455393789599611e-01
4.095739172916430526e-01
4.154960310572313187e-01
4.218576656080856857e-01
4.274475295941211339e-01
4.338327196635827221e-01
4.392860886018896682e-01
4.449672114641451959e-01
4.508218053196659802e-01
4.567319229538409076e-01
4.624197417990592029e-01
4.683882627336051208e-01
4.745550642020945897e-01
4.801109956762084074e-01
5.799475736469967835e-01
6.250616092064276152e-01
6.291499484050064872e-01
6.164212821658960895e-01
6.039953323866427137e-01
6.008844411961260512e-01
6.053795717270182841e-01
6.130335535301032479e-01
6.215178172470721130e-01
6.292132990451304586e-01
6.346543057672846544e-01
6.393008240232724848e-01
6.438259099621099768e-01
6.493151988045631207e-01
6.541702508453206555e-01
6.592650341859780383e-01
6.645250603068562079e-01
6.697449139851847644e-01
6.745220623614294198e-01
6.794074036958839269e-01
6.843443323443358928e-01
6.891992045841306425e-01
6.946056537224336580e-01
6.992399660366714897e-01
7.040722266899721582e-01
7.085576022709134669e-01
7.134764017671955116e-01
7.178444548615829923e-01
7.227646750605913883e-01
7.270305924468416503e-01
7.317768340509787084e-01
7.363989425262118527e-01
7.408926662990225065e-01
7.452489068757486290e-01
7.492502196748305199e-01
7.534473285578271451e-01
7.582527317309497583e-01
7.626085288301822640e-01
7.667458578827179849e-01
7.705741894506616951e-01
7.745750721378741321e-01
7.781472238214917070e-01
7.822636336091419729e-01
7.866429001217796202e-01
7.910407088182040969e-01
7.945437362929084202e-01
7.981963339782254252e-01
8.018461562939536158e-01
8.055231377788061309e-01
8.093931697545770909e-01
8.132738786335322878e-01
8.168941661306661217e-01
8.197745172198096508e-01
8.232141827930632427e-01
8.268214893316438996e-01
8.308766786135435289e-01
8.341255887506178190e-01
8.374071439952843754e-01
8.405938902989817940e-01
8.438565296629234602e-01
8.467181829210175259e-01
8.492298286910624494e-01
8.522879724684457869e-01
8.554715599882172228e-01
8.586684498440064761e-01
8.616951899175462337e-01
8.647716510910186116e-01
8.678142717549008900e-01
8.702155885864357732e-01
8.721707100372271260e-01
8.751532810251432259e-01
8.778793360615906316e-01
8.801713590740178894e-01
8.823862588031459175e-01
8.852471763928917436e-01
8.879750112293209874e-01
8.895444513382302354e-01
8.919999780150249524e-01
8.940334843363415551e-01
8.962115114964632756e-01
8.986056669187831858e-01
9.009577616687010071e-01
9.030367100317875373e-01
9.048897048557080769e-01
9.066700107837646350e-01
9.084667411300131334e-01
9.102657168257421993e-01
9.121605743270833067e-01
9.137316467550760102e-01
9.151395985316241877e-01
9.165520095098202980e-01
9.177629727173126639e-01
9.196481229339810159e-01
9.208661988595223669e-01
9.224010368999926435e-01
9.241293667295564784e-01
9.251965812750371221e-01
9.259215494139483305e-01
9.271920857060025334e-01
9.285786071593578050e-01
9.295848497561052248e-01
9.301961591823328934e-01
9.311360212964872041e-01
9.324882584342106817e-01
9.330790650927043295e-01
9.335877722257408529e-01
9.340395107835093302e-01
9.346592324977678334e-01
9.354488387588162368e-01
9.363961313303774681e-01
9.372156274619727334e-01
9.369722737109043020e-01
9.373705212893639338e-01
9.381976157240614622e-01
9.381315259831979336e-01
9.380828748852707566e-01
9.383996093685027517e-01
9.382222475945354301e-01
9.382285737934807912e-01
9.381678322028961237e-01
9.384222205390018168e-01
9.383767658026556102e-01
9.378188659007036243e-01
9.372594565247367449e-01
9.372914051749092756e-01
9.373373402439084678e-01
9.370027958527089584e-01
9.362887259092587122e-01
9.357073363213033179e-01
9.349091842921950501e-01
9.342977139599497605e-01
9.335898199476049264e-01
9.331201026116104913e-01
9.318431309818548947e-01
9.312267458880740811e-01
9.302892772120969767e-01
9.294347844089827504e-01
9.284750727858352981e-01
9.273167495547227634e-01
9.263885920518988293e-01
9.250030185882507361e-01
9.236428411624557633e-01
9.223422734855830640e-01
9.212248619509808556e-01
9.196022862881876314e-01
9.179866132966310044e-01
9.164342024281779686e-01
9.150256000629723996e-01
9.135530403879215111e-01
9.119208541676528945e-01
9.102678727927695501e-01
9.083308830011447288e-01
9.060918449908512695e-01
9.040893157365190724e-01
9.023279780537962758e-01
9.008287330087512146e-01
8.987014786073530548e-01
8.964359286620264822e-01
8.943011848886897042e-01
8.921269611025537394e-01
8.898185039809050068e-01
8.870979067446398414e-01
8.849672672331281298e-01
8.826673044226822640e-01
8.806263070107491764e-01
8.773699089069850743e-01
8.745339691046865038e-01
8.725476561716960511e-01
8.700769378123198727e-01
8.672518625326914865e-01
8.642024424784779946e-01
8.618072246036092565e-01
8.586022966078303842e-01
8.556477649006239972e-01
8.526839034523732153e-01
8.493975919417096065e-01
8.463097506951045013e-01
8.431509466029638578e-01
8.401177850472265618e-01
8.366268401414345135e-01
8.337142996575039877e-01
8.302378595533981276e-01
8.272106006217370133e-01
8.235718185831786275e-01
8.201301660720445863e-01
8.164644594147774104e-01
8.128970205707504171e-01
8.092163459849417428e-01
8.054351044685403860e-01
8.017650516496814816e-01
7.983977977617542354e-01
7.945955763219672008e-01
7.903361759143081589e-01
7.863232625031515433e-01
7.825859803701746831e-01
7.791607452178426207e-01
7.744746361033718607e-01
7.697688362322026023e-01
7.656964061038251668e-01
7.618077345438449832e-01
7.577551345421682516e-01
7.532031715602953703e-01
7.487996680745083733e-01
7.448791154416938287e-01
7.402990758479233158e-01
7.361051790845862808e-01
7.316511502444313919e-01
7.270320295778673891e-01
7.225261279528580882e-01
7.177013960882050458e-01
7.130390079019151006e-01
7.082947300024726722e-01
7.037387725993995424e-01
6.990024113437187658e-01
6.941727551732128632e-01
6.894146790528110635e-01
6.846196505745467675e-01
6.795480186829365721e-01
6.742621273083273525e-01
6.692344345431195940e-01
6.642976674701401851e-01
6.592691908947017065e-01
6.543178939975689001e-01
6.488497585097376952e-01
6.432062629443522361e-01
6.379981380809056635e-01
6.330750160986269304e-01
6.277071943772170037e-01
6.219970839165909204e-01
6.170335639939765748e-01
6.117507733558908978e-01
6.059897662911395422e-01
6.005852584223076995e-01
5.949655734633494397e-01
5.896094160451412769e-01
5.842402986169701329e-01
5.781219543149631601e-01
5.726206360389654026e-01
5.671241473462260707e-01
5.610584657024162425e-01
5.549675187927050057e-01
5.494380834214496190e-01
5.436326011472203401e-01
5.377786421049677301e-01
5.321972661937592886e-01
5.262604142986675448e-01
5.201598666585938169e-01
5.141105685050775254e-01
5.077426540978706715e-01
5.016223995730910712e-01
4.955775509921180877e-01
4.894616948642920295e-01
4.837601968128866226e-01
4.778302115012764695e-01
4.714275449915816818e-01
4.649998081921240534e-01
4.584228251740340987e-01
4.524352091884396021e-01
4.463148082395149707e-01
4.399486544124329157e-01
4.334879210699285057e-01
4.275684005627511386e-01
4.211711190326012932e-01
4.143294293539896422e-01
4.077563562767352323e-01
4.014545331162366892e-01
3.947497568549693803e-01
3.886428579278800033e-01
3.818621948734743921e-01
3.758224761024622218e-01
3.690737258809293486e-01
3.628721825981415794e-01
3.560215473623657978e-01
3.492540516195448141e-01
3.424774691307959085e-01
3.356061373413639082e-01
3.287678197946946046e-01
3.223220851689461153e-01
3.157145786162458556e-01
3.090263098258276830e-01
3.025799144537359986e-01
2.953044726645259743e-01
2.888943627786262347e-01
2.819736558290686368e-01
2.754110819125970000e-01
2.680817277367395501e-01
2.609267002854664952e-01
2.540979065225144051e-01
2.475240224766310781e-01
2.408148906660869670e-01
2.338802411688107874e-01
2.267050331207314251e-01
2.200354491247367150e-01
2.128424979204681655e-01
2.061049113703119495e-01
1.992768069945498599e-01
1.924663672744486576e-01
1.854964698851802041e-01
1.783570581875721928e-01
1.712604135782043180e-01
1.641786013184856063e-01
1.570663627436204024e-01
1.503366757324386960e-01
1.430616631549128659e-01
1.360589871152342312e-01
1.295973440547470990e-01
1.218413353050238346e-01
1.146243995656930359e-01
1.077966768190634639e-01
1.010470462990382678e-01
9.379447984616717804e-02
8.697721507110989236e-02
8.012595213797624183e-02
7.308238483358309168e-02
6.580563934209071597e-02
5.868665113771376340e-02
5.147661685956284039e-02
4.402735035168636735e-02
3.663429959057973306e-02
3.005351928101740455e-02
2.340191707407091037e-02
1.618335664568926191e-02
9.279995494074544382e-03
1.661644496633085666e-03
-5.919647859175869442e-03
-1.259195845799754299e-02
-1.925439061651279538e-02
-2.611551443420123686e-02
-3.326618437189954314e-02
-4.039656397030166879e-02
-4.762489115704227061e-02
-5.445789381470833579e-02
-6.170420217233929527e-02
-6.853284450029095698e-02
-7.572628553106430793e-02
-8.316490742584503604e-02
-8.978005511052344900e-02
-9.670889308071939361e-02
-1.040287563266246718e-01
-1.106382568612616080e-01
-1.176314952219513765e-01
-1.245403955413678654e-01
-1.316630607387168084e-01
-1.378580225657657365e-01
-1.450461732828216554e-01
-1.524493692841530912e-01
-1.591988315827194134e-01
-1.662967230159211329e-01
-1.732279646407703932e-01
-1.797656749876296312e-01
-1.867965016367605369e-01
-1.938845833075475422e-01
-2.007154017617522879e-01
-2.073160521752243080e-01
-2.139178832048316270e-01
-2.210067922359598702e-01
-2.276697964740449498e-01
-2.344234388004849956e-01
-2.410925782560312536e-01
-2.480375295218764098e-01
-2.544491707810351278e-01
-2.609113681911849891e-01
-2.677358390972855995e-01
-2.741945185953966746e-01
-2.810129112410819641e-01
-2.878547637109647450e-01
-2.946747407717467127e-01
-3.010042547691398340e-01
-3.075401973233411468e-01
-3.138648613409855681e-01
-3.205775476146769387e-01
-3.271176052783900667e-01
-3.330708485907564187e-01
-3.397036916721845046e-01
-3.462707056624410029e-01
-3.528518258342174807e-01
-3.592905627805066393e-01
-3.655965496693177608e-01
-3.715346111079760316e-01
-3.774975089788810134e-01
-3.842372735963713870e-01
-3.909417210868511017e-01
-3.970665751583922765e-01
-4.029600620691354829e-01
-4.087135274502415871e-01
-4.149385260060747260e-01
-4.210485347974355363e-01
-4.270029811539639564e-01
-4.329524020828465769e-01
-4.394557665460577800e-01
-4.452061604029274866e-01
-4.510426611498047356e-01
-4.567564074513347228e-01
-4.634083912665639682e-01
-4.693416758545916334e-01
-4.748918690271870524e-01
-4.811332993102469535e-01
-4.868032772813678521e-01
-4.918283565614258723e-01
-4.980781238803049238e-01
-5.978916393015337727e-01
-6.431652638857574544e-01
-6.473211715713580450e-01
-6.346327062492125304e-01
-6.229196209115361871e-01
-6.189204619911595762e-01
-6.225776762391206365e-01
-6.306342447515710381e-01
-6.392495043688086742e-01
-6.461480681724485198e-01
-6.521382739462616707e-01
-6.575384358315353728e-01
-6.624264664283124882e-01
-6.670490530842677623e-01
-6.718976834734469161e-01
-6.774175890819584822e-01
-6.824876393416374754e-01
-6.877265295335248663e-01
-6.925456857299139291e-01
-6.974073076195630438e-01
-7.022524867497956791e-01
-7.071396682368827902e-01
-7.121519258511497252e-01
-7.172262238511961652e-01
-7.218719502401242938e-01
-7.263049326701732644e-01
-7.307727446265929183e-01
-7.357250970510648136e-01
-7.405496370131686712e-01
-7.453734143122432432e-01
-7.497242675003746859e-01
-7.542230896746773272e-01
-7.583383778227925642e-01
-7.632920424213679444e-01
-7.675340377866390895e-01
-7.717120276382487543e-01
-7.760442083200942420e-01
-7.797206474093385520e-01
-7.839048210789230087e-01
-7.882604089173212980e-01
-7.924313869893382378e-01
-7.965143492098747391e-01
-8.005297141003694383e-01
-8.044685137619040916e-01
-8.086681066394533213e-01
-8.122763742637829631e-01
-8.165761231173178647e-01
-8.200221718986085984e-01
-8.237629509088065793e-01
-8.271943641255120605e-01
-8.308048978014426211e-01
-8.343307802097882364e-01
-8.379687838525426979e-01
-8.416228862208783301e-01
-8.450919118391823082e-01
-8.482465827242094969e-01
-8.514258065749544802e-01
-8.546027472350743448e-01
-8.584051864317985281e-01
-8.617919985834390229e-01
-8.648717090433819532e-01
-8.677994607323682441e-01
-8.708492135727567973e-01
-8.731282270001770041e-01
-8.760466281307855985e-01
-8.791751661265237994e-01
-8.819877794784105607e-01
-8.849464436612379803e-01
-8.879038518439585914e-01
-8.903462042285610334e-01
-8.927500448202152494e-01
-8.954510594068694207e-01
-8.982596499022491576e-01
-9.011453145293017997e-01
-9.035039975809212587e-01
-9.051776365804812263e-01
-9.078250646361738507e-01
-9.100506892790235502e-01
-9.118149400331588827e-01
-9.143886661301422469e-01
-9.167513311436892298e-01
-9.185841294520173950e-01
-9.203099061978093909e-01
-9.221825452826948322e-01
-9.242299588949037803e-01
-9.260726621693435856e-01
-9.276091377901991564e-01
-9.299324586929827996e-01
-9.318853906852553326e-01
-9.331776902152825182e-01
-9.347411657772312088e-01
-9.359119565692765041e-01
-9.376296749151606935e-01
-9.388655303878522540e-01
-9.402833199095936845e-01
-9.417733741211578025e-01
-9.428792614093595148e-01
-9.436223092645832367e-01
-9.452348727718060672e-01
-9.463771197414814207e-01
-9.473538464900344014e-01
-9.480094230854320125e-01
-9.486495156949331653e-01
-9.501178005675796623e-01
-9.512995530535647282e-01
-9.518685493000305087e-01
-9.523126246228514891e-01
-9.528414985038125007e-01
-9.535243881142718703e-01
-9.538794249274247239e-01
-9.546633526145967830e-01
-9.551077561303487062e-01
-9.549113025359077245e-01
-9.555221948862367976e-01
-9.555780927431272165e-01
-9.557375328613147980e-01
-9.560584493260364525e-01
-9.561103477646497595e-01
-9.561894064525858772e-01
-9.564366391544411039e-01
-9.561721831205318711e-01
-9.561519518703562870e-01
-9.557706981064939544e-01
-9.555003152761628593e-01
-9.553378829487086943e-01
-9.549132479086779313e-01
-9.543236479992913690e-01
-9.540392910899356815e-01
-9.534780760461103455e-01
-9.528712365589854238e-01
-9.522784938941072364e-01
-9.516579015208890269e-01
-9.507246352475420270e-01
-9.498627486502926320e-01
-9.490146524576914544e-01
-9.481521959567998925e-01
-9.471481847950201649e-01
-9.462863370176194389e-01
-9.452724183020336790e-01
-9.438504325468727307e-01
-9.429266917785525948e-01
-9.416883620482394690e-01
-9.401946054425309729e-01
-9.385659365203651294e-01
-9.371951902485988750e-01
-9.361566463992574416e-01
-9.343722948095148917e-01
-9.331251408214086274e-01
-9.313519559706208151e-01
-9.299356130671526666e-01
-9.280449669499943877e-01
-9.261489775272764291e-01
-9.248632257470206230e-01
-9.226028495589332357e-01
-9.200349424541058863e-01
-9.185358686669247152e-01
-9.164280181822391791e-01
-9.140631664798263278e-01
-9.120109977298568316e-01
-9.099980519416248637e-01
-9.075284333032129780e-01
-9.052883402475344621e-01
-9.029760140420194370e-01
-9.001565789838708032e-01
-8.975797441991574255e-01
-8.950862934703366358e-01
-8.930396221751664143e-01
-8.903946413649407310e-01
-8.879243189718579732e-01
-8.851985068303804827e-01
-8.821975837078980254e-01
-8.795490572805192420e-01
-8.765852083455228927e-01
-8.733753056910756873e-01
-8.703106309387635964e-01
-8.674232786327251699e-01
-8.639583581064300688e-01
-8.606933586232230482e-01
-8.578225766678372333e-01
-8.555342988445489016e-01
-8.519559010041973801e-01
-8.479701550947538191e-01
-8.447702378085238939e-01
-8.414018085173438077e-01
-8.377540750598825303e-01
-8.341075514555995607e-01
-8.307842455744378629e-01
-8.274785498210803780e-01
-8.236214342720927784e-01
-8.194671898800208742e-01
-8.157260809877755481e-01
-8.117469691491692174e-01
-8.081773820226146876e-01
-8.045014053803584142e-01
-8.007349895169625364e-01
-7.964386775498895066e-01
-7.923504652334998344e-01
-7.883793779041183836e-01
-7.842552414643819692e-01
-7.799395370561341689e-01
-7.755795826464180198e-01
-7.710251154415459496e-01
-7.668189185131211172e-01
-7.624778905534981277e-01
-7.583968745584854787e-01
-7.538243509343771631e-01
-7.494198705490304757e-01
-7.452471949077732472e-01
-7.405222615439243095e-01
-7.354414391183752286e-01
-7.309820639718225266e-01
-7.264133242494892340e-01
-7.211571025449586836e-01
-7.167826782317036072e-01
-7.122765629382911134e-01
-7.075173927378273220e-01
-7.022384815999658247e-01
-6.970833470042862023e-01
-6.919800429037934464e-01
-6.872251726718673348e-01
-6.820986615016181309e-01
-6.771488865311823258e-01
-6.719135766508088636e-01
-6.666771246928021588e-01
-6.614113981343393567e-01
-6.558530418724728417e-01
-6.506467615510928004e-01
-6.453251196823203140e-01
-6.400287155151034302e-01
-6.346764011337029388e-01
-6.295629044738632052e-01
-6.238905862145202041e-01
-6.181704300754973236e-01
-6.128765475115528494e-01
-6.077405249661353981e-01
-6.023641480085017985e-01
-5.964049302383841455e-01
-5.906400922300804046e-01
-5.846421710728634258e-01
-5.788278095628243136e-01
-5.731242302105101771e-01
-5.677324395048742867e-01
-5.618314109660900169e-01
-5.553608365252558077e-01
-5.494857250951497019e-01
-5.434627282029396156e-01
-5.381409434171928741e-01
-5.320211476607255019e-01
-5.263008593559390658e-01
-5.202585860313149180e-01
-5.136860215744946112e-01
-5.077924847402186526e-01
-5.016199490732902166e-01
-4.953070732592947945e-01
-4.889893883140757902e-01
-4.828127024939192768e-01
-4.764825791487339313e-01
-4.706650334120183743e-01
-4.641151783565249378e-01
-4.575649686138888450e-01
-4.518063692366866002e-01
-4.451734436921640503e-01
-4.391699446052825806e-01
-4.326980264734174852e-01
-4.258542299986061153e-01
-4.193287981900425399e-01
-4.125592732832956688e-01
-4.058623651599873039e-01
-3.995965941974418678e-01
-3.931339832649143329e-01
-3.863880982950604892e-01
-3.797838532913602183e-01
-3.728115604091215562e-01
-3.666689522849366778e-01
-3.604730042416293134e-01
-3.540569273727726118e-01
-3.471610221902153848e-01
-3.399033500571647659e-01
-3.333851793054123380e-01
-3.268096755645103491e-01
-3.201500022144159185e-01
-3.131657943597077054e-01
-3.062919941337327590e-01
-2.997005621453467938e-01
-2.927131949241413844e-01
-2.857919203988842360e-01
-2.789179257122100797e-01
-2.721023613285353804e-01
-2.654374048364331884e-01
-2.586905529759804256e-01
-2.515866725033959472e-01
-2.451553797999508344e-01
-2.378729815410679516e-01
-2.305404408940034955e-01
-2.237911762132227533e-01
-2.170182957996587003e-01
-2.099632545142184892e-01
-2.032263390649802215e-01
-1.961860786654483491e-01
-1.893832710776279793e-01
-1.823082960567432576e-01
-1.750228164989267032e-01
-1.676080765291260155e-01
-1.609086879746030041e-01
-1.543025023284030350e-01
-1.469447925215945361e-01
-1.397111910073164376e-01
-1.327399541858284016e-01
-1.260316656909139521e-01
-1.189515888798837739e-01
-1.116562531488597410e-01
-1.042302705673818775e-01
-9.763412377013769294e-02
-9.077534389946895210e-02
-8.346087331201201831e-02
-7.649584897666561467e-02
-6.940898352755198175e-02
-6.211222306705788121e-02
-5.508238613427640651e-02
-4.785389563999731255e-02
-4.107374576140898625e-02
-3.395926733301735112e-02
-2.658378309575648579e-02
-1.965919928070147815e-02
-1.263450329216198043e-02
-5.504595222896591089e-03
1.238599062827416830e-03
8.505817423551276235e-03
1.536930871518515929e-02
2.256672607992138424e-02
2.969997609473007394e-02
3.711760947312248149e-02
4.342823028191555856e-02
5.056457072904541050e-02
5.778484876912282076e-02
6.482154322646915823e-02
7.192251584008602094e-02
7.885826289878261619e-02
8.600751187700828027e-02
9.232871026060252007e-02
9.953120346807509122e-02
1.068056052970576264e-01
1.135541031034761339e-01
1.206541778026632983e-01
1.276419587339092665e-01
1.348506260058115469e-01
1.417359201347778708e-01
1.483122959151330633e-01
1.553976949793907103e-01
1.620370695970705377e-01
1.688046592478911201e-01
1.756677774904205069e-01
1.826480792497875427e-01
1.895004418277779212e-01
1.960606903728687733e-01
2.028051081673667433e-01
2.099049615074535247e-01
2.170146197949462952e-01
2.237026969231621365e-01
2.301906395201029909e-01
2.369446781930690804e-01
2.435621251199890924e-01
2.498562416353791171e-01
2.568381700649737809e-01
2.637622761862843390e-01
2.701364345742802708e-01
2.767291202886723589e-01
2.833490221590551084e-01
2.894060410171888087e-01
2.962322218518038675e-01
3.023093593230470333e-01
3.089811090703491470e-01
3.153745698560768140e-01
3.217660103570494368e-01
3.283134200149788740e-01
3.347462411608659316e-01
3.414788815245004550e-01
3.475820798373709941e-01
3.538373157781145029e-01
3.602234053961388405e-01
3.664308807595653139e-01
3.729708863818594899e-01
3.789095878162931363e-01
3.848399660786783194e-01
3.911719862714952978e-01
3.973075484783656908e-01
4.036845336607897128e-01
4.095918367054056652e-01
4.155717130303879792e-01
4.218025756192891329e-01
4.275315183435524080e-01
4.334691130584880092e-01
4.395310162336985016e-01
4.451979743046974303e-01
4.510809811401568226e-01
4.574357871607783732e-01
4.632618516725570679e-01
4.689861456161772413e-01
4.746527950503336424e-01
4.801472655182235094e-01
5.799319435862024807e-01
6.249091805918731701e-01
6.288816017152001336e-01
6.163514127653275665e-01
6.050053319015753495e-01
6.013515193116316659e-01
6.050112190849155080e-01
6.130602970071170610e-01
6.212420277987391604e-01
6.283895427652193000e-01
6.346614674387545119e-01
6.397221993361121850e-01
6.447544485607863418e-01
6.493169499659088295e-01
6.538515538695441887e-01
6.588421067164389466e-01
6.642322819287698188e-01
6.697292335716908962e-01
6.748262141698091465e-01
6.796541149915378277e-01
6.846557121178462602e-01
6.899506514731057472e-01
6.945686421914374353e-01
6.987962967593077668e-01
7.036242795848395293e-01
7.084315957860582991e-01
7.132880311404163898e-01
7.182461169093954378e-01
7.230249791941076865e-01
7.275411097828183848e-01
7.316190788792951150e-01
7.362114421150636190e-01
7.405151499217239586e-01
7.447741170677288913e-01
7.495835294046429009e-01
7.539409392370686191e-01
7.579899037346990998e-01
7.621560468933907817e-01
7.663111485288012226e-01
7.707688743162492973e-01
7.746644935489128692e-01
7.787086952011534891e-01
7.827774656574120193e-01
7.866922096802055897e-01
7.907612091671212262e-01
7.944051723024585510e-01
7.979120511113961811e-01
8.022814658597128279e-01
8.061085543696890898e-01
8.092501926858459704e-01
8.125519201095188215e-01
8.162903990417760269e-01
8.204446974262140646e-01
8.238034388739605696e-01
8.272970701624076106e-01
8.305710443942899701e-01
8.333532040223758930e-01
8.363689750006728651e-01
8.400156951010273598e-01
8.434506892348594409e-01
8.466001632257444953e-01
8.497523114589768944e-01
8.528934787378374960e-01
8.555975382299891852e-01
8.584555481170952351e-01
8.617246955909194650e-01
8.642717220670277367e-01
8.670184814163719444e-01
8.698604011819128790e-01
8.727178966085973322e-01
8.754093025920952620e-01
8.776567822713219336e-01
8.806280806292363650e-01
8.830165856627900656e-01
8.851321009379176097e-01
8.875721963480458498e-01
8.900128825420865475e-01
8.920425679606496239e-01
8.942922954223946341e-01
8.967863850103099388e-01
8.982513459821688251e-01
9.007876246967498890e-01
9.029996541349305517e-01
9.046694057583777315e-01
9.064471623948691104e-01
9.083559503899494292e-01
9.099503737930234593e-01
9.121634943721717015e-01
9.134999258626408380e-01
9.152520486703052960e-01
9.167580912579609276e-01
9.182095624055990335e-01
9.195677137393403200e-01
9.213269649418633911e-01
9.225333564809545805e-01
9.239140152296614339e-01
9.252482833048190081e-01
9.266498005123651183e-01
9.275916876801943989e-01
9.283254876545357082e-01
9.291373266471736336e-01
9.306751675419833170e-01
9.310621033557140436e-01
9.316894342432191500e-01
9.326875345806342477e-01
9.334089344365565921e-01
9.344814080410572821e-01
9.350317268795778070e-01
9.359197572010089505e-01
9.358994658348251949e-01
9.364223403413292068e-01
9.365208424640116824e-01
9.373441221432983195e-01
9.379670611812742642e-01
9.382534000423787823e-01
9.382874436151211750e-01
9.387480683597515529e-01
9.387130421656422197e-01
9.382643464780187070e-01
9.380117219508519177e-01
9.381960031486358265e-01
9.380645636931717046e-01
9.375779963981982768e-01
9.372377524724584408e-01
9.370854571853897141e-01
9.373153043643924764e-01
9.369363367460379344e-01
9.367918386182680912e-01
9.355998476497178196e-01
9.348478558809290018e-01
9.337806350315815962e-01
9.336875507118747031e-01
9.331846878527982891e-01
9.323244910042034483e-01
9.317445994108424223e-01
9.303795393415270620e-01
9.287468199288695381e-01
9.279642742792078014e-01
9.271315218216897858e-01
9.264669397487466096e-01
9.252023515980738466e-01
9.237383207512892547e-01
9.221901936128233945e-01
9.206307496216539210e-01
9.193881312166864994e-01
9.182957198363339568e-01
9.168200737761651453e-01
9.150749841548075914e-01
9.135163601702118719e-01
9.116754986902093627e-01
9.103136631058759143e-01
9.081130551977252274e-01
9.063322094692352060e-01
9.042695685692705432e-01
9.025019046794569011e-01
9.009143682840998757e-01
8.982827517750024970e-01
8.966574753189604507e-01
8.945912681640606490e-01
8.924311985801012259e-01
8.898514976232037021e-01
8.870703239741317692e-01
8.846344866343769375e-01
8.827109543837992067e-01
8.800588686477113232e-01
8.774865045309467870e-01
8.751998038537009972e-01
8.729250417319918132e-01
8.698658748049752365e-01
8.667675395177070197e-01
8.641776322350722683e-01
8.614154179517243826e-01
8.584659854157905556e-01
8.559627493063941550e-01
8.528633000240517514e-01
8.496151945414454065e-01
8.465391281775567212e-01
8.432523609589566149e-01
8.399678691828456056e-01
8.371199412081409275e-01
8.337222524690730552e-01
8.300195867719140086e-01
8.270753561198262993e-01
8.232909443088942680e-01
8.198024550395586196e-01
8.161088802285121346e-01
8.126749387388998436e-01
8.090003010480528722e-01
8.057304503989428657e-01
8.020697631949815776e-01
7.984873660105846760e-01
7.945985391161911604e-01
7.905367209724147859e-01
7.863181010949802374e-01
7.822835401825898316e-01
7.784055061816332888e-01
7.745164819274463763e-01
7.704843611506249079e-01
7.662624329065352846e-01
7.620379505904737449e-01
7.578801050294372565e-01
7.532920090412289493e-01
7.489412034341398350e-01
7.447194899269902191e-01
7.404774764849606505e-01
7.364725885135783301e-01
7.320411894048617363e-01
7.269800181479753043e-01
7.220939120650029519e-01
7.175229222480083990e-01
7.131873930585015398e-01
7.084702440024615022e-01
7.035382561740106677e-01
6.986438738306390839e-01
6.942915948800645332e-01
6.894760500941459203e-01
6.841314584376447794e-01
6.793183949783041520e-01
6.742983496187888726e-01
6.695891018350323964e-01
6.647837377362919575e-01
6.594575135731191029e-01
6.544757300834476155e-01
6.492105425072054459e-01
6.435190362528033781e-01
6.379666490108490962e-01
6.329611517111402019e-01
6.276446700248583532e-01
6.223397053963879433e-01
6.172553775640268192e-01
6.119884904539616421e-01
6.064347114528287896e-01
6.009434191656510826e-01
5.953057361295237548e-01
5.892407962305354907e-01
5.837636082269284099e-01
5.782465899034718859e-01
5.725090323606252252e-01
5.665651554618988950e-01
5.609407348713262298e-01
5.552291207940185380e-01
5.495211093239731337e-01
5.436235244950069490e-01
5.380668022785528581e-01
5.323413302732262764e-01
5.259229036176633620e-01
5.197174533448958300e-01
5.141540625241589613e-01
5.081116144476254259e-01
5.021510982746746343e-01
4.957514199035983893e-01
4.895250932038437419e-01
4.833658043781610125e-01
4.776816285459233313e-01
4.715212697129742558e-01
4.650663839677917633e-01
4.588711069582926960e-01
4.528170304059528917e-01
4.463051596439526758e-01
4.396046628796625999e-01
4.333950805738822076e-01
4.269920507549216371e-01
4.209411693004825317e-01
4.147667443734293080e-01
4.083271703751676363e-01
4.018618026106026697e-01
3.950254688714323059e-01
3.886981957357533712e-01
3.821843387828720573e-01
3.758420650022800125e-01
3.693533610203645345e-01
3.628135853509149022e-01
3.562766920196622777e-01
3.493467374208762966e-01
3.421251066883654879e-01
3.352343970512492444e-01
3.291200670697265185e-01
3.228958696812980200e-01
3.160877697579962398e-01
3.085580151621969414e-01
3.016027426499305886e-01
2.951244474637975124e-01
2.887954188676986611e-01
2.821956587866112365e-01
2.750255657128377607e-01
2.679861753336183483e-01
2.613629252219538124e-01
2.546267833925413004e-01
2.482169665444415863e-01
2.408294288346042311e-01
2.336068447493517830e-01
2.265426364573328577e-01
2.196528829642943048e-01
2.131091636827704416e-01
2.064085339993539936e-01
1.991610146187099417e-01
1.925590761643660720e-01
1.851119933017002506e-01
1.777990261354545076e-01
1.708756974026357511e-01
1.639911249969259188e-01
1.570051982641587074e-01
1.503329660801397960e-01
1.433492367725250904e-01
1.365011372441642390e-01
1.292650969921056436e-01
1.221820864975768917e-01
1.149946080232466805e-01
1.076432466448467018e-01
1.008361179096113336e-01
9.395798398716692645e-02
8.705197569728406748e-02
7.971355419096814998e-02
7.221835756178340837e-02
6.521779397541260792e-02
5.859859412662160594e-02
5.146170749465572847e-02
4.443071520841779254e-02
3.705644715495282071e-02
2.986691967529964131e-02
2.315174463932123672e-02
1.626071675391349558e-02
8.915611938832057604e-03
1.951881312814318647e-03
-5.105631694360068806e-03
-1.189153401988107817e-02
-1.913213399213309351e-02
-2.626469588253710352e-02
-3.339221336977682419e-02
-4.033649952239670711e-02
-4.742447417973205681e-02
-5.421054899713906305e-02
-6.177445773019774045e-02
-6.885091968694612152e-02
-7.548919579688229131e-02
-8.257176313841230186e-02
-8.962770992810076276e-02
-9.679121338600682467e-02
-1.037147803759979059e-01
-1.107289542472926769e-01
-1.176766046747218519e-01
-1.246306098658521710e-01
-1.315162084470585802e-01
-1.378832771984519479e-01
-1.450709216075665164e-01
-1.518567647695533429e-01
-1.591291210010353785e-01
-1.665589497311060763e-01
-1.731785943856237742e-01
-1.798385959102517528e-01
-1.870974790485945283e-01
-1.942866736974593334e-01
-2.005957468973548208e-01
-2.075771668427364158e-01
-2.141741644491077512e-01
-2.206035209270226227e-01
-2.276493565480748327e-01
-2.343389425676321025e-01
-2.411133508773630751e-01
-2.478280923104250189e-01
-2.547831091772266854e-01
-2.617545483065896184e-01
-2.681266439603675611e-01
-2.744638283825210356e-01
-2.811995360708892111e-01
-2.875055000587523057e-01
-2.942413611209516722e-01
-3.007597222674220916e-01
-3.072699974525576749e-01
-3.141273962235928696e-01
-3.206660378969956593e-01
-3.267758370262938694e-01
-3.329633830543301531e-01
-3.395349209596574269e-01
-3.461336663892197185e-01
-3.528154780398267132e-01
-3.589777738490070869e-01
-3.654063684804341738e-01
-3.719015704272564671e-01
-3.780597360297293097e-01
-3.841274598448102262e-01
-3.904650947853938181e-01
-3.967029102658876649e-01
-4.026962693811710903e-01
-4.089742381867402798e-01
-4.154763226025671718e-01
-4.215884620125549542e-01
-4.271227327471930346e-01
-4.328660722142114725e-01
-4.394245912062657577e-01
-4.455867674589114591e-01
-4.516207462249230975e-01
-4.574473767063599317e-01
-4.632734622079484055e-01
-4.692284134632561665e-01
-4.751007924289691875e-01
-4.808563227031710241e-01
-4.860806173993996726e-01
-4.924490729465753613e-01
-4.979261211717128655e-01
-5.977298114925823080e-01
-6.428307498895431404e-01
-6.466374645567386503e-01
-6.340646404384082668e-01
-6.222960824125813861e-01
-6.187359116453823304e-01
-6.227928923165727548e-01
-6.308576689276449434e-01
-6.388950777816028159e-01
-6.465713035960355404e-01
-6.523398218377941538e-01
-6.568879550281827573e-01
-6.621913528430184437e-01
-6.670805403481196993e-01
-6.722170847867239285e-01
-6.775121327158452056e-01
-6.822328030855807635e-01
-6.872019974745058324e-01
-6.928633599537263876e-01
-6.978861368694424527e-01
-7.027263937747854072e-01
-7.070875532895855020e-01
-7.119615980239885067e-01
-7.169189207461983404e-01
-7.216025846829680068e-01
-7.266794542367336351e-01
-7.315246074497580020e-01
-7.356878920629498220e-01
-7.405756807676965314e-01
-7.448680143146418908e-01
-7.493072628712382777e-01
-7.543526175827892644e-01
-7.589864083301648412e-01
-7.631148163111050042e-01
-7.672546566582341132e-01
-7.716202334190456202e-01
-7.758418421633038742e-01
-7.796868963761525162e-01
-7.844260907741500422e-01
-7.885840467550636612e-01
-7.927373082127658899e-01
-7.965782325979461342e-01
-8.004972936407440676e-01
-8.039824647830670079e-01
-8.081010984211133286e-01
-8.122801714073772938e-01
-8.161973875715660132e-01
-8.200877877822876361e-01
-8.234734165047342680e-01
-8.268057856915902448e-01
-8.307812442145262599e-01
-8.344630287358398846e-01
-8.378867915795297217e-01
-8.413835875948649790e-01
-8.448463360719614679e-01
-8.480093594024964432e-01
-8.517518486078842210e-01
-8.550758280243855314e-01
-8.583249491997235747e-01
-8.615351699434399269e-01
-8.645137407311466182e-01
-8.670275933661969470e-01
-8.703433883257076786e-01
-8.731934029213960224e-01
-8.763009909669733366e-01
-8.792894474613206501e-01
-8.821743971801681017e-01
-8.851492251500274744e-01
-8.879936330111746212e-01
-8.904701945183944867e-01
-8.927951164546670260e-01
-8.953186299490824007e-01
-8.977848805903135831e-01
-9.007118830184367431e-01
-9.030259100641956360e-01
-9.056379976451524039e-01
-9.075251336739853514e-01
-9.100241028519377995e-01
-9.119667262969045618e-01
-9.139722663222670240e-01
-9.159573374998870587e-01
-9.180530809102436240e-01
-9.202448325769665427e-01
-9.228877289124255423e-01
-9.248001067235975814e-01
-9.263900029415367277e-01
-9.278583833632580991e-01
-9.298544751892677818e-01
-9.315551239030014363e-01
-9.329611737767038449e-01
-9.346424786572328225e-01
-9.358683102848601720e-01
-9.373809942233322090e-01
-9.388744628820177018e-01
-9.404724005161597677e-01
-9.414191061596227650e-01
-9.426309087234926443e-01
-9.441378087289820087e-01
-9.452571426953852995e-01
-9.464244416371059287e-01
-9.473869739738063345e-01
-9.481283462490921465e-01
-9.491926510719281840e-01
-9.497370770318525057e-01
-9.508159098945838661e-01
-9.516661814778956119e-01
-9.522102696452406922e-01
-9.525280583794767386e-01
-9.531345137289861658e-01
-9.539946197134326900e-01
-9.547641405397712111e-01
-9.547130805552968003e-01
-9.549338115872728627e-01
-9.554067377302487563e-01
-9.557140703285312844e-01
-9.554695271709647830e-01
-9.558879131987225719e-01
-9.564150344221559186e-01
-9.564035642746659960e-01
-9.563054305293234858e-01
-9.562353656679306591e-01
-9.560998402484415237e-01
-9.553285446034465167e-01
-9.553024108010561566e-01
-9.549294786617451569e-01
-9.545250056710699038e-01
-9.547732601735106073e-01
-9.545485842450431857e-01
-9.532713482645874814e-01
-9.526275696398613935e-01
-9.521261376971323909e-01
-9.517676179340071041e-01
-9.509214649977139056e-01
-9.501584448343237677e-01
-9.491491858720791930e-01
-9.479341293006768865e-01
-9.468003728930568519e-01
-9.460738381948488041e-01
-9.450256963475283101e-01
-9.438686838909973176e-01
-9.429395288576642997e-01
-9.414196384014360541e-01
-9.402397316381267967e-01
-9.390286767036229998e-01
-9.375436457724504180e-01
-9.362442666326955543e-01
-9.349240193358980822e-01
-9.330063271596372720e-01
-9.307746114626752609e-01
-9.289516852324822827e-01
-9.275941456413079322e-01
-9.261449454238288581e-01
-9.244053399426093165e-01
-9.224206598853242900e-01
-9.203659098917114090e-01
-9.182166988031326138e-01
-9.162962180983583727e-01
-9.145113984412432950e-01
-9.120735443106695595e-01
-9.094763358300383960e-01
-9.076061717017296360e-01
-9.052598956256702190e-01
-9.028814737350557840e-01
-9.006304293335858357e-01
-8.979010222628687199e-01
-8.954325684928278184e-01
-8.932093809373100601e-01
-8.902323290308971071e-01
-8.873943633447197721e-01
-8.849651059549898946e-01
-8.815991901976076850e-01
-8.789257059735348099e-01
-8.760116877628434384e-01
-8.732640718195966434e-01
-8.702884010160062411e-01
-8.672396351603481879e-01
-8.640634369051326535e-01
-8.609438532697367696e-01
-8.575648805857326584e-01
-8.546124733219755409e-01
-8.517040832617681634e-01
-8.481782359833175411e-01
-8.450023931698467106e-01
-8.413405766847461553e-01
-8.381055272320736549e-01
-8.344862922179118181e-01
-8.310766348776837953e-01
-8.273038780685511018e-01
-8.234308322343565356e-01
-8.196657980783015329e-01
-8.154723188082982910e-01
-8.118171149796922226e-01
-8.081784527295440279e-01
-8.039864299980592488e-01
-8.009283484333196146e-01
-7.968172758972968950e-01
-7.924217965615923953e-01
-7.880612015877204168e-01
-7.838759457983656143e-01
-7.797923624143493493e-01
-7.753796510064205894e-01
-7.714790031618690147e-01
-7.666580124177698741e-01
-7.627008662596324040e-01
-7.580895752795300258e-01
-7.540776805382563008e-01
-7.494511868659288201e-01
-7.450723621894894677e-01
-7.404361522673923446e-01
-7.354578379763495599e-01
-7.304041360661471805e-01
-7.256408065900246118e-01
-7.214098699427324846e-01
-7.172395856331774677e-01
-7.123838168667020465e-01
-7.069517367091237015e-01
-7.019540277257305672e-01
-6.970095164689326106e-01
-6.919644850190991292e-01
-6.866867728038925645e-01
-6.816784821007842998e-01
-6.767630505876069957e-01
-6.721812520309640160e-01
-6.667260426844109356e-01
-6.612394637947943687e-01
-6.560900773807532005e-01
-6.506634631600775043e-01
-6.453535978863158551e-01
-6.401101362327267230e-01
-6.353718956679926810e-01
-6.298925092921535684e-01
-6.242987458106142862e-01
-6.187364474823879856e-01
-6.130372995841752992e-01
-6.073525949676138458e-01
-6.014396855012990040e-01
-5.958598575407449971e-01
-5.902662359396174674e-01
-5.844193657983339785e-01
-5.788320687171903955e-01
-5.733488439758389621e-01
-5.675387042339992139e-01
-5.614276418436758842e-01
-5.556934914183273566e-01
-5.498631670385861758e-01
-5.435645210044015574e-01
-5.372904359871654156e-01
-5.321113521546522174e-01
-5.258192101446127475e-01
-5.199330176211958143e-01
-5.136884052768777575e-01
-5.077528428311325337e-01
-5.017713223437226810e-01
-4.957675721884584608e-01
-4.889916139847741983e-01
-4.826763526422894746e-01
-4.764492086341703958e-01
-4.703064168017135893e-01
-4.644425147459230185e-01
-4.579942880270551075e-01
-4.516095682086984642e-01
-4.448813906323266787e-01
-4.383669133559464637e-01
-4.319224586262861987e-01
-4.258601871454175125e-01
-4.199002401872065082e-01
-4.131743951437215623e-01
-4.065645356144728106e-01
-3.999856242836358211e-01
-3.933738255711147769e-01
-3.868423999611593223e-01
-3.801443183513810720e-01
-3.733638702870791803e-01
-3.663904679747247428e-01
-3.599317181886079187e-01
-3.535427078364875575e-01
-3.472211827752630375e-01
-3.405464389150324456e-01
-3.335215660684071048e-01
-3.268750626333144504e-01
-3.201832869268116388e-01
-3.130707854538968826e-01
-3.064449492882829196e-01
-2.996556968826894485e-01
-2.929339020267945903e-01
-2.861646790649217120e-01
-2.791154185984737746e-01
-2.721547063840091818e-01
-2.655173996199493569e-01
-2.585482890933690214e-01
-2.514989126851616685e-01
-2.447567559333719833e-01
-2.379144122774619063e-01
-2.308052411707194329e-01
-2.240518108372896444e-01
-2.170468023692364579e-01
-2.098531663089943100e-01
-2.027412871157707741e-01
-1.958688494099988242e-01
-1.891711908583317836e-01
-1.820805002394934036e-01
-1.751007401620597870e-01
-1.680299143177534926e-01
-1.613347400869031834e-01
-1.539015612152866419e-01
-1.470415777336313568e-01
-1.400722439005448461e-01
-1.328745340480281811e-01
-1.260360129543016683e-01
-1.188855823809774614e-01
-1.115535371161285871e-01
-1.044719622444546525e-01
-9.778343012786760990e-02
-9.039187378245405746e-02
-8.308213621068316623e-02
-7.589169812290774697e-02
-6.928376776895961431e-02
-6.194704695450359289e-02
-5.544068548180691725e-02
-4.833221642330443046e-02
-4.105455525208301371e-02
-3.333220162002414888e-02
-2.638226040038771369e-02
-1.956447646210501823e-02
-1.303793794714347420e-02
-6.153409982837865222e-03
1.090589451226309237e-03
8.541121214966640451e-03
1.545288189420546132e-02
2.299500108008767363e-02
2.953243343745270977e-02
3.656985953479940932e-02
4.403798531852776144e-02
5.113146807407820127e-02
5.811294776074471535e-02
6.491546317617458151e-02
7.150276802933031028e-02
7.883833855165955917e-02
8.559740661651171756e-02
9.309297221772117048e-02
1.001712357593447233e-01
1.067800676679611094e-01
1.134144858784338350e-01
1.205732405939898833e-01
1.278398061818335485e-01
1.349672291833825533e-01
1.418663361453411653e-01
1.483238661969692451e-01
1.552285093340004529e-01
1.619710590799712246e-01
1.689427197419548499e-01
1.759110550760538683e-01
1.824479852192637530e-01
1.889698050284807085e-01
1.959588383555370683e-01
2.027440131197437712e-01
2.100682648848404277e-01
2.165851132332434759e-01
2.232811498592055521e-01
2.301179391732162127e-01
2.367073966709312138e-01
2.433914148983133963e-01
2.502760605695641960e-01
2.564863385833944243e-01
2.631479073806857194e-01
2.702737339681717810e-01
2.769377633421981066e-01
2.829174847691420247e-01
2.893860979225579833e-01
2.961258844918035482e-01
3.028548530656010040e-01
3.094247484605319176e-01
3.155843652813685729e-01
3.223179910442213192e-01
3.287823632171025245e-01
3.349056808141710473e-01
3.412885888899197528e-01
3.474442597934555010e-01
3.537456786987029922e-01
3.604421632195511371e-01
3.666028215417391767e-01
3.727315014694938533e-01
3.788095956901074146e-01
3.848022631479302014e-01
3.909160145586576540e-01
3.975208195593076255e-01
4.034353255485085832e-01
4.095692874981555764e-01
4.156196595065231314e-01
4.217510744559898050e-01
4.275776869714682515e-01
4.331964113381823189e-01
4.395370782961902645e-01
4.454451783736170789e-01
4.517138966258809063e-01
4.571858229329821555e-01
4.628368424026194639e-01
4.683907649272642804e-01
4.745909717338072653e-01
4.803713462499299425e-01
5.797547485485208263e-01
6.247610295067858033e-01
6.289156474093098304e-01
6.163365037970052196e-01
6.047230636419098637e-01
6.008843125278395814e-01
6.050233630107573202e-01
6.131482031903452423e-01
6.215755891830074820e-01
6.291623265421346645e-01
6.348159998277389526e-01
6.396230106903622037e-01
6.437135250167052014e-01
6.489018541515314542e-01
6.542207401363697716e-01
6.595370277730965292e-01
6.642894344895509118e-01
6.695892000906347175e-01
6.745072203173272385e-01
6.798744696168861346e-01
6.847759432493176757e-01
6.893459416383549421e-01
6.942676648580374810e-01
6.994977646193505372e-01
7.043041856091165620e-01
7.086245238388968470e-01
7.131299947502554026e-01
7.181346845314977578e-01
7.227732301692255668e-01
7.271426145887247561e-01
7.317215432145900422e-01
7.361103257354515428e-01
7.406412360753820145e-01
7.453396361868442899e-01
7.490523019648662739e-01
7.537165967353161022e-01
7.581304256850316392e-01
7.621282431352185416e-01
7.661532211030788186e-01
7.701883234230906261e-01
7.746968485735905574e-01
7.787747125391875080e-01
7.831349694064286826e-01
7.864610550878778916e-01
7.902704875563955067e-01
7.944363208787819097e-01
7.984011103369312856e-01
8.016802948110040017e-01
8.058019130510813977e-01
8.098351197400774915e-01
8.133866348930609558e-01
8.164313296779426299e-01
8.200754830244818550e-01
8.238826219188752908e-01
8.272172248796949567e-01
8.305500598190236339e-01
8.339537475810261391e-01
8.372030618159187476e-01
8.407893067986151880e-01
8.438302189475421766e-01
8.466670349391847150e-01
8.496299649553662459e-01
8.524612978108876415e-01
8.556895129817063683e-01
8.586350614404352211e-01
8.617583019838519487e-01
8.641949471166383567e-01
8.670892368448619436e-01
8.702500316266452707e-01
8.729014197521451912e-01
8.755072586838621440e-01
8.780970897296298538e-01
8.806618630109881440e-01
8.832769743132729001e-01
8.851031428358027142e-01
8.871723774092088455e-01
8.900358285291332106e-01
8.925385889719934518e-01
8.945346294570128975e-01
8.966933556032756769e-01
8.986684929562898105e-01
9.008378683872195758e-01
9.026568688733220824e-01
9.044390265491899505e-01
9.062990985188803528e-01
9.083461014882772133e-01
9.102697051304204923e-01
9.120504435613185912e-01
9.138408417988699295e-01
9.150357977541461185e-01
9.167963190381442917e-01
9.182997920131952263e-01
9.195248679753718068e-01
9.206376093800088256e-01
9.222221126261331836e-01
9.240765677462605687e-01
9.251206988478486437e-01
9.264119942536694907e-01
9.272528924649521276e-01
9.285431622946647146e-01
9.295379116215713999e-01
9.306439962164290147e-01
9.308742056069718718e-01
9.320202961324013380e-01
9.329710026527948674e-01
9.335768347408190948e-01
9.342290374388426688e-01
9.348117345267836775e-01
9.356089034944716776e-01
9.360479689198313302e-01
9.369090953056740112e-01
9.374230446731472988e-01
9.372110670623441386e-01
9.375035668522400112e-01
9.379232141976501236e-01
9.383828545765482421e-01
9.385922353248190575e-01
9.382663098418504433e-01
9.382795735172009266e-01
9.386687177488455269e-01
9.384035385896425385e-01
9.378004756095379424e-01
9.376519825245908102e-01
9.372586914139902081e-01
9.369003409699132590e-01
9.368889576062542357e-01
9.366056891352172453e-01
9.365437390047248734e-01
9.361578176268381402e-01
9.351853165301746706e-01
9.344170524900108354e-01
9.335335227643439815e-01
9.325804718053973819e-01
9.316528856833543593e-01
9.310666221740917514e-01
9.305370221789643903e-01
9.293389080513805300e-01
9.284673342343410241e-01
9.271651189390126557e-01
9.255352997607020349e-01
9.245672921235779107e-01
9.237178668442767027e-01
9.224911108186462094e-01
9.210940422578062226e-01
9.195782523858384572e-01
9.186386680811893246e-01
9.168359632766680534e-01
9.154339320936231150e-01
9.136419624356677538e-01
9.114244423119999272e-01
9.100960173618375393e-01
9.086167226516921325e-01
9.060656130288351484e-01
9.046106404061788897e-01
9.027927791703347360e-01
9.006639882292346577e-01
8.983289693666847153e-01
8.968038206887398722e-01
8.946397040402529477e-01
8.921723517597626163e-01
8.897975211337723067e-01
8.875146475650865785e-01
8.851973434682349762e-01
8.826205806387803499e-01
8.798296169556862889e-01
8.773240769414996088e-01
8.749924031053637474e-01
8.723655966526167038e-01
8.698300553316073991e-01
8.670657217691484231e-01
8.643949607368939247e-01
8.614939350577857091e-01
8.584906614263616564e-01
8.552856051947343996e-01
8.523834883662686490e-01
8.496023633820641852e-01
8.466007953770655625e-01
8.432669504548016004e-01
8.398795870562083543e-01
8.367687506470531389e-01
8.338143860091293824e-01
8.307201979558158644e-01
8.273096381221307638e-01
8.236129554311844014e-01
8.198348803704960108e-01
8.161667628830457932e-01
8.124180834636889337e-01
8.090763728265870647e-01
8.053901922820045911e-01
8.018810064534591664e-01
7.982286661398347860e-01
7.942096062692769465e-01
7.904903186404168558e-01
7.866515183980027359e-01
7.823118546230773962e-01
7.784837980802308266e-01
7.748788970050497493e-01
7.703580769746962709e-01
7.661016411174159657e-01
7.619805145722922113e-01
7.577326119294298667e-01
7.534539349595377189e-01
7.491149514128720988e-01
7.446722830346970134e-01
7.397638531553070163e-01
7.354141927048829519e-01
7.313635188468197157e-01
7.273395082846036974e-01
7.231836340227970616e-01
7.182664714924498206e-01
7.130827533050081435e-01
7.079537168657565882e-01
7.037746874013977028e-01
6.991124595741780023e-01
6.942098935271416860e-01
6.894241903632463142e-01
6.844605556243152922e-01
6.796825308729637083e-01
6.741151692180835653e-01
6.691379101264032236e-01
6.640066953745757949e-01
6.591123078897851428e-01
6.542366097198963892e-01
6.491580490089972066e-01
6.436697283549108750e-01
6.380653212524465268e-01
6.326394957393346452e-01
6.272902762770740104e-01
6.219662172899689256e-01
6.171413480244154481e-01
6.114580403046658841e-01
6.057818937449894747e-01
6.004573001800452836e-01
5.952421509196086369e-01
5.898129392186490794e-01
5.839213470322079935e-01
5.778910675849657785e-01
5.724891904904041429e-01
5.665004368542099211e-01
5.607444324654751178e-01
5.551052767554209844e-01
5.495145253744511127e-01
5.438928433208674029e-01
5.379992151277008805e-01
5.321285205557728659e-01
5.260504178834082278e-01
5.200549630965667358e-01
5.139918388808495386e-01
5.080159118762934689e-01
5.021016590909936905e-01
4.960817794658283209e-01
4.899790444029576975e-01
4.837171940602331688e-01
4.778161106094329647e-01
4.714803958551783136e-01
4.654674583033795443e-01
4.587241406310511582e-01
4.525410904779221255e-01
4.458813004928230406e-01
4.398583855451705382e-01
4.335120365379565577e-01
4.273979554738787101e-01
4.205206234647846930e-01
4.143844184811427134e-01
4.077835565846612553e-01
4.016267130817368081e-01
3.950700065822445595e-01
3.884511538520314389e-01
3.824151861919573570e-01
3.756296530534826150e-01
3.688003198182230324e-01
3.621538598586540036e-01
3.555740386035268763e-01
3.490338816013434098e-01
3.424407152463573301e-01
3.358355438522153680e-01
3.292285835320569731e-01
3.227029546603830124e-01
3.154763027613114446e-01
3.088216342856981989e-01
3.022281780133198037e-01
2.956673062790513562e-01
2.887411834314206338e-01
2.818427051741765332e-01
2.751050980284446279e-01
2.687224325421937454e-01
2.617667806195413949e-01
2.543579323018376748e-01
2.472044834671123237e-01
2.403536273717292726e-01
2.337794424246624203e-01
2.270469703612718604e-01
2.199302240018936594e-01
2.130433975711525374e-01
2.065634047023139352e-01
1.994248191634937495e-01
1.917644897073671473e-01
1.848647115196855317e-01
1.777952035096290739e-01
1.713564050595266508e-01
1.645179310833042585e-01
1.572785316590512572e-01
1.500235871408506227e-01
1.432804418695412529e-01
1.359942813239456427e-01
1.291873368199105698e-01
1.218024728591047268e-01
1.147901672014142171e-01
1.082449693139437841e-01
1.010948275908247762e-01
9.430023980271196038e-02
8.698186161628029822e-02
7.965201181935976926e-02
7.253689550646247319e-02
6.507810217152032450e-02
5.798062601843700925e-02
5.103406845304903072e-02
4.408078439679163907e-02
3.777174420952178480e-02
3.082313608245490499e-02
2.329328220274939909e-02
1.606613475672991065e-02
8.708851156262742421e-03
1.628450596570019115e-03
-5.334649141948921702e-03
-1.241968918404268152e-02
-1.926089654127449702e-02
-2.615140629108336778e-02
-3.352832226724156151e-02
-4.063070860570405785e-02
-4.745245308782553018e-02
-5.455854386243286225e-02
-6.134584397709375025e-02
-6.852541046965254790e-02
-7.573523140943339005e-02
-8.284903618741457088e-02
-8.989277793658911886e-02
-9.676161344218603411e-02
-1.035211324136213751e-01
-1.107143091683582270e-01
-1.179581724279898935e-01
-1.245474137685732563e-01
-1.315385876713207614e-01
-1.385932858021220460e-01
-1.456266380097559487e-01
-1.524411350268224385e-01
-1.591593113235916235e-01
-1.662721365920134531e-01
-1.729677632913307894e-01
-1.800252994413398255e-01
-1.868340613800342220e-01
-1.936720465234997857e-01
-1.994599531756022781e-01
-2.067200218757789809e-01
-2.143165996087190717e-01
-2.210431298156493307e-01
-2.276653968908135539e-01
-2.344095345752549298e-01
-2.411720284470334486e-01
-2.478515048417705424e-01
-2.543085087233507569e-01
-2.605952510231617225e-01
-2.676633438487158179e-01
-2.742633229192066313e-01
-2.812679622514252520e-01
-2.879955953779301803e-01
-2.945550517097075272e-01
-3.008569127855864611e-01
-3.071183368867351771e-01
-3.138394814147261735e-01
-3.202713203400022746e-01
-3.268823712368756906e-01
-3.333296985089532205e-01
-3.398263076764479473e-01
-3.462640551221369822e-01
-3.526363291210330431e-01
-3.591378372180414891e-01
-3.657602055110708017e-01
-3.716508586543710857e-01
-3.779185278526405734e-01
-3.838506276777401416e-01
-3.898528486283382444e-01
-3.965174990723625559e-01
-4.030651659825587041e-01
-4.091286418159256755e-01
-4.152523940168826311e-01
-4.210079645690271155e-01
-4.268392476054255757e-01
-4.333797066800123554e-01
-4.395605447763962781e-01
-4.452021626868095661e-01
-4.513909682550668601e-01
-4.573393369500285965e-01
-4.633792709572220891e-01
-4.690064937226953168e-01
-4.752463919177356555e-01
-4.807451289178553688e-01
-4.867334741297174583e-01
-4.920261618201988707e-01
-4.977987592740135137e-01
-5.975491797879037836e-01
-6.429281915859593743e-01
-6.470703935097150694e-01
-6.344677627734144343e-01
-6.224048058920308435e-01
-6.187871443851058473e-01
-6.230198896830320132e-01
-6.310597903163930322e-01
-6.394956665707457466e-01
-6.467686538025330112e-01
-6.524485175930202496e-01
-6.574914132866339633e-01
-6.619965018356204212e-01
-6.666670678265120831e-01
-6.722223000762312939e-01
-6.775558490686968138e-01
-6.823602574829450429e-01
-6.876268553228882530e-01
-6.926394892619776034e-01
-6.974715700097192661e-01
-7.024672061178200977e-01
-7.074407202301259412e-01
-7.122458600570723553e-01
-7.171767203481621555e-01
-7.216906853961646551e-01
-7.265235172603141667e-01
-7.314547542415809067e-01
-7.360521886738140562e-01
-7.403531846461859356e-01
-7.447944952735638946e-01
-7.491781442733185248e-01
-7.540741658036281825e-01
-7.592144697677326581e-01
-7.634107377861283350e-01
-7.675302702245559994e-01
-7.719900502633023631e-01
-7.758622638103801483e-01
-7.797765971835317611e-01
-7.841247028629894089e-01
-7.888539824205167417e-01
-7.927265288791958131e-01
-7.966234031676663330e-01
-8.007113329681473379e-01
-8.046207810633660973e-01
-8.083959289664705006e-01
-8.119217993007168399e-01
-8.161294845098950868e-01
-8.199102460615904642e-01
-8.233289315596721281e-01
-8.272104034182035104e-01
-8.308706281511376579e-01
-8.344976816593003832e-01
-8.381944491750659143e-01
-8.415779778595038341e-01
-8.449571767876733475e-01
-8.485117410251916681e-01
-8.517813764963222400e-01
-8.547024075512638097e-01
-8.579986968839563577e-01
-8.615105496721213729e-01
-8.641278017837663583e-01
-8.672774856278436806e-01
-8.710155051994916686e-01
-8.737845177342393743e-01
-8.762635292145517507e-01
-8.795290402378839190e-01
-8.819952229222451923e-01
-8.846736823525958027e-01
-8.876807641068438226e-01
-8.901216838310574975e-01
-8.928732858885808366e-01
-8.957462880766741131e-01
-8.982812843844186768e-01
-9.006985160908727028e-01
-9.029555297736976405e-01
-9.051020919404664244e-01
-9.072727794303745430e-01
-9.096564965601772190e-01
-9.121028362491443442e-01
-9.145151083474587494e-01
-9.163630264476410048e-01
-9.183883130389887128e-01
-9.205634433885364620e-01
-9.222810752151161529e-01
-9.239770367591318978e-01
-9.261489500921072926e-01
-9.278944402032294203e-01
-9.298310401762079902e-01
-9.315244211514425166e-01
-9.331826404889482784e-01
-9.343971496310672364e-01
-9.358453524382894795e-01
-9.378653877117699711e-01
-9.389720359095405922e-01
-9.402352249158013597e-01
-9.416046035843237405e-01
-9.430834275971392566e-01
-9.436299942712367272e-01
-9.450439847631912915e-01
-9.465470228224261984e-01
-9.475426219574785147e-01
-9.479170175784134011e-01
-9.489115203205870097e-01
-9.499055145458499272e-01
-9.509226787991735819e-01
-9.512994246498465145e-01
-9.518135021462057477e-01
-9.525368104879816666e-01
-9.532823383479126500e-01
-9.541819517009855200e-01
-9.545316460745880693e-01
-9.550853004917883027e-01
-9.554367187287539087e-01
-9.552181256545224652e-01
-9.554990459028545047e-01
-9.557988586266503717e-01
-9.558197812324124021e-01
-9.560373493754183993e-01
-9.561260576120502730e-01
-9.561154406789341698e-01
-9.564005959140274848e-01
-9.561883882455844974e-01
-9.558894888075372132e-01
-9.552512436579206900e-01
-9.552134722459471039e-01
-9.548496695707739956e-01
-9.549321679956506159e-01
-9.540036646115140906e-01
-9.532705162148260580e-01
-9.534466949545162828e-01
-9.521863571896915790e-01
-9.514442112905328042e-01
-9.503799163188546562e-01
-9.498158664567768472e-01
-9.492530403879527734e-01
-9.483617082030150192e-01
-9.470300828674738103e-01
-9.461568449112348622e-01
-9.453209765455085067e-01
-9.441846017217357945e-01
-9.427569739001284699e-01
-9.413018495221763260e-01
-9.403360479078287648e-01
-9.387780808702700375e-01
-9.369950922664145310e-01
-9.361477499132206948e-01
-9.345444309635070335e-01
-9.329383421688646205e-01
-9.311217227479915426e-01
-9.298464492800917469e-01
-9.277252040795531673e-01
-9.262932102890658603e-01
-9.243006056682588900e-01
-9.224204593391789331e-01
-9.200257353573533248e-01
-9.184532434868970530e-01
-9.162269141294814290e-01
-9.145341838570175685e-01
-9.122327956806259852e-01
-9.099431674021104532e-01
-9.076194108666697513e-01
-9.049688130236518413e-01
-9.024692021365297023e-01
-9.006014251238412260e-01
-8.976504527845292625e-01
-8.952527785246615633e-01
-8.930481339104858751e-01
-8.903079785653744693e-01
-8.873776221396383335e-01
-8.845980152003619645e-01
-8.822125115787173844e-01
-8.795978018612402582e-01
-8.765463853733137523e-01
-8.736370181557390202e-01
-8.709618523549409463e-01
-8.677788972184373728e-01
-8.643098514840573676e-01
-8.606040442958601266e-01
-8.574854206225381859e-01
-8.540367487583523376e-01
-8.513400312419208138e-01
-8.482261048504142753e-01
-8.447798638140682215e-01
-8.420242671657376388e-01
-8.378478622540910248e-01
-8.341015436498423474e-01
-8.305446221297358989e-01
-8.272452729890289458e-01
-8.236598761127595925e-01
-8.199070403308155175e-01
-8.160310194015665264e-01
-8.121580357150947060e-01
-8.083375962192178577e-01
-8.041791016387946911e-01
-8.002291322528207740e-01
-7.960880472528799601e-01
-7.919278533457599911e-01
-7.879999743581322935e-01
-7.836718819675752012e-01
-7.796977121646933018e-01
-7.757782004189153202e-01
-7.711886027266814381e-01
-7.669622353339832221e-01
-7.626118597557137724e-01
-7.581000159210532496e-01
-7.538513858625662811e-01
-7.493286922014987805e-01
-7.451515255191850651e-01
-7.404505581796740898e-01
-7.355448714902707019e-01
-7.308377201259588229e-01
-7.256333077146507327e-01
-7.211691592450506505e-01
-7.167172240886486856e-01
-7.118693192899854250e-01
-7.067213441570743271e-01
-7.022954121865609967e-01
-6.972864694935765328e-01
-6.923123310085941284e-01
-6.872652524840645594e-01
-6.820332634242334269e-01
-6.767093945246529518e-01
-6.717832896630625550e-01
-6.668228330062107023e-01
-6.613829156490055317e-01
-6.561633930456594044e-01
-6.507475088828641452e-01
-6.458912156840028729e-01
-6.404132431396248881e-01
-6.348823860554716481e-01
-6.295023593822633989e-01
-6.242735262569226729e-01
-6.187978898837229735e-01
-6.129348645381582639e-01
-6.071446326113971725e-01
-6.014957015150912412e-01
-5.958467241263122327e-01
-5.899695113285247094e-01
-5.846684989631398821e-01
-5.788722793070064654e-01
-5.729900789230384373e-01
-5.674726834323564617e-01
-5.612012531748007405e-01
-5.559178865036870087e-01
-5.500832347897869345e-01
-5.436056004846477885e-01
-5.379193642643883555e-01
-5.316940146359285801e-01
-5.255499581926926789e-01
-5.197353691313366664e-01
-5.138382555149008102e-01
-5.075500136550317176e-01
-5.009966487018744363e-01
-4.951039273243850181e-01
-4.890275605303713302e-01
-4.829282584766758646e-01
-4.769647554414234714e-01
-4.703932680229570007e-01
-4.638206162850793124e-01
-4.577831728603598549e-01
-4.517172150678050446e-01
-4.456489650681874082e-01
-4.394538218531977014e-01
-4.324431893049620612e-01
-4.257955746218613502e-01
-4.193550665469671923e-01
-4.126188300564592737e-01
-4.064964488194618975e-01
-4.001298794560170791e-01
-3.931697352511605015e-01
-3.863738651482492292e-01
-3.802929510105741429e-01
-3.738436298946851144e-01
-3.670140704412745425e-01
-3.605080524600510206e-01
-3.533655244141243879e-01
-3.468517194364494349e-01
-3.401806295822211723e-01
-3.332532927337752415e-01
-3.269609426721672429e-01
-3.202399975237654184e-01
-3.137092506044154572e-01
-3.066401599342725159e-01
-2.997392728642693793e-01
-2.929785010324849059e-01
-2.859196879323576690e-01
-2.787707269049348735e-01
-2.721742691723022523e-01
-2.648520753187085797e-01
-2.582605955492965899e-01
-2.518623620591995405e-01
-2.450129699361809354e-01
-2.379686368179421141e-01
-2.305850783935909920e-01
-2.238654274803820732e-01
-2.166287096059136275e-01
-2.098403848245936620e-01
-2.027163157412189554e-01
-1.964593745062416241e-01
-1.892302906143413788e-01
-1.819220492781994380e-01
-1.754522604794772622e-01
-1.681951206273822885e-01
-1.610456394917207934e-01
-1.538675645380124246e-01
-1.467770987459005028e-01
-1.400222539477340433e-01
-1.329996661981625028e-01
-1.257263046999952394e-01
-1.187067362077101063e-01
-1.114763261226017210e-01
-1.042571293473827376e-01
-9.736192911065866262e-02
-9.001385233546277398e-02
-8.376591442186909209e-02
-7.637842442248654606e-02
-6.940921968727875591e-02
-6.224165804866854668e-02
-5.471081937522792593e-02
-4.738272866325698995e-02
-4.054672697748462618e-02
-3.435761526354208506e-02
-2.692056984183177626e-02
-1.988716325422790199e-02
-1.267195464149328821e-02
-5.461879089861509939e-03
1.822461224190830009e-03
8.704423667592164904e-03
1.550771394961714122e-02
2.208285506126506093e-02
2.949707990368333199e-02
3.636004569119388741e-02
4.395075372592605056e-02
5.078258492849840877e-02
5.763369016622443830e-02
6.500602106233377420e-02
7.207354477793326275e-02
7.868507008091962796e-02
8.556605603876343835e-02
9.298503271318736552e-02
9.987874544758312823e-02
1.067552631064869750e-01
1.134840981768945323e-01
1.202405761552483021e-01
1.275618500313016046e-01
1.347067896577498480e-01
1.413668095892206544e-01
1.483458250250975219e-01
1.551491765381656229e-01
1.621246258823305642e-01
1.690458527042550951e-01
1.762357519148167739e-01
1.825936026995491623e-01
1.898674888704021679e-01
1.964165399013466651e-01
2.029564971705994925e-01
2.093253509128303325e-01
2.161857960455677574e-01
2.228544185579039993e-01
2.299763405816577233e-01
2.367373769033052078e-01
2.435719884277702807e-01
2.501839035565338598e-01
2.571978963991781164e-01
2.632879342574199200e-01
2.698533164675551710e-01
2.761331617886155776e-01
2.833072940282448382e-01
2.899797499893579378e-01
2.964847597783688560e-01
3.023472378993758980e-01
3.086291497824618091e-01
3.151743527404533562e-01
3.218355547397606653e-01
3.285731528715629679e-01
3.348127872451271969e-01
3.413516785535422038e-01
3.477705023499289005e-01
3.539624111863766132e-01
3.600552741958438219e-01
3.663084523774315926e-01
3.725942676788178698e-01
3.786496206646581264e-01
3.845732151013456779e-01
3.912714780488038002e-01
3.974940640926056812e-01
4.034503139202718636e-01
4.094890657770826614e-01
4.157293169337172856e-01
4.213324394819610852e-01
4.276035764136238981e-01
4.334371231125246915e-01
4.396563815958369759e-01
4.451119305330988318e-01
4.510907294112675991e-01
4.572680716066965800e-01
4.630282797404770001e-01
1.000000000000000000e+00
1.000000000000000000e+00
1.000000000000000000e+00
1.000000000000000000e+00
1.000000000000000000e+00
1.000000000000000000e+00
1.000000000000000000e+00
1.000000000000000000e+00
1.000000000000000000e+00
1.000000000000000000e+00
1.000000000000000000e+00
1.000000000000000000e+00
1.000000000000000000e+00
1.000000000000000000e+00
1.000000000000000000e+00
1.000000000000000000e+00
1.000000000000000000e+00
1.000000000000000000e+00
1.000000000000000000e+00
1.000000000000000000e+00
1.000000000000000000e+00
1.000000000000000000e+00
1.000000000000000000e+00
1.000000000000000000e+00
1.000000000000000000e+00
1.000000000000000000e+00
1.000000000000000000e+00
1.000000000000000000e+00
1.000000000000000000e+00
1.000000000000000000e+00
1.000000000000000000e+00
1.000000000000000000e+00
1.000000000000000000e+00
1.000000000000000000e+00
1.000000000000000000e+00
1.000000000000000000e+00
1.000000000000000000e+00
1.000000000000000000e+00
1.000000000000000000e+00
1.000000000000000000e+00
1.000000000000000000e+00
1.000000000000000000e+00
1.000000000000000000e+00
1.000000000000000000e+00
1.000000000000000000e+00
1.000000000000000000e+00
1.000000000000000000e+00
1.000000000000000000e+00
1.000000000000000000e+00
1.000000000000000000e+00
1.000000000000000000e+00
1.000000000000000000e+00
1.000000000000000000e+00
1.000000000000000000e+00
1.000000000000000000e+00
1.000000000000000000e+00
1.000000000000000000e+00
1.000000000000000000e+00
1.000000000000000000e+00
1.000000000000000000e+00
1.000000000000000000e+00
1.000000000000000000e+00
1.000000000000000000e+00
1.000000000000000000e+00
1.000000000000000000e+00
1.000000000000000000e+00
1.000000000000000000e+00
1.000000000000000000e+00
1.000000000000000000e+00
1.000000000000000000e+00
1.000000000000000000e+00
1.000000000000000000e+00
1.000000000000000000e+00
1.000000000000000000e+00
1.000000000000000000e+00
1.000000000000000000e+00
1.000000000000000000e+00
1.000000000000000000e+00
1.000000000000000000e+00
1.000000000000000000e+00
1.000000000000000000e+00
1.000000000000000000e+00
1.000000000000000000e+00
1.000000000000000000e+00
1.000000000000000000e+00
1.000000000000000000e+00
1.000000000000000000e+00
1.000000000000000000e+00
1.000000000000000000e+00
1.000000000000000000e+00
1.000000000000000000e+00
1.000000000000000000e+00
1.000000000000000000e+00
1.000000000000000000e+00
1.000000000000000000e+00
1.000000000000000000e+00
1.000000000000000000e+00
1.000000000000000000e+00
1.000000000000000000e+00
1.000000000000000000e+00
1.000000000000000000e+00
1.000000000000000000e+00
1.000000000000000000e+00
1.000000000000000000e+00
1.000000000000000000e+00
1.000000000000000000e+00
1.000000000000000000e+00
1.000000000000000000e+00
1.000000000000000000e+00
1.000000000000000000e+00
1.000000000000000000e+00
1.000000000000000000e+00
1.000000000000000000e+00
1.000000000000000000e+00
1.000000000000000000e+00
1.000000000000000000e+00
1.000000000000000000e+00
1.000000000000000000e+00
1.000000000000000000e+00
1.000000000000000000e+00
1.000000000000000000e+00
1.000000000000000000e+00
1.000000000000000000e+00
1.000000000000000000e+00
1.000000000000000000e+00
1.000000000000000000e+00
1.000000000000000000e+00
1.000000000000000000e+00
1.000000000000000000e+00
1.000000000000000000e+00
1.000000000000000000e+00
1.000000000000000000e+00
1.000000000000000000e+00
1.000000000000000000e+00
1.000000000000000000e+00
1.000000000000000000e+00
1.000000000000000000e+00
1.000000000000000000e+00
1.000000000000000000e+00
1.000000000000000000e+00
1.000000000000000000e+00
1.000000000000000000e+00
1.000000000000000000e+00
1.000000000000000000e+00
1.000000000000000000e+00
1.000000000000000000e+00
1.000000000000000000e+00
1.000000000000000000e+00
1.000000000000000000e+00
1.000000000000000000e+00
1.000000000000000000e+00
1.000000000000000000e+00
1.000000000000000000e+00
1.000000000000000000e+00
1.000000000000000000e+00
1.000000000000000000e+00
1.000000000000000000e+00
1.000000000000000000e+00
1.000000000000000000e+00
1.000000000000000000e+00
1.000000000000000000e+00
1.000000000000000000e+00
1.000000000000000000e+00
1.000000000000000000e+00
1.000000000000000000e+00
1.000000000000000000e+00
1.000000000000000000e+00
1.000000000000000000e+00
1.000000000000000000e+00
1.000000000000000000e+00
1.000000000000000000e+00
1.000000000000000000e+00
1.000000000000000000e+00
1.000000000000000000e+00
1.000000000000000000e+00
1.000000000000000000e+00
1.000000000000000000e+00
1.000000000000000000e+00
1.000000000000000000e+00
1.000000000000000000e+00
1.000000000000000000e+00
1.000000000000000000e+00
1.000000000000000000e+00
1.000000000000000000e+00
1.000000000000000000e+00
1.000000000000000000e+00
1.000000000000000000e+00
1.000000000000000000e+00
1.000000000000000000e+00
1.000000000000000000e+00
1.000000000000000000e+00
1.000000000000000000e+00
1.000000000000000000e+00
1.000000000000000000e+00
1.000000000000000000e+00
1.000000000000000000e+00
1.000000000000000000e+00
1.000000000000000000e+00
1.000000000000000000e+00
1.000000000000000000e+00
1.000000000000000000e+00
1.000000000000000000e+00
1.000000000000000000e+00
1.000000000000000000e+00
1.000000000000000000e+00
1.000000000000000000e+00
1.000000000000000000e+00
1.000000000000000000e+00
1.000000000000000000e+00
1.000000000000000000e+00
1.000000000000000000e+00
1.000000000000000000e+00
1.000000000000000000e+00
1.000000000000000000e+00
1.000000000000000000e+00
1.000000000000000000e+00
1.000000000000000000e+00
1.000000000000000000e+00
1.000000000000000000e+00
1.000000000000000000e+00
1.000000000000000000e+00
1.000000000000000000e+00
1.000000000000000000e+00
1.000000000000000000e+00
1.000000000000000000e+00
1.000000000000000000e+00
1.000000000000000000e+00
1.000000000000000000e+00
1.000000000000000000e+00
1.000000000000000000e+00
1.000000000000000000e+00
1.000000000000000000e+00
1.000000000000000000e+00
1.000000000000000000e+00
1.000000000000000000e+00
1.000000000000000000e+00
1.000000000000000000e+00
1.000000000000000000e+00
1.000000000000000000e+00
1.000000000000000000e+00
1.000000000000000000e+00
1.000000000000000000e+00
1.000000000000000000e+00
1.000000000000000000e+00
1.000000000000000000e+00
1.000000000000000000e+00
1.000000000000000000e+00
1.000000000000000000e+00
1.000000000000000000e+00
1.000000000000000000e+00
1.000000000000000000e+00
1.000000000000000000e+00
1.000000000000000000e+00
7.957091110276111046e-01
-1.000000000000000000e+00
-1.000000000000000000e+00
-1.000000000000000000e+00
-1.000000000000000000e+00
-1.000000000000000000e+00
-1.000000000000000000e+00
-1.000000000000000000e+00
-1.000000000000000000e+00
-1.000000000000000000e+00
-1.000000000000000000e+00
-1.000000000000000000e+00
-1.000000000000000000e+00
-1.000000000000000000e+00
-1.000000000000000000e+00
-1.000000000000000000e+00
-1.000000000000000000e+00
-1.000000000000000000e+00
-1.000000000000000000e+00
-1.000000000000000000e+00
-1.000000000000000000e+00
-1.000000000000000000e+00
-1.000000000000000000e+00
-1.000000000000000000e+00
-1.000000000000000000e+00
-1.000000000000000000e+00
-1.000000000000000000e+00
-1.000000000000000000e+00
-1.000000000000000000e+00
-1.000000000000000000e+00
-1.000000000000000000e+00
-1.000000000000000000e+00
-1.000000000000000000e+00
-1.000000000000000000e+00
-1.000000000000000000e+00
-1.000000000000000000e+00
-1.000000000000000000e+00
-1.000000000000000000e+00
-1.000000000000000000e+00
-1.000000000000000000e+00
-1.000000000000000000e+00
-1.000000000000000000e+00
-1.000000000000000000e+00
-1.000000000000000000e+00
-1.000000000000000000e+00
-1.000000000000000000e+00
-1.000000000000000000e+00
-1.000000000000000000e+00
-1.000000000000000000e+00
-1.000000000000000000e+00
-1.000000000000000000e+00
-1.000000000000000000e+00
-1.000000000000000000e+00
-1.000000000000000000e+00
-1.000000000000000000e+00
-1.000000000000000000e+00
-1.000000000000000000e+00
-1.000000000000000000e+00
-1.000000000000000000e+00
-1.000000000000000000e+00
-1.000000000000000000e+00
-1.000000000000000000e+00
-1.000000000000000000e+00
-1.000000000000000000e+00
-1.000000000000000000e+00
-1.000000000000000000e+00
-1.000000000000000000e+00
-1.000000000000000000e+00
-1.000000000000000000e+00
-1.000000000000000000e+00
-1.000000000000000000e+00
-1.000000000000000000e+00
-1.000000000000000000e+00
-1.000000000000000000e+00
-1.000000000000000000e+00
-1.000000000000000000e+00
-1.000000000000000000e+00
-1.000000000000000000e+00
-1.000000000000000000e+00
-1.000000000000000000e+00
-1.000000000000000000e+00
-1.000000000000000000e+00
-1.000000000000000000e+00
-1.000000000000000000e+00
-1.000000000000000000e+00
-1.000000000000000000e+00
-1.000000000000000000e+00
-1.000000000000000000e+00
-1.000000000000000000e+00
-1.000000000000000000e+00
-1.000000000000000000e+00
-1.000000000000000000e+00
-1.000000000000000000e+00
-1.000000000000000000e+00
-1.000000000000000000e+00
-1.000000000000000000e+00
-1.000000000000000000e+00
-1.000000000000000000e+00
-1.000000000000000000e+00
-1.000000000000000000e+00
-1.000000000000000000e+00
-1.000000000000000000e+00
-1.000000000000000000e+00
-1.000000000000000000e+00
-1.000000000000000000e+00
-1.000000000000000000e+00
-1.000000000000000000e+00
-1.000000000000000000e+00
-1.000000000000000000e+00
-1.000000000000000000e+00
-1.000000000000000000e+00
-1.000000000000000000e+00
-1.000000000000000000e+00
-1.000000000000000000e+00
-1.000000000000000000e+00
-1.000000000000000000e+00
-1.000000000000000000e+00
-1.000000000000000000e+00
-1.000000000000000000e+00
-1.000000000000000000e+00
-1.000000000000000000e+00
-1.000000000000000000e+00
-1.000000000000000000e+00
-1.000000000000000000e+00
-1.000000000000000000e+00
-1.000000000000000000e+00
-1.000000000000000000e+00
-1.000000000000000000e+00
-1.000000000000000000e+00
-1.000000000000000000e+00
-1.000000000000000000e+00
-1.000000000000000000e+00
-1.000000000000000000e+00
-1.000000000000000000e+00
-1.000000000000000000e+00
-1.000000000000000000e+00
-1.000000000000000000e+00
-1.000000000000000000e+00
-1.000000000000000000e+00
-1.000000000000000000e+00
-1.000000000000000000e+00
-1.000000000000000000e+00
-1.000000000000000000e+00
-1.000000000000000000e+00
-1.000000000000000000e+00
-1.000000000000000000e+00
-1.000000000000000000e+00
-1.000000000000000000e+00
-1.000000000000000000e+00
-1.000000000000000000e+00
-1.000000000000000000e+00
-1.000000000000000000e+00
-1.000000000000000000e+00
-1.000000000000000000e+00
-1.000000000000000000e+00
-1.000000000000000000e+00
-1.000000000000000000e+00
-1.000000000000000000e+00
-1.000000000000000000e+00
-1.000000000000000000e+00
-1.000000000000000000e+00
-1.000000000000000000e+00
-1.000000000000000000e+00
-1.000000000000000000e+00
-1.000000000000000000e+00
-1.000000000000000000e+00
-1.000000000000000000e+00
-1.000000000000000000e+00
-1.000000000000000000e+00
-1.000000000000000000e+00
-1.000000000000000000e+00
-1.000000000000000000e+00
-1.000000000000000000e+00
-1.000000000000000000e+00
-1.000000000000000000e+00
-1.000000000000000000e+00
-1.000000000000000000e+00
-1.000000000000000000e+00
-1.000000000000000000e+00
-1.000000000000000000e+00
-1.000000000000000000e+00
-1.000000000000000000e+00
-1.000000000000000000e+00
-1.000000000000000000e+00
-1.000000000000000000e+00
-1.000000000000000000e+00
-1.000000000000000000e+00
-1.000000000000000000e+00
-1.000000000000000000e+00
-1.000000000000000000e+00
-1.000000000000000000e+00
-1.000000000000000000e+00
-1.000000000000000000e+00
-1.000000000000000000e+00
-1.000000000000000000e+00
-1.000000000000000000e+00
-1.000000000000000000e+00
-1.000000000000000000e+00
-1.000000000000000000e+00
-1.000000000000000000e+00
-1.000000000000000000e+00
1.000000000000000000e+00
1.000000000000000000e+00
1.000000000000000000e+00
1.000000000000000000e+00
1.000000000000000000e+00
1.000000000000000000e+00
1.000000000000000000e+00
1.000000000000000000e+00
1.000000000000000000e+00
1.000000000000000000e+00
1.000000000000000000e+00
1.000000000000000000e+00
1.000000000000000000e+00
1.000000000000000000e+00
1.000000000000000000e+00
1.000000000000000000e+00
1.000000000000000000e+00
1.000000000000000000e+00
1.000000000000000000e+00
1.000000000000000000e+00
1.000000000000000000e+00
1.000000000000000000e+00
1.000000000000000000e+00
1.000000000000000000e+00
1.000000000000000000e+00
1.000000000000000000e+00
1.000000000000000000e+00
1.000000000000000000e+00
1.000000000000000000e+00
1.000000000000000000e+00
1.000000000000000000e+00
1.000000000000000000e+00
1.000000000000000000e+00
1.000000000000000000e+00
1.000000000000000000e+00
1.000000000000000000e+00
1.000000000000000000e+00
1.000000000000000000e+00
1.000000000000000000e+00
1.000000000000000000e+00
1.000000000000000000e+00
1.000000000000000000e+00
1.000000000000000000e+00
1.000000000000000000e+00
1.000000000000000000e+00
1.000000000000000000e+00
1.000000000000000000e+00
1.000000000000000000e+00
1.000000000000000000e+00
1.000000000000000000e+00
1.000000000000000000e+00
1.000000000000000000e+00
1.000000000000000000e+00
1.000000000000000000e+00
1.000000000000000000e+00
1.000000000000000000e+00
1.000000000000000000e+00
1.000000000000000000e+00
1.000000000000000000e+00
1.000000000000000000e+00
1.000000000000000000e+00
1.000000000000000000e+00
1.000000000000000000e+00
1.000000000000000000e+00
1.000000000000000000e+00
1.000000000000000000e+00
1.000000000000000000e+00
1.000000000000000000e+00
1.000000000000000000e+00
1.000000000000000000e+00
1.000000000000000000e+00
1.000000000000000000e+00
1.000000000000000000e+00
1.000000000000000000e+00
1.000000000000000000e+00
1.000000000000000000e+00
1.000000000000000000e+00
1.000000000000000000e+00
1.000000000000000000e+00
1.000000000000000000e+00
1.000000000000000000e+00
1.000000000000000000e+00
1.000000000000000000e+00
1.000000000000000000e+00
1.000000000000000000e+00
1.000000000000000000e+00
1.000000000000000000e+00
1.000000000000000000e+00
1.000000000000000000e+00
1.000000000000000000e+00
1.000000000000000000e+00
1.000000000000000000e+00
1.000000000000000000e+00
1.000000000000000000e+00
1.000000000000000000e+00
1.000000000000000000e+00
1.000000000000000000e+00
1.000000000000000000e+00
1.000000000000000000e+00
1.000000000000000000e+00
1.000000000000000000e+00
1.000000000000000000e+00
1.000000000000000000e+00
1.000000000000000000e+00
1.000000000000000000e+00
1.000000000000000000e+00
1.000000000000000000e+00
1.000000000000000000e+00
1.000000000000000000e+00
1.000000000000000000e+00
1.000000000000000000e+00
1.000000000000000000e+00
1.000000000000000000e+00
1.000000000000000000e+00
1.000000000000000000e+00
1.000000000000000000e+00
1.000000000000000000e+00
1.000000000000000000e+00
1.000000000000000000e+00
1.000000000000000000e+00
1.000000000000000000e+00
1.000000000000000000e+00
1.000000000000000000e+00
1.000000000000000000e+00
1.000000000000000000e+00
1.000000000000000000e+00
1.000000000000000000e+00
1.000000000000000000e+00
1.000000000000000000e+00
1.000000000000000000e+00
1.000000000000000000e+00
1.000000000000000000e+00
1.000000000000000000e+00
1.000000000000000000e+00
1.000000000000000000e+00
1.000000000000000000e+00
1.000000000000000000e+00
1.000000000000000000e+00
1.000000000000000000e+00
1.000000000000000000e+00
1.000000000000000000e+00
1.000000000000000000e+00
1.000000000000000000e+00
1.000000000000000000e+00
1.000000000000000000e+00
1.000000000000000000e+00
1.000000000000000000e+00
1.000000000000000000e+00
1.000000000000000000e+00
1.000000000000000000e+00
1.000000000000000000e+00
1.000000000000000000e+00
1.000000000000000000e+00
1.000000000000000000e+00
1.000000000000000000e+00
1.000000000000000000e+00
1.000000000000000000e+00
1.000000000000000000e+00
1.000000000000000000e+00
1.000000000000000000e+00
1.000000000000000000e+00
1.000000000000000000e+00
1.000000000000000000e+00
1.000000000000000000e+00
1.000000000000000000e+00
1.000000000000000000e+00
1.000000000000000000e+00
1.000000000000000000e+00
1.000000000000000000e+00
1.000000000000000000e+00
1.000000000000000000e+00
1.000000000000000000e+00
1.000000000000000000e+00
1.000000000000000000e+00
1.000000000000000000e+00
1.000000000000000000e+00
1.000000000000000000e+00
1.000000000000000000e+00
1.000000000000000000e+00
1.000000000000000000e+00
1.000000000000000000e+00
1.000000000000000000e+00
1.000000000000000000e+00
1.000000000000000000e+00
1.000000000000000000e+00
1.000000000000000000e+00
1.000000000000000000e+00
1.000000000000000000e+00
-1.000000000000000000e+00
-1.000000000000000000e+00
-1.000000000000000000e+00
-1.000000000000000000e+00
-1.000000000000000000e+00
-1.000000000000000000e+00
-1.000000000000000000e+00
-1.000000000000000000e+00
-1.000000000000000000e+00
-1.000000000000000000e+00
-1.000000000000000000e+00
-1.000000000000000000e+00
-1.000000000000000000e+00
-1.000000000000000000e+00
-1.000000000000000000e+00
-1.000000000000000000e+00
-1.000000000000000000e+00
-1.000000000000000000e+00
-1.000000000000000000e+00
-1.000000000000000000e+00
-1.000000000000000000e+00
-1.000000000000000000e+00
-1.000000000000000000e+00
-1.000000000000000000e+00
-1.000000000000000000e+00
-1.000000000000000000e+00
-1.000000000000000000e+00
-1.000000000000000000e+00
-1.000000000000000000e+00
-1.000000000000000000e+00
-1.000000000000000000e+00
-1.000000000000000000e+00
-1.000000000000000000e+00
-1.000000000000000000e+00
-1.000000000000000000e+00
-1.000000000000000000e+00
-1.000000000000000000e+00
-1.000000000000000000e+00
-1.000000000000000000e+00
-1.000000000000000000e+00
-1.000000000000000000e+00
-1.000000000000000000e+00
-1.000000000000000000e+00
-1.000000000000000000e+00
-1.000000000000000000e+00
-1.000000000000000000e+00
-1.000000000000000000e+00
-1.000000000000000000e+00
-1.000000000000000000e+00
-1.000000000000000000e+00
-1.000000000000000000e+00
-1.000000000000000000e+00
-1.000000000000000000e+00
-1.000000000000000000e+00
-1.000000000000000000e+00
-1.000000000000000000e+00
-1.000000000000000000e+00
-1.000000000000000000e+00
-1.000000000000000000e+00
-1.000000000000000000e+00
-1.000000000000000000e+00
-1.000000000000000000e+00
-1.000000000000000000e+00
-1.000000000000000000e+00
-1.000000000000000000e+00
-1.000000000000000000e+00
-1.000000000000000000e+00
-1.000000000000000000e+00
-1.000000000000000000e+00
-1.000000000000000000e+00
-1.000000000000000000e+00
-1.000000000000000000e+00
-1.000000000000000000e+00
-1.000000000000000000e+00
-1.000000000000000000e+00
-1.000000000000000000e+00
-1.000000000000000000e+00
-1.000000000000000000e+00
-1.000000000000000000e+00
-1.000000000000000000e+00
-1.000000000000000000e+00
-1.000000000000000000e+00
-1.000000000000000000e+00
-1.000000000000000000e+00
-1.000000000000000000e+00
-1.000000000000000000e+00
-1.000000000000000000e+00
-1.000000000000000000e+00
-1.000000000000000000e+00
-1.000000000000000000e+00
-1.000000000000000000e+00
-1.000000000000000000e+00
-1.000000000000000000e+00
-1.000000000000000000e+00
-1.000000000000000000e+00
-1.000000000000000000e+00
-1.000000000000000000e+00
-1.000000000000000000e+00
-1.000000000000000000e+00
-1.000000000000000000e+00
-1.000000000000000000e+00
-1.000000000000000000e+00
-1.000000000000000000e+00
-1.000000000000000000e+00
-1.000000000000000000e+00
-1.000000000000000000e+00
-1.000000000000000000e+00
-1.000000000000000000e+00
-1.000000000000000000e+00
-1.000000000000000000e+00
-1.000000000000000000e+00
-1.000000000000000000e+00
-1.000000000000000000e+00
-1.000000000000000000e+00
-1.000000000000000000e+00
-1.000000000000000000e+00
-1.000000000000000000e+00
-1.000000000000000000e+00
-1.000000000000000000e+00
-1.000000000000000000e+00
-1.000000000000000000e+00
-1.000000000000000000e+00
-1.000000000000000000e+00
-1.000000000000000000e+00
-1.000000000000000000e+00
-1.000000000000000000e+00
-1.000000000000000000e+00
-1.000000000000000000e+00
-1.000000000000000000e+00
-1.000000000000000000e+00
-1.000000000000000000e+00
-1.000000000000000000e+00
-1.000000000000000000e+00
-1.000000000000000000e+00
-1.000000000000000000e+00
-1.000000000000000000e+00
-1.000000000000000000e+00
-1.000000000000000000e+00
-1.000000000000000000e+00
-1.000000000000000000e+00
-1.000000000000000000e+00
-1.000000000000000000e+00
-1.000000000000000000e+00
-1.000000000000000000e+00
-1.000000000000000000e+00
-1.000000000000000000e+00
-1.000000000000000000e+00
-1.000000000000000000e+00
-1.000000000000000000e+00
-1.000000000000000000e+00
-1.000000000000000000e+00
-1.000000000000000000e+00
-1.000000000000000000e+00
-1.000000000000000000e+00
-1.000000000000000000e+00
-1.000000000000000000e+00
-1.000000000000000000e+00
-1.000000000000000000e+00
-1.000000000000000000e+00
-1.000000000000000000e+00
-1.000000000000000000e+00
-1.000000000000000000e+00
-1.000000000000000000e+00
-1.000000000000000000e+00
-1.000000000000000000e+00
-1.000000000000000000e+00
-1.000000000000000000e+00
-1.000000000000000000e+00
-1.000000000000000000e+00
-1.000000000000000000e+00
-1.000000000000000000e+00
-1.000000000000000000e+00
-1.000000000000000000e+00
-1.000000000000000000e+00
-1.000000000000000000e+00
-1.000000000000000000e+00
-1.000000000000000000e+00
-1.000000000000000000e+00
-1.000000000000000000e+00
-1.000000000000000000e+00
-1.000000000000000000e+00
-1.000000000000000000e+00
-1.000000000000000000e+00
-1.000000000000000000e+00
-1.000000000000000000e+00
-1.000000000000000000e+00
-1.000000000000000000e+00
-1.000000000000000000e+00
-1.000000000000000000e+00
-1.000000000000000000e+00
-1.000000000000000000e+00
-1.000000000000000000e+00
-1.000000000000000000e+00
-1.000000000000000000e+00
-1.000000000000000000e+00
-1.000000000000000000e+00
-1.000000000000000000e+00
-1.000000000000000000e+00
-1.000000000000000000e+00
1.000000000000000000e+00
1.000000000000000000e+00
1.000000000000000000e+00
1.000000000000000000e+00
1.000000000000000000e+00
1.000000000000000000e+00
1.000000000000000000e+00
1.000000000000000000e+00
1.000000000000000000e+00
1.000000000000000000e+00
1.000000000000000000e+00
1.000000000000000000e+00
1.000000000000000000e+00
1.000000000000000000e+00
1.000000000000000000e+00
1.000000000000000000e+00
1.000000000000000000e+00
1.000000000000000000e+00
1.000000000000000000e+00
1.000000000000000000e+00
1.000000000000000000e+00
1.000000000000000000e+00
1.000000000000000000e+00
1.000000000000000000e+00
1.000000000000000000e+00
1.000000000000000000e+00
1.000000000000000000e+00
1.000000000000000000e+00
1.000000000000000000e+00
1.000000000000000000e+00
1.000000000000000000e+00
1.000000000000000000e+00
1.000000000000000000e+00
1.000000000000000000e+00
1.000000000000000000e+00
1.000000000000000000e+00
1.000000000000000000e+00
1.000000000000000000e+00
1.000000000000000000e+00
1.000000000000000000e+00
1.000000000000000000e+00
1.000000000000000000e+00
1.000000000000000000e+00
1.000000000000000000e+00
1.000000000000000000e+00
1.000000000000000000e+00
1.000000000000000000e+00
1.000000000000000000e+00
1.000000000000000000e+00
1.000000000000000000e+00
1.000000000000000000e+00
1.000000000000000000e+00
1.000000000000000000e+00
1.000000000000000000e+00
1.000000000000000000e+00
1.000000000000000000e+00
1.000000000000000000e+00
1.000000000000000000e+00
1.000000000000000000e+00
1.000000000000000000e+00
1.000000000000000000e+00
1.000000000000000000e+00
1.000000000000000000e+00
1.000000000000000000e+00
1.000000000000000000e+00
1.000000000000000000e+00
1.000000000000000000e+00
1.000000000000000000e+00
1.000000000000000000e+00
1.000000000000000000e+00
1.000000000000000000e+00
1.000000000000000000e+00
1.000000000000000000e+00
1.000000000000000000e+00
1.000000000000000000e+00
1.000000000000000000e+00
1.000000000000000000e+00
1.000000000000000000e+00
1.000000000000000000e+00
1.000000000000000000e+00
1.000000000000000000e+00
1.000000000000000000e+00
1.000000000000000000e+00
1.000000000000000000e+00
1.000000000000000000e+00
1.000000000000000000e+00
1.000000000000000000e+00
1.000000000000000000e+00
1.000000000000000000e+00
1.000000000000000000e+00
1.000000000000000000e+00
1.000000000000000000e+00
1.000000000000000000e+00
1.000000000000000000e+00
1.000000000000000000e+00
1.000000000000000000e+00
1.000000000000000000e+00
1.000000000000000000e+00
1.000000000000000000e+00
1.000000000000000000e+00
1.000000000000000000e+00
1.000000000000000000e+00
1.000000000000000000e+00
1.000000000000000000e+00
1.000000000000000000e+00
1.000000000000000000e+00
1.000000000000000000e+00
1.000000000000000000e+00
1.000000000000000000e+00
1.000000000000000000e+00
1.000000000000000000e+00
1.000000000000000000e+00
1.000000000000000000e+00
1.000000000000000000e+00
1.000000000000000000e+00
1.000000000000000000e+00
1.000000000000000000e+00
1.000000000000000000e+00
1.000000000000000000e+00
1.000000000000000000e+00
1.000000000000000000e+00
1.000000000000000000e+00
1.000000000000000000e+00
1.000000000000000000e+00
1.000000000000000000e+00
1.000000000000000000e+00
1.000000000000000000e+00
1.000000000000000000e+00
1.000000000000000000e+00
1.000000000000000000e+00
1.000000000000000000e+00
1.000000000000000000e+00
1.000000000000000000e+00
1.000000000000000000e+00
1.000000000000000000e+00
1.000000000000000000e+00
1.000000000000000000e+00
1.000000000000000000e+00
1.000000000000000000e+00
1.000000000000000000e+00
1.000000000000000000e+00
1.000000000000000000e+00
1.000000000000000000e+00
1.000000000000000000e+00
1.000000000000000000e+00
1.000000000000000000e+00
1.000000000000000000e+00
1.000000000000000000e+00
1.000000000000000000e+00
1.000000000000000000e+00
1.000000000000000000e+00
1.000000000000000000e+00
1.000000000000000000e+00
1.000000000000000000e+00
1.000000000000000000e+00
1.000000000000000000e+00
1.000000000000000000e+00
1.000000000000000000e+00
1.000000000000000000e+00
1.000000000000000000e+00
1.000000000000000000e+00
1.000000000000000000e+00
1.000000000000000000e+00
1.000000000000000000e+00
1.000000000000000000e+00
1.000000000000000000e+00
1.000000000000000000e+00
1.000000000000000000e+00
1.000000000000000000e+00
1.000000000000000000e+00
1.000000000000000000e+00
1.000000000000000000e+00
1.000000000000000000e+00
1.000000000000000000e+00
1.000000000000000000e+00
1.000000000000000000e+00
1.000000000000000000e+00
1.000000000000000000e+00
1.000000000000000000e+00
1.000000000000000000e+00
1.000000000000000000e+00
1.000000000000000000e+00
1.000000000000000000e+00
1.000000000000000000e+00
1.000000000000000000e+00
1.000000000000000000e+00
1.000000000000000000e+00
1.000000000000000000e+00
1.000000000000000000e+00
1.000000000000000000e+00
1.000000000000000000e+00
1.000000000000000000e+00
1.000000000000000000e+00
1.000000000000000000e+00
1.000000000000000000e+00
1.000000000000000000e+00
1.000000000000000000e+00
1.000000000000000000e+00
-1.000000000000000000e+00
-1.000000000000000000e+00
-1.000000000000000000e+00
-1.000000000000000000e+00
-1.000000000000000000e+00
-1.000000000000000000e+00
-1.000000000000000000e+00
-1.000000000000000000e+00
-1.000000000000000000e+00
-1.000000000000000000e+00
-1.000000000000000000e+00
-1.000000000000000000e+00
-1.000000000000000000e+00
-1.000000000000000000e+00
-1.000000000000000000e+00
-1.000000000000000000e+00
-1.000000000000000000e+00
-1.000000000000000000e+00
-1.000000000000000000e+00
-1.000000000000000000e+00
-1.000000000000000000e+00
-1.000000000000000000e+00
-1.000000000000000000e+00
-1.000000000000000000e+00
-1.000000000000000000e+00
-1.000000000000000000e+00
-1.000000000000000000e+00
-1.000000000000000000e+00
-1.000000000000000000e+00
-1.000000000000000000e+00
-1.000000000000000000e+00
-1.000000000000000000e+00
-1.000000000000000000e+00
-1.000000000000000000e+00
-1.000000000000000000e+00
-1.000000000000000000e+00
-1.000000000000000000e+00
-1.000000000000000000e+00
-1.000000000000000000e+00
-1.000000000000000000e+00
-1.000000000000000000e+00
-1.000000000000000000e+00
-1.000000000000000000e+00
-1.000000000000000000e+00
-1.000000000000000000e+00
-1.000000000000000000e+00
-1.000000000000000000e+00
-1.000000000000000000e+00
-1.000000000000000000e+00
-1.000000000000000000e+00
-1.000000000000000000e+00
-1.000000000000000000e+00
-1.000000000000000000e+00
-1.000000000000000000e+00
-1.000000000000000000e+00
-1.000000000000000000e+00
-1.000000000000000000e+00
-1.000000000000000000e+00
-1.000000000000000000e+00
-1.000000000000000000e+00
-1.000000000000000000e+00
-1.000000000000000000e+00
-1.000000000000000000e+00
-1.000000000000000000e+00
-1.000000000000000000e+00
-1.000000000000000000e+00
-1.000000000000000000e+00
-1.000000000000000000e+00
-1.000000000000000000e+00
-1.000000000000000000e+00
-1.000000000000000000e+00
-1.000000000000000000e+00
-1.000000000000000000e+00
-1.000000000000000000e+00
-1.000000000000000000e+00
-1.000000000000000000e+00
-1.000000000000000000e+00
-1.000000000000000000e+00
-1.000000000000000000e+00
-1.000000000000000000e+00
-1.000000000000000000e+00
-1.000000000000000000e+00
-1.000000000000000000e+00
-1.000000000000000000e+00
-1.000000000000000000e+00
-1.000000000000000000e+00
-1.000000000000000000e+00
-1.000000000000000000e+00
-1.000000000000000000e+00
-1.000000000000000000e+00
-1.000000000000000000e+00
-1.000000000000000000e+00
-1.000000000000000000e+00
-1.000000000000000000e+00
-1.000000000000000000e+00
-1.000000000000000000e+00
-1.000000000000000000e+00
-1.000000000000000000e+00
-1.000000000000000000e+00
-1.000000000000000000e+00
-1.000000000000000000e+00
-1.000000000000000000e+00
-1.000000000000000000e+00
-1.000000000000000000e+00
-1.000000000000000000e+00
-1.000000000000000000e+00
-1.000000000000000000e+00
-1.000000000000000000e+00
-1.000000000000000000e+00
-1.000000000000000000e+00
-1.000000000000000000e+00
-1.000000000000000000e+00
-1.000000000000000000e+00
-1.000000000000000000e+00
-1.000000000000000000e+00
-1.000000000000000000e+00
-1.000000000000000000e+00
-1.000000000000000000e+00
-1.000000000000000000e+00
-1.000000000000000000e+00
-1.000000000000000000e+00
-1.000000000000000000e+00
-1.000000000000000000e+00
-1.000000000000000000e+00
-1.000000000000000000e+00
-1.000000000000000000e+00
-1.000000000000000000e+00
-1.000000000000000000e+00
-1.000000000000000000e+00
-1.000000000000000000e+00
-1.000000000000000000e+00
-1.000000000000000000e+00
-1.000000000000000000e+00
-1.000000000000000000e+00
-1.000000000000000000e+00
-1.000000000000000000e+00
-1.000000000000000000e+00
-1.000000000000000000e+00
-1.000000000000000000e+00
-1.000000000000000000e+00
-1.000000000000000000e+00
-1.000000000000000000e+00
-1.000000000000000000e+00
-1.000000000000000000e+00
-1.000000000000000000e+00
-1.000000000000000000e+00
-1.000000000000000000e+00
-1.000000000000000000e+00
-1.000000000000000000e+00
-1.000000000000000000e+00
-1.000000000000000000e+00
-1.000000000000000000e+00
-1.000000000000000000e+00
-1.000000000000000000e+00
-1.000000000000000000e+00
-1.000000000000000000e+00
-1.000000000000000000e+00
-1.000000000000000000e+00
-1.000000000000000000e+00
-1.000000000000000000e+00
-1.000000000000000000e+00
-1.000000000000000000e+00
-1.000000000000000000e+00
-1.000000000000000000e+00
-1.000000000000000000e+00
-1.000000000000000000e+00
-1.000000000000000000e+00
-1.000000000000000000e+00
-1.000000000000000000e+00
-1.000000000000000000e+00
-1.000000000000000000e+00
-1.000000000000000000e+00
-1.000000000000000000e+00
-1.000000000000000000e+00
-1.000000000000000000e+00
-1.000000000000000000e+00
-1.000000000000000000e+00
-1.000000000000000000e+00
-1.000000000000000000e+00
-1.000000000000000000e+00
-1.000000000000000000e+00
-1.000000000000000000e+00
-1.000000000000000000e+00
-1.000000000000000000e+00
-1.000000000000000000e+00
-1.000000000000000000e+00
-1.000000000000000000e+00
-1.000000000000000000e+00
-1.000000000000000000e+00
-1.000000000000000000e+00
-1.000000000000000000e+00
-1.000000000000000000e+00
-1.000000000000000000e+00
-1.000000000000000000e+00
-1.000000000000000000e+00
-1.000000000000000000e+00
-1.000000000000000000e+00
-1.000000000000000000e+00
-1.000000000000000000e+00
-1.000000000000000000e+00
-1.000000000000000000e+00
-1.000000000000000000e+00
1.000000000000000000e+00
1.000000000000000000e+00
1.000000000000000000e+00
1.000000000000000000e+00
1.000000000000000000e+00
1.000000000000000000e+00
1.000000000000000000e+00
1.000000000000000000e+00
1.000000000000000000e+00
1.000000000000000000e+00
1.000000000000000000e+00
1.000000000000000000e+00
1.000000000000000000e+00
1.000000000000000000e+00
1.000000000000000000e+00
1.000000000000000000e+00
1.000000000000000000e+00
1.000000000000000000e+00
1.000000000000000000e+00
1.000000000000000000e+00
1.000000000000000000e+00
1.000000000000000000e+00
1.000000000000000000e+00
1.000000000000000000e+00
1.000000000000000000e+00
1.000000000000000000e+00
1.000000000000000000e+00
1.000000000000000000e+00
1.000000000000000000e+00
1.000000000000000000e+00
1.000000000000000000e+00
1.000000000000000000e+00
1.000000000000000000e+00
1.000000000000000000e+00
1.000000000000000000e+00
1.000000000000000000e+00
1.000000000000000000e+00
1.000000000000000000e+00
1.000000000000000000e+00
1.000000000000000000e+00
1.000000000000000000e+00
1.000000000000000000e+00
1.000000000000000000e+00
1.000000000000000000e+00
1.000000000000000000e+00
1.000000000000000000e+00
1.000000000000000000e+00
1.000000000000000000e+00
1.000000000000000000e+00
1.000000000000000000e+00
1.000000000000000000e+00
1.000000000000000000e+00
1.000000000000000000e+00
1.000000000000000000e+00
1.000000000000000000e+00
1.000000000000000000e+00
1.000000000000000000e+00
1.000000000000000000e+00
1.000000000000000000e+00
1.000000000000000000e+00
1.000000000000000000e+00
1.000000000000000000e+00
1.000000000000000000e+00
1.000000000000000000e+00
1.000000000000000000e+00
1.000000000000000000e+00
1.000000000000000000e+00
1.000000000000000000e+00
1.000000000000000000e+00
1.000000000000000000e+00
1.000000000000000000e+00
1.000000000000000000e+00
1.000000000000000000e+00
1.000000000000000000e+00
1.000000000000000000e+00
1.000000000000000000e+00
1.000000000000000000e+00
1.000000000000000000e+00
1.000000000000000000e+00
1.000000000000000000e+00
1.000000000000000000e+00
1.000000000000000000e+00
1.000000000000000000e+00
1.000000000000000000e+00
1.000000000000000000e+00
1.000000000000000000e+00
1.000000000000000000e+00
1.000000000000000000e+00
1.000000000000000000e+00
1.000000000000000000e+00
1.000000000000000000e+00
1.000000000000000000e+00
1.000000000000000000e+00
1.000000000000000000e+00
1.000000000000000000e+00
1.000000000000000000e+00
1.000000000000000000e+00
1.000000000000000000e+00
1.000000000000000000e+00
1.000000000000000000e+00
1.000000000000000000e+00
1.000000000000000000e+00
1.000000000000000000e+00
1.000000000000000000e+00
1.000000000000000000e+00
1.000000000000000000e+00
1.000000000000000000e+00
1.000000000000000000e+00
1.000000000000000000e+00
1.000000000000000000e+00
1.000000000000000000e+00
1.000000000000000000e+00
1.000000000000000000e+00
1.000000000000000000e+00
1.000000000000000000e+00
1.000000000000000000e+00
1.000000000000000000e+00
1.000000000000000000e+00
1.000000000000000000e+00
1.000000000000000000e+00
1.000000000000000000e+00
1.000000000000000000e+00
1.000000000000000000e+00
1.000000000000000000e+00
1.000000000000000000e+00
1.000000000000000000e+00
1.000000000000000000e+00
1.000000000000000000e+00
1.000000000000000000e+00
1.000000000000000000e+00
1.000000000000000000e+00
1.000000000000000000e+00
1.000000000000000000e+00
1.000000000000000000e+00
1.000000000000000000e+00
1.000000000000000000e+00
1.000000000000000000e+00
1.000000000000000000e+00
1.000000000000000000e+00
1.000000000000000000e+00
1.000000000000000000e+00
1.000000000000000000e+00
1.000000000000000000e+00
1.000000000000000000e+00
1.000000000000000000e+00
1.000000000000000000e+00
1.000000000000000000e+00
1.000000000000000000e+00
1.000000000000000000e+00
1.000000000000000000e+00
1.000000000000000000e+00
1.000000000000000000e+00
1.000000000000000000e+00
1.000000000000000000e+00
1.000000000000000000e+00
1.000000000000000000e+00
1.000000000000000000e+00
1.000000000000000000e+00
1.000000000000000000e+00
1.000000000000000000e+00
1.000000000000000000e+00
1.000000000000000000e+00
1.000000000000000000e+00
1.000000000000000000e+00
1.000000000000000000e+00
1.000000000000000000e+00
1.000000000000000000e+00
1.000000000000000000e+00
1.000000000000000000e+00
1.000000000000000000e+00
1.000000000000000000e+00
1.000000000000000000e+00
1.000000000000000000e+00
1.000000000000000000e+00
1.000000000000000000e+00
1.000000000000000000e+00
1.000000000000000000e+00
1.000000000000000000e+00
1.000000000000000000e+00
1.000000000000000000e+00
1.000000000000000000e+00
1.000000000000000000e+00
1.000000000000000000e+00
1.000000000000000000e+00
1.000000000000000000e+00
1.000000000000000000e+00
1.000000000000000000e+00
1.000000000000000000e+00
1.000000000000000000e+00
1.000000000000000000e+00
1.000000000000000000e+00
1.000000000000000000e+00
1.000000000000000000e+00
1.000000000000000000e+00
1.000000000000000000e+00
1.000000000000000000e+00
1.000000000000000000e+00
1.000000000000000000e+00
1.000000000000000000e+00
-1.000000000000000000e+00
-1.000000000000000000e+00
-1.000000000000000000e+00
-1.000000000000000000e+00
-1.000000000000000000e+00
-1.000000000000000000e+00
-1.000000000000000000e+00
-1.000000000000000000e+00
-1.000000000000000000e+00
-1.000000000000000000e+00
-1.000000000000000000e+00
-1.000000000000000000e+00
-1.000000000000000000e+00
-1.000000000000000000e+00
-1.000000000000000000e+00
-1.000000000000000000e+00
-1.000000000000000000e+00
-1.000000000000000000e+00
-1.000000000000000000e+00
-1.000000000000000000e+00
-1.000000000000000000e+00
-1.000000000000000000e+00
-1.000000000000000000e+00
-1.000000000000000000e+00
-1.000000000000000000e+00
-1.000000000000000000e+00
-1.000000000000000000e+00
-1.000000000000000000e+00
-1.000000000000000000e+00
-1.000000000000000000e+00
-1.000000000000000000e+00
-1.000000000000000000e+00
-1.000000000000000000e+00
-1.000000000000000000e+00
-1.000000000000000000e+00
-1.000000000000000000e+00
-1.000000000000000000e+00
-1.000000000000000000e+00
-1.000000000000000000e+00
-1.000000000000000000e+00
-1.000000000000000000e+00
-1.000000000000000000e+00
-1.000000000000000000e+00
-1.000000000000000000e+00
-1.000000000000000000e+00
-1.000000000000000000e+00
-1.000000000000000000e+00
-1.000000000000000000e+00
-1.000000000000000000e+00
-1.000000000000000000e+00
-1.000000000000000000e+00
-1.000000000000000000e+00
-1.000000000000000000e+00
-1.000000000000000000e+00
-1.000000000000000000e+00
-1.000000000000000000e+00
-1.000000000000000000e+00
-1.000000000000000000e+00
-1.000000000000000000e+00
-1.000000000000000000e+00
-1.000000000000000000e+00
-1.000000000000000000e+00
-1.000000000000000000e+00
-1.000000000000000000e+00
-1.000000000000000000e+00
-1.000000000000000000e+00
-1.000000000000000000e+00
-1.000000000000000000e+00
-1.000000000000000000e+00
-1.000000000000000000e+00
-1.000000000000000000e+00
-1.000000000000000000e+00
-1.000000000000000000e+00
-1.000000000000000000e+00
-1.000000000000000000e+00
-1.000000000000000000e+00
-1.000000000000000000e+00
-1.000000000000000000e+00
-1.000000000000000000e+00
-1.000000000000000000e+00
-1.000000000000000000e+00
-1.000000000000000000e+00
-1.000000000000000000e+00
-1.000000000000000000e+00
-1.000000000000000000e+00
-1.000000000000000000e+00
-1.000000000000000000e+00
-1.000000000000000000e+00
-1.000000000000000000e+00
-1.000000000000000000e+00
-1.000000000000000000e+00
-1.000000000000000000e+00
-1.000000000000000000e+00
-1.000000000000000000e+00
-1.000000000000000000e+00
-1.000000000000000000e+00
-1.000000000000000000e+00
-1.000000000000000000e+00
-1.000000000000000000e+00
-1.000000000000000000e+00
-1.000000000000000000e+00
-1.000000000000000000e+00
-1.000000000000000000e+00
-1.000000000000000000e+00
-1.000000000000000000e+00
-1.000000000000000000e+00
-1.000000000000000000e+00
-1.000000000000000000e+00
-1.000000000000000000e+00
-1.000000000000000000e+00
-1.000000000000000000e+00
-1.000000000000000000e+00
-1.000000000000000000e+00
-1.000000000000000000e+00
-1.000000000000000000e+00
-1.000000000000000000e+00
-1.000000000000000000e+00
-1.000000000000000000e+00
-1.000000000000000000e+00
-1.000000000000000000e+00
-1.000000000000000000e+00
-1.000000000000000000e+00
-1.000000000000000000e+00
-1.000000000000000000e+00
-1.000000000000000000e+00
-1.000000000000000000e+00
-1.000000000000000000e+00
-1.000000000000000000e+00
-1.000000000000000000e+00
-1.000000000000000000e+00
-1.000000000000000000e+00
-1.000000000000000000e+00
-1.000000000000000000e+00
-1.000000000000000000e+00
-1.000000000000000000e+00
-1.000000000000000000e+00
-1.000000000000000000e+00
-1.000000000000000000e+00
-1.000000000000000000e+00
-1.000000000000000000e+00
-1.000000000000000000e+00
-1.000000000000000000e+00
-1.000000000000000000e+00
-1.000000000000000000e+00
-1.000000000000000000e+00
-1.000000000000000000e+00
-1.000000000000000000e+00
-1.000000000000000000e+00
-1.000000000000000000e+00
-1.000000000000000000e+00
-1.000000000000000000e+00
-1.000000000000000000e+00
-1.000000000000000000e+00
-1.000000000000000000e+00
-1.000000000000000000e+00
-1.000000000000000000e+00
-1.000000000000000000e+00
-1.000000000000000000e+00
-1.000000000000000000e+00
-1.000000000000000000e+00
-1.000000000000000000e+00
-1.000000000000000000e+00
-1.000000000000000000e+00
-1.000000000000000000e+00
-1.000000000000000000e+00
-1.000000000000000000e+00
-1.000000000000000000e+00
-1.000000000000000000e+00
-1.000000000000000000e+00
-1.000000000000000000e+00
-1.000000000000000000e+00
-1.000000000000000000e+00
-1.000000000000000000e+00
-1.000000000000000000e+00
-1.000000000000000000e+00
-1.000000000000000000e+00
-1.000000000000000000e+00
-1.000000000000000000e+00
-1.000000000000000000e+00
-1.000000000000000000e+00
-1.000000000000000000e+00
-1.000000000000000000e+00
-1.000000000000000000e+00
-1.000000000000000000e+00
-1.000000000000000000e+00
-1.000000000000000000e+00
-1.000000000000000000e+00
-1.000000000000000000e+00
-1.000000000000000000e+00
-1.000000000000000000e+00
-1.000000000000000000e+00
-1.000000000000000000e+00
-1.000000000000000000e+00
-1.000000000000000000e+00
-1.000000000000000000e+00
-1.000000000000000000e+00
-1.000000000000000000e+00
-1.000000000000000000e+00
-1.000000000000000000e+00
-1.000000000000000000e+00
-1.000000000000000000e+00
-1.000000000000000000e+00
1.000000000000000000e+00
1.000000000000000000e+00
1.000000000000000000e+00
1.000000000000000000e+00
1.000000000000000000e+00
1.000000000000000000e+00
1.000000000000000000e+00
1.000000000000000000e+00
1.000000000000000000e+00
1.000000000000000000e+00
1.000000000000000000e+00
1.000000000000000000e+00
1.000000000000000000e+00
1.000000000000000000e+00
1.000000000000000000e+00
1.000000000000000000e+00
1.000000000000000000e+00
1.000000000000000000e+00
1.000000000000000000e+00
1.000000000000000000e+00
1.000000000000000000e+00
1.000000000000000000e+00
1.000000000000000000e+00
1.000000000000000000e+00
1.000000000000000000e+00
1.000000000000000000e+00
1.000000000000000000e+00
1.000000000000000000e+00
1.000000000000000000e+00
1.000000000000000000e+00
1.000000000000000000e+00
1.000000000000000000e+00
1.000000000000000000e+00
1.000000000000000000e+00
1.000000000000000000e+00
1.000000000000000000e+00
1.000000000000000000e+00
1.000000000000000000e+00
1.000000000000000000e+00
1.000000000000000000e+00
1.000000000000000000e+00
1.000000000000000000e+00
1.000000000000000000e+00
1.000000000000000000e+00
1.000000000000000000e+00
1.000000000000000000e+00
1.000000000000000000e+00
1.000000000000000000e+00
1.000000000000000000e+00
1.000000000000000000e+00
1.000000000000000000e+00
1.000000000000000000e+00
1.000000000000000000e+00
1.000000000000000000e+00
1.000000000000000000e+00
1.000000000000000000e+00
1.000000000000000000e+00
1.000000000000000000e+00
1.000000000000000000e+00
1.000000000000000000e+00
1.000000000000000000e+00
1.000000000000000000e+00
1.000000000000000000e+00
1.000000000000000000e+00
1.000000000000000000e+00
1.000000000000000000e+00
1.000000000000000000e+00
1.000000000000000000e+00
1.000000000000000000e+00
1.000000000000000000e+00
1.000000000000000000e+00
1.000000000000000000e+00
1.000000000000000000e+00
1.000000000000000000e+00
1.000000000000000000e+00
1.000000000000000000e+00
1.000000000000000000e+00
1.000000000000000000e+00
1.000000000000000000e+00
1.000000000000000000e+00
1.000000000000000000e+00
1.000000000000000000e+00
1.000000000000000000e+00
1.000000000000000000e+00
1.000000000000000000e+00
1.000000000000000000e+00
1.000000000000000000e+00
1.000000000000000000e+00
1.000000000000000000e+00
1.000000000000000000e+00
1.000000000000000000e+00
1.000000000000000000e+00
1.000000000000000000e+00
1.000000000000000000e+00
1.000000000000000000e+00
1.000000000000000000e+00
1.000000000000000000e+00
1.000000000000000000e+00
1.000000000000000000e+00
1.000000000000000000e+00
1.000000000000000000e+00
1.000000000000000000e+00
1.000000000000000000e+00
1.000000000000000000e+00
1.000000000000000000e+00
1.000000000000000000e+00
1.000000000000000000e+00
1.000000000000000000e+00
1.000000000000000000e+00
1.000000000000000000e+00
1.000000000000000000e+00
1.000000000000000000e+00
1.000000000000000000e+00
1.000000000000000000e+00
1.000000000000000000e+00
1.000000000000000000e+00
1.000000000000000000e+00
1.000000000000000000e+00
1.000000000000000000e+00
1.000000000000000000e+00
1.000000000000000000e+00
1.000000000000000000e+00
1.000000000000000000e+00
1.000000000000000000e+00
1.000000000000000000e+00
1.000000000000000000e+00
1.000000000000000000e+00
1.000000000000000000e+00
1.000000000000000000e+00
1.000000000000000000e+00
1.000000000000000000e+00
1.000000000000000000e+00
1.000000000000000000e+00
1.000000000000000000e+00
1.000000000000000000e+00
1.000000000000000000e+00
1.000000000000000000e+00
1.000000000000000000e+00
1.000000000000000000e+00
1.000000000000000000e+00
1.000000000000000000e+00
1.000000000000000000e+00
1.000000000000000000e+00
1.000000000000000000e+00
1.000000000000000000e+00
1.000000000000000000e+00
1.000000000000000000e+00
1.000000000000000000e+00
1.000000000000000000e+00
1.000000000000000000e+00
1.000000000000000000e+00
1.000000000000000000e+00
1.000000000000000000e+00
1.000000000000000000e+00
1.000000000000000000e+00
1.000000000000000000e+00
1.000000000000000000e+00
1.000000000000000000e+00
1.000000000000000000e+00
1.000000000000000000e+00
1.000000000000000000e+00
1.000000000000000000e+00
1.000000000000000000e+00
1.000000000000000000e+00
1.000000000000000000e+00
1.000000000000000000e+00
1.000000000000000000e+00
1.000000000000000000e+00
1.000000000000000000e+00
1.000000000000000000e+00
1.000000000000000000e+00
1.000000000000000000e+00
1.000000000000000000e+00
1.000000000000000000e+00
1.000000000000000000e+00
1.000000000000000000e+00
1.000000000000000000e+00
1.000000000000000000e+00
1.000000000000000000e+00
1.000000000000000000e+00
1.000000000000000000e+00
1.000000000000000000e+00
1.000000000000000000e+00
1.000000000000000000e+00
1.000000000000000000e+00
1.000000000000000000e+00
1.000000000000000000e+00
1.000000000000000000e+00
1.000000000000000000e+00
1.000000000000000000e+00
1.000000000000000000e+00
1.000000000000000000e+00
1.000000000000000000e+00
1.000000000000000000e+00
1.000000000000000000e+00
1.000000000000000000e+00
1.000000000000000000e+00
1.000000000000000000e+00
-1.000000000000000000e+00
-1.000000000000000000e+00
-1.000000000000000000e+00
-1.000000000000000000e+00
-1.000000000000000000e+00
-1.000000000000000000e+00
-1.000000000000000000e+00
-1.000000000000000000e+00
-1.000000000000000000e+00
-1.000000000000000000e+00
-1.000000000000000000e+00
-1.000000000000000000e+00
-1.000000000000000000e+00
-1.000000000000000000e+00
-1.000000000000000000e+00
-1.000000000000000000e+00
-1.000000000000000000e+00
-1.000000000000000000e+00
-1.000000000000000000e+00
-1.000000000000000000e+00
-1.000000000000000000e+00
-1.000000000000000000e+00
-1.000000000000000000e+00
-1.000000000000000000e+00
-1.000000000000000000e+00
-1.000000000000000000e+00
-1.000000000000000000e+00
-1.000000000000000000e+00
-1.000000000000000000e+00
-1.000000000000000000e+00
-1.000000000000000000e+00
-1.000000000000000000e+00
-1.000000000000000000e+00
-1.000000000000000000e+00
-1.000000000000000000e+00
-1.000000000000000000e+00
-1.000000000000000000e+00
-1.000000000000000000e+00
-1.000000000000000000e+00
-1.000000000000000000e+00
-1.000000000000000000e+00
-1.000000000000000000e+00
-1.000000000000000000e+00
-1.000000000000000000e+00
-1.000000000000000000e+00
-1.000000000000000000e+00
-1.000000000000000000e+00
-1.000000000000000000e+00
-1.000000000000000000e+00
-1.000000000000000000e+00
-1.000000000000000000e+00
-1.000000000000000000e+00
-1.000000000000000000e+00
-1.000000000000000000e+00
-1.000000000000000000e+00
-1.000000000000000000e+00
-1.000000000000000000e+00
-1.000000000000000000e+00
-1.000000000000000000e+00
-1.000000000000000000e+00
-1.000000000000000000e+00
-1.000000000000000000e+00
-1.000000000000000000e+00
-1.000000000000000000e+00
-1.000000000000000000e+00
-1.000000000000000000e+00
-1.000000000000000000e+00
-1.000000000000000000e+00
-1.000000000000000000e+00
-1.000000000000000000e+00
-1.000000000000000000e+00
-1.000000000000000000e+00
-1.000000000000000000e+00
-1.000000000000000000e+00
-1.000000000000000000e+00
-1.000000000000000000e+00
-1.000000000000000000e+00
-1.000000000000000000e+00
-1.000000000000000000e+00
-1.000000000000000000e+00
-1.000000000000000000e+00
-1.000000000000000000e+00
-1.000000000000000000e+00
-1.000000000000000000e+00
-1.000000000000000000e+00
-1.000000000000000000e+00
-1.000000000000000000e+00
-1.000000000000000000e+00
-1.000000000000000000e+00
-1.000000000000000000e+00
-1.000000000000000000e+00
-1.000000000000000000e+00
-1.000000000000000000e+00
-1.000000000000000000e+00
-1.000000000000000000e+00
-1.000000000000000000e+00
-1.000000000000000000e+00
-1.000000000000000000e+00
-1.000000000000000000e+00
-1.000000000000000000e+00
-1.000000000000000000e+00
-1.000000000000000000e+00
-1.000000000000000000e+00
-1.000000000000000000e+00
-1.000000000000000000e+00
-1.000000000000000000e+00
-1.000000000000000000e+00
-1.000000000000000000e+00
-1.000000000000000000e+00
-1.000000000000000000e+00
-1.000000000000000000e+00
-1.000000000000000000e+00
-1.000000000000000000e+00
-1.000000000000000000e+00
-1.000000000000000000e+00
-1.000000000000000000e+00
-1.000000000000000000e+00
-1.000000000000000000e+00
-1.000000000000000000e+00
-1.000000000000000000e+00
-1.000000000000000000e+00
-1.000000000000000000e+00
-1.000000000000000000e+00
-1.000000000000000000e+00
-1.000000000000000000e+00
-1.000000000000000000e+00
-1.000000000000000000e+00
-1.000000000000000000e+00
-1.000000000000000000e+00
-1.000000000000000000e+00
-1.000000000000000000e+00
-1.000000000000000000e+00
-1.000000000000000000e+00
-1.000000000000000000e+00
-1.000000000000000000e+00
-1.000000000000000000e+00
-1.000000000000000000e+00
-1.000000000000000000e+00
-1.000000000000000000e+00
-1.000000000000000000e+00
-1.000000000000000000e+00
-1.000000000000000000e+00
-1.000000000000000000e+00
-1.000000000000000000e+00
-1.000000000000000000e+00
-1.000000000000000000e+00
-1.000000000000000000e+00
-1.000000000000000000e+00
-1.000000000000000000e+00
-1.000000000000000000e+00
-1.000000000000000000e+00
-1.000000000000000000e+00
-1.000000000000000000e+00
-1.000000000000000000e+00
-1.000000000000000000e+00
-1.000000000000000000e+00
-1.000000000000000000e+00
-1.000000000000000000e+00
-1.000000000000000000e+00
-1.000000000000000000e+00
-1.000000000000000000e+00
-1.000000000000000000e+00
-1.000000000000000000e+00
-1.000000000000000000e+00
-1.000000000000000000e+00
-1.000000000000000000e+00
-1.000000000000000000e+00
-1.000000000000000000e+00
-1.000000000000000000e+00
-1.000000000000000000e+00
-1.000000000000000000e+00
-1.000000000000000000e+00
-1.000000000000000000e+00
-1.000000000000000000e+00
-1.000000000000000000e+00
-1.000000000000000000e+00
-1.000000000000000000e+00
-1.000000000000000000e+00
-1.000000000000000000e+00
-1.000000000000000000e+00
-1.000000000000000000e+00
-1.000000000000000000e+00
-1.000000000000000000e+00
-1.000000000000000000e+00
-1.000000000000000000e+00
-1.000000000000000000e+00
-1.000000000000000000e+00
-1.000000000000000000e+00
-1.000000000000000000e+00
-1.000000000000000000e+00
-1.000000000000000000e+00
-1.000000000000000000e+00
-1.000000000000000000e+00
-1.000000000000000000e+00
-1.000000000000000000e+00
-1.000000000000000000e+00
-1.000000000000000000e+00
-1.000000000000000000e+00
-1.000000000000000000e+00
-1.000000000000000000e+00
-1.000000000000000000e+00
-1.000000000000000000e+00
1.000000000000000000e+00
1.000000000000000000e+00
1.000000000000000000e+00
1.000000000000000000e+00
1.000000000000000000e+00
1.000000000000000000e+00
1.000000000000000000e+00
1.000000000000000000e+00
1.000000000000000000e+00
1.000000000000000000e+00
1.000000000000000000e+00
1.000000000000000000e+00
1.000000000000000000e+00
1.000000000000000000e+00
1.000000000000000000e+00
1.000000000000000000e+00
1.000000000000000000e+00
1.000000000000000000e+00
1.000000000000000000e+00
1.000000000000000000e+00
1.000000000000000000e+00
1.000000000000000000e+00
1.000000000000000000e+00
1.000000000000000000e+00
1.000000000000000000e+00
1.000000000000000000e+00
1.000000000000000000e+00
1.000000000000000000e+00
1.000000000000000000e+00
1.000000000000000000e+00
1.000000000000000000e+00
1.000000000000000000e+00
1.000000000000000000e+00
1.000000000000000000e+00
1.000000000000000000e+00
1.000000000000000000e+00
1.000000000000000000e+00
1.000000000000000000e+00
1.000000000000000000e+00
1.000000000000000000e+00
1.000000000000000000e+00
1.000000000000000000e+00
1.000000000000000000e+00
1.000000000000000000e+00
1.000000000000000000e+00
1.000000000000000000e+00
1.000000000000000000e+00
1.000000000000000000e+00
1.000000000000000000e+00
1.000000000000000000e+00
1.000000000000000000e+00
1.000000000000000000e+00
1.000000000000000000e+00
1.000000000000000000e+00
1.000000000000000000e+00
1.000000000000000000e+00
1.000000000000000000e+00
1.000000000000000000e+00
1.000000000000000000e+00
1.000000000000000000e+00
1.000000000000000000e+00
1.000000000000000000e+00
1.000000000000000000e+00
1.000000000000000000e+00
1.000000000000000000e+00
1.000000000000000000e+00
1.000000000000000000e+00
1.000000000000000000e+00
1.000000000000000000e+00
1.000000000000000000e+00
1.000000000000000000e+00
1.000000000000000000e+00
1.000000000000000000e+00
1.000000000000000000e+00
1.000000000000000000e+00
1.000000000000000000e+00
1.000000000000000000e+00
1.000000000000000000e+00
1.000000000000000000e+00
1.000000000000000000e+00
1.000000000000000000e+00
1.000000000000000000e+00
1.000000000000000000e+00
1.000000000000000000e+00
1.000000000000000000e+00
1.000000000000000000e+00
1.000000000000000000e+00
1.000000000000000000e+00
1.000000000000000000e+00
1.000000000000000000e+00
1.000000000000000000e+00
1.000000000000000000e+00
1.000000000000000000e+00
1.000000000000000000e+00
1.000000000000000000e+00
1.000000000000000000e+00
1.000000000000000000e+00
1.000000000000000000e+00
1.000000000000000000e+00
1.000000000000000000e+00
1.000000000000000000e+00
1.000000000000000000e+00
1.000000000000000000e+00
1.000000000000000000e+00
1.000000000000000000e+00
1.000000000000000000e+00
1.000000000000000000e+00
1.000000000000000000e+00
1.000000000000000000e+00
1.000000000000000000e+00
1.000000000000000000e+00
1.000000000000000000e+00
1.000000000000000000e+00
1.000000000000000000e+00
1.000000000000000000e+00
1.000000000000000000e+00
1.000000000000000000e+00
1.000000000000000000e+00
1.000000000000000000e+00
1.000000000000000000e+00
1.000000000000000000e+00
1.000000000000000000e+00
1.000000000000000000e+00
1.000000000000000000e+00
1.000000000000000000e+00
1.000000000000000000e+00
1.000000000000000000e+00
1.000000000000000000e+00
1.000000000000000000e+00
1.000000000000000000e+00
1.000000000000000000e+00
1.000000000000000000e+00
1.000000000000000000e+00
1.000000000000000000e+00
1.000000000000000000e+00
1.000000000000000000e+00
1.000000000000000000e+00
1.000000000000000000e+00
1.000000000000000000e+00
1.000000000000000000e+00
1.000000000000000000e+00
1.000000000000000000e+00
1.000000000000000000e+00
1.000000000000000000e+00
1.000000000000000000e+00
1.000000000000000000e+00
1.000000000000000000e+00
1.000000000000000000e+00
1.000000000000000000e+00
1.000000000000000000e+00
1.000000000000000000e+00
1.000000000000000000e+00
1.000000000000000000e+00
1.000000000000000000e+00
1.000000000000000000e+00
1.000000000000000000e+00
1.000000000000000000e+00
1.000000000000000000e+00
1.000000000000000000e+00
1.000000000000000000e+00
1.000000000000000000e+00
1.000000000000000000e+00
1.000000000000000000e+00
1.000000000000000000e+00
1.000000000000000000e+00
1.000000000000000000e+00
1.000000000000000000e+00
1.000000000000000000e+00
1.000000000000000000e+00
1.000000000000000000e+00
1.000000000000000000e+00
1.000000000000000000e+00
1.000000000000000000e+00
1.000000000000000000e+00
1.000000000000000000e+00
1.000000000000000000e+00
1.000000000000000000e+00
1.000000000000000000e+00
1.000000000000000000e+00
1.000000000000000000e+00
1.000000000000000000e+00
1.000000000000000000e+00
1.000000000000000000e+00
1.000000000000000000e+00
1.000000000000000000e+00
1.000000000000000000e+00
1.000000000000000000e+00
1.000000000000000000e+00
1.000000000000000000e+00
1.000000000000000000e+00
1.000000000000000000e+00
1.000000000000000000e+00
1.000000000000000000e+00
1.000000000000000000e+00
1.000000000000000000e+00
1.000000000000000000e+00
1.000000000000000000e+00
1.000000000000000000e+00
-1.000000000000000000e+00
-1.000000000000000000e+00
-1.000000000000000000e+00
-1.000000000000000000e+00
-1.000000000000000000e+00
-1.000000000000000000e+00
-1.000000000000000000e+00
-1.000000000000000000e+00
-1.000000000000000000e+00
-1.000000000000000000e+00
-1.000000000000000000e+00
-1.000000000000000000e+00
-1.000000000000000000e+00
-1.000000000000000000e+00
-1.000000000000000000e+00
-1.000000000000000000e+00
-1.000000000000000000e+00
-1.000000000000000000e+00
-1.000000000000000000e+00
-1.000000000000000000e+00
-1.000000000000000000e+00
-1.000000000000000000e+00
-1.000000000000000000e+00
-1.000000000000000000e+00
-1.000000000000000000e+00
-1.000000000000000000e+00
-1.000000000000000000e+00
-1.000000000000000000e+00
-1.000000000000000000e+00
-1.000000000000000000e+00
-1.000000000000000000e+00
-1.000000000000000000e+00
-1.000000000000000000e+00
-1.000000000000000000e+00
-1.000000000000000000e+00
-1.000000000000000000e+00
-1.000000000000000000e+00
-1.000000000000000000e+00
-1.000000000000000000e+00
-1.000000000000000000e+00
-1.000000000000000000e+00
-1.000000000000000000e+00
-1.000000000000000000e+00
-1.000000000000000000e+00
-1.000000000000000000e+00
-1.000000000000000000e+00
-1.000000000000000000e+00
-1.000000000000000000e+00
-1.000000000000000000e+00
-1.000000000000000000e+00
-1.000000000000000000e+00
-1.000000000000000000e+00
-1.000000000000000000e+00
-1.000000000000000000e+00
-1.000000000000000000e+00
-1.000000000000000000e+00
-1.000000000000000000e+00
-1.000000000000000000e+00
-1.000000000000000000e+00
-1.000000000000000000e+00
-1.000000000000000000e+00
-1.000000000000000000e+00
-1.000000000000000000e+00
-1.000000000000000000e+00
-1.000000000000000000e+00
-1.000000000000000000e+00
-1.000000000000000000e+00
-1.000000000000000000e+00
-1.000000000000000000e+00
-1.000000000000000000e+00
-1.000000000000000000e+00
-1.000000000000000000e+00
-1.000000000000000000e+00
-1.000000000000000000e+00
-1.000000000000000000e+00
-1.000000000000000000e+00
-1.000000000000000000e+00
-1.000000000000000000e+00
-1.000000000000000000e+00
-1.000000000000000000e+00
-1.000000000000000000e+00
-1.000000000000000000e+00
-1.000000000000000000e+00
-1.000000000000000000e+00
-1.000000000000000000e+00
-1.000000000000000000e+00
-1.000000000000000000e+00
-1.000000000000000000e+00
-1.000000000000000000e+00
-1.000000000000000000e+00
-1.000000000000000000e+00
-1.000000000000000000e+00
-1.000000000000000000e+00
-1.000000000000000000e+00
-1.000000000000000000e+00
-1.000000000000000000e+00
-1.000000000000000000e+00
-1.000000000000000000e+00
-1.000000000000000000e+00
-1.000000000000000000e+00
-1.000000000000000000e+00
-1.000000000000000000e+00
-1.000000000000000000e+00
-1.000000000000000000e+00
-1.000000000000000000e+00
-1.000000000000000000e+00
-1.000000000000000000e+00
-1.000000000000000000e+00
-1.000000000000000000e+00
-1.000000000000000000e+00
-1.000000000000000000e+00
-1.000000000000000000e+00
-1.000000000000000000e+00
-1.000000000000000000e+00
-1.000000000000000000e+00
-1.000000000000000000e+00
-1.000000000000000000e+00
-1.000000000000000000e+00
-1.000000000000000000e+00
-1.000000000000000000e+00
-1.000000000000000000e+00
-1.000000000000000000e+00
-1.000000000000000000e+00
-1.000000000000000000e+00
-1.000000000000000000e+00
-1.000000000000000000e+00
-1.000000000000000000e+00
-1.000000000000000000e+00
-1.000000000000000000e+00
-1.000000000000000000e+00
-1.000000000000000000e+00
-1.000000000000000000e+00
-1.000000000000000000e+00
-1.000000000000000000e+00
-1.000000000000000000e+00
-1.000000000000000000e+00
-1.000000000000000000e+00
-1.000000000000000000e+00
-1.000000000000000000e+00
-1.000000000000000000e+00
-1.000000000000000000e+00
-1.000000000000000000e+00
-1.000000000000000000e+00
-1.000000000000000000e+00
-1.000000000000000000e+00
-1.000000000000000000e+00
-1.000000000000000000e+00
-1.000000000000000000e+00
-1.000000000000000000e+00
-1.000000000000000000e+00
-1.000000000000000000e+00
-1.000000000000000000e+00
-1.000000000000000000e+00
-1.000000000000000000e+00
-1.000000000000000000e+00
-1.000000000000000000e+00
-1.000000000000000000e+00
-1.000000000000000000e+00
-1.000000000000000000e+00
-1.000000000000000000e+00
-1.000000000000000000e+00
-1.000000000000000000e+00
-1.000000000000000000e+00
-1.000000000000000000e+00
-1.000000000000000000e+00
-1.000000000000000000e+00
-1.000000000000000000e+00
-1.000000000000000000e+00
-1.000000000000000000e+00
-1.000000000000000000e+00
-1.000000000000000000e+00
-1.000000000000000000e+00
-1.000000000000000000e+00
-1.000000000000000000e+00
-1.000000000000000000e+00
-1.000000000000000000e+00
-1.000000000000000000e+00
-1.000000000000000000e+00
-1.000000000000000000e+00
-1.000000000000000000e+00
-1.000000000000000000e+00
-1.000000000000000000e+00
-1.000000000000000000e+00
-1.000000000000000000e+00
-1.000000000000000000e+00
-1.000000000000000000e+00
-1.000000000000000000e+00
-1.000000000000000000e+00
-1.000000000000000000e+00
-1.000000000000000000e+00
-1.000000000000000000e+00
-1.000000000000000000e+00
-1.000000000000000000e+00
-1.000000000000000000e+00
-1.000000000000000000e+00
-1.000000000000000000e+00
-1.000000000000000000e+00
-1.000000000000000000e+00
-1.000000000000000000e+00
-1.000000000000000000e+00
-1.000000000000000000e+00
1.000000000000000000e+00
1.000000000000000000e+00
1.000000000000000000e+00
1.000000000000000000e+00
1.000000000000000000e+00
1.000000000000000000e+00
1.000000000000000000e+00
1.000000000000000000e+00
1.000000000000000000e+00
1.000000000000000000e+00
1.000000000000000000e+00
1.000000000000000000e+00
1.000000000000000000e+00
1.000000000000000000e+00
1.000000000000000000e+00
1.000000000000000000e+00
1.000000000000000000e+00
1.000000000000000000e+00
1.000000000000000000e+00
1.000000000000000000e+00
1.000000000000000000e+00
1.000000000000000000e+00
1.000000000000000000e+00
1.000000000000000000e+00
1.000000000000000000e+00
1.000000000000000000e+00
1.000000000000000000e+00
1.000000000000000000e+00
1.000000000000000000e+00
1.000000000000000000e+00
1.000000000000000000e+00
1.000000000000000000e+00
1.000000000000000000e+00
1.000000000000000000e+00
1.000000000000000000e+00
1.000000000000000000e+00
1.000000000000000000e+00
1.000000000000000000e+00
1.000000000000000000e+00
1.000000000000000000e+00
1.000000000000000000e+00
1.000000000000000000e+00
1.000000000000000000e+00
1.000000000000000000e+00
1.000000000000000000e+00
1.000000000000000000e+00
1.000000000000000000e+00
1.000000000000000000e+00
1.000000000000000000e+00
1.000000000000000000e+00
1.000000000000000000e+00
1.000000000000000000e+00
1.000000000000000000e+00
1.000000000000000000e+00
1.000000000000000000e+00
1.000000000000000000e+00
1.000000000000000000e+00
1.000000000000000000e+00
1.000000000000000000e+00
1.000000000000000000e+00
1.000000000000000000e+00
1.000000000000000000e+00
1.000000000000000000e+00
1.000000000000000000e+00
1.000000000000000000e+00
1.000000000000000000e+00
1.000000000000000000e+00
1.000000000000000000e+00
1.000000000000000000e+00
1.000000000000000000e+00
1.000000000000000000e+00
1.000000000000000000e+00
1.000000000000000000e+00
1.000000000000000000e+00
1.000000000000000000e+00
1.000000000000000000e+00
1.000000000000000000e+00
1.000000000000000000e+00
1.000000000000000000e+00
1.000000000000000000e+00
1.000000000000000000e+00
1.000000000000000000e+00
1.000000000000000000e+00
1.000000000000000000e+00
1.000000000000000000e+00
1.000000000000000000e+00
1.000000000000000000e+00
1.000000000000000000e+00
1.000000000000000000e+00
1.000000000000000000e+00
1.000000000000000000e+00
1.000000000000000000e+00
1.000000000000000000e+00
1.000000000000000000e+00
1.000000000000000000e+00
1.000000000000000000e+00
1.000000000000000000e+00
1.000000000000000000e+00
1.000000000000000000e+00
1.000000000000000000e+00
1.000000000000000000e+00
1.000000000000000000e+00
1.000000000000000000e+00
1.000000000000000000e+00
1.000000000000000000e+00
1.000000000000000000e+00
1.000000000000000000e+00
1.000000000000000000e+00
1.000000000000000000e+00
1.000000000000000000e+00
1.000000000000000000e+00
1.000000000000000000e+00
1.000000000000000000e+00
1.000000000000000000e+00
1.000000000000000000e+00
1.000000000000000000e+00
1.000000000000000000e+00
1.000000000000000000e+00
1.000000000000000000e+00
1.000000000000000000e+00
1.000000000000000000e+00
1.000000000000000000e+00
1.000000000000000000e+00
1.000000000000000000e+00
1.000000000000000000e+00
1.000000000000000000e+00
1.000000000000000000e+00
1.000000000000000000e+00
1.000000000000000000e+00
1.000000000000000000e+00
1.000000000000000000e+00
1.000000000000000000e+00
1.000000000000000000e+00
1.000000000000000000e+00
1.000000000000000000e+00
1.000000000000000000e+00
1.000000000000000000e+00
1.000000000000000000e+00
1.000000000000000000e+00
1.000000000000000000e+00
1.000000000000000000e+00
1.000000000000000000e+00
1.000000000000000000e+00
1.000000000000000000e+00
1.000000000000000000e+00
1.000000000000000000e+00
1.000000000000000000e+00
1.000000000000000000e+00
1.000000000000000000e+00
1.000000000000000000e+00
1.000000000000000000e+00
1.000000000000000000e+00
1.000000000000000000e+00
1.000000000000000000e+00
1.000000000000000000e+00
1.000000000000000000e+00
1.000000000000000000e+00
1.000000000000000000e+00
1.000000000000000000e+00
1.000000000000000000e+00
1.000000000000000000e+00
1.000000000000000000e+00
1.000000000000000000e+00
1.000000000000000000e+00
1.000000000000000000e+00
1.000000000000000000e+00
1.000000000000000000e+00
1.000000000000000000e+00
1.000000000000000000e+00
1.000000000000000000e+00
1.000000000000000000e+00
1.000000000000000000e+00
1.000000000000000000e+00
1.000000000000000000e+00
1.000000000000000000e+00
1.000000000000000000e+00
1.000000000000000000e+00
1.000000000000000000e+00
1.000000000000000000e+00
1.000000000000000000e+00
1.000000000000000000e+00
1.000000000000000000e+00
1.000000000000000000e+00
1.000000000000000000e+00
1.000000000000000000e+00
1.000000000000000000e+00
1.000000000000000000e+00
1.000000000000000000e+00
1.000000000000000000e+00
1.000000000000000000e+00
1.000000000000000000e+00
1.000000000000000000e+00
1.000000000000000000e+00
1.000000000000000000e+00
1.000000000000000000e+00
1.000000000000000000e+00
1.000000000000000000e+00
1.000000000000000000e+00
-1.000000000000000000e+00
-1.000000000000000000e+00
-1.000000000000000000e+00
-1.000000000000000000e+00
-1.000000000000000000e+00
-1.000000000000000000e+00
-1.000000000000000000e+00
-1.000000000000000000e+00
-1.000000000000000000e+00
-1.000000000000000000e+00
-1.000000000000000000e+00
-1.000000000000000000e+00
-1.000000000000000000e+00
-1.000000000000000000e+00
-1.000000000000000000e+00
-1.000000000000000000e+00
-1.000000000000000000e+00
-1.000000000000000000e+00
-1.000000000000000000e+00
-1.000000000000000000e+00
-1.000000000000000000e+00
-1.000000000000000000e+00
-1.000000000000000000e+00
-1.000000000000000000e+00
-1.000000000000000000e+00
-1.000000000000000000e+00
-1.000000000000000000e+00
-1.000000000000000000e+00
-1.000000000000000000e+00
-1.000000000000000000e+00
-1.000000000000000000e+00
-1.000000000000000000e+00
-1.000000000000000000e+00
-1.000000000000000000e+00
-1.000000000000000000e+00
-1.000000000000000000e+00
-1.000000000000000000e+00
-1.000000000000000000e+00
-1.000000000000000000e+00
-1.000000000000000000e+00
-1.000000000000000000e+00
-1.000000000000000000e+00
-1.000000000000000000e+00
-1.000000000000000000e+00
-1.000000000000000000e+00
-1.000000000000000000e+00
-1.000000000000000000e+00
-1.000000000000000000e+00
-1.000000000000000000e+00
-1.000000000000000000e+00
-1.000000000000000000e+00
-1.000000000000000000e+00
-1.000000000000000000e+00
-1.000000000000000000e+00
-1.000000000000000000e+00
-1.000000000000000000e+00
-1.000000000000000000e+00
-1.000000000000000000e+00
-1.000000000000000000e+00
-1.000000000000000000e+00
-1.000000000000000000e+00
-1.000000000000000000e+00
-1.000000000000000000e+00
-1.000000000000000000e+00
-1.000000000000000000e+00
-1.000000000000000000e+00
-1.000000000000000000e+00
-1.000000000000000000e+00
-1.000000000000000000e+00
-1.000000000000000000e+00
-1.000000000000000000e+00
-1.000000000000000000e+00
-1.000000000000000000e+00
-1.000000000000000000e+00
-1.000000000000000000e+00
-1.000000000000000000e+00
-1.000000000000000000e+00
-1.000000000000000000e+00
-1.000000000000000000e+00
-1.000000000000000000e+00
-1.000000000000000000e+00
-1.000000000000000000e+00
-1.000000000000000000e+00
-1.000000000000000000e+00
-1.000000000000000000e+00
-1.000000000000000000e+00
-1.000000000000000000e+00
-1.000000000000000000e+00
-1.000000000000000000e+00
-1.000000000000000000e+00
-1.000000000000000000e+00
-1.000000000000000000e+00
-1.000000000000000000e+00
-1.000000000000000000e+00
-1.000000000000000000e+00
-1.000000000000000000e+00
-1.000000000000000000e+00
-1.000000000000000000e+00
-1.000000000000000000e+00
-1.000000000000000000e+00
-1.000000000000000000e+00
-1.000000000000000000e+00
-1.000000000000000000e+00
-1.000000000000000000e+00
-1.000000000000000000e+00
-1.000000000000000000e+00
-1.000000000000000000e+00
-1.000000000000000000e+00
-1.000000000000000000e+00
-1.000000000000000000e+00
-1.000000000000000000e+00
-1.000000000000000000e+00
-1.000000000000000000e+00
-1.000000000000000000e+00
-1.000000000000000000e+00
-1.000000000000000000e+00
-1.000000000000000000e+00
-1.000000000000000000e+00
-1.000000000000000000e+00
-1.000000000000000000e+00
-1.000000000000000000e+00
-1.000000000000000000e+00
-1.000000000000000000e+00
-1.000000000000000000e+00
-1.000000000000000000e+00
-1.000000000000000000e+00
-1.000000000000000000e+00
-1.000000000000000000e+00
-1.000000000000000000e+00
-1.000000000000000000e+00
-1.000000000000000000e+00
-1.000000000000000000e+00
-1.000000000000000000e+00
-1.000000000000000000e+00
-1.000000000000000000e+00
-1.000000000000000000e+00
-1.000000000000000000e+00
-1.000000000000000000e+00
-1.000000000000000000e+00
-1.000000000000000000e+00
-1.000000000000000000e+00
-1.000000000000000000e+00
-1.000000000000000000e+00
-1.000000000000000000e+00
-1.000000000000000000e+00
-1.000000000000000000e+00
-1.000000000000000000e+00
-1.000000000000000000e+00
-1.000000000000000000e+00
-1.000000000000000000e+00
-1.000000000000000000e+00
-1.000000000000000000e+00
-1.000000000000000000e+00
-1.000000000000000000e+00
-1.000000000000000000e+00
-1.000000000000000000e+00
-1.000000000000000000e+00
-1.000000000000000000e+00
-1.000000000000000000e+00
-1.000000000000000000e+00
-1.000000000000000000e+00
-1.000000000000000000e+00
-1.000000000000000000e+00
-1.000000000000000000e+00
-1.000000000000000000e+00
-1.000000000000000000e+00
-1.000000000000000000e+00
-1.000000000000000000e+00
-1.000000000000000000e+00
-1.000000000000000000e+00
-1.000000000000000000e+00
-1.000000000000000000e+00
-1.000000000000000000e+00
-1.000000000000000000e+00
-1.000000000000000000e+00
-1.000000000000000000e+00
-1.000000000000000000e+00
-1.000000000000000000e+00
-1.000000000000000000e+00
-1.000000000000000000e+00
-1.000000000000000000e+00
-1.000000000000000000e+00
-1.000000000000000000e+00
-1.000000000000000000e+00
-1.000000000000000000e+00
-1.000000000000000000e+00
-1.000000000000000000e+00
-1.000000000000000000e+00
-1.000000000000000000e+00
-1.000000000000000000e+00
-1.000000000000000000e+00
-1.000000000000000000e+00
-1.000000000000000000e+00
-1.000000000000000000e+00
-1.000000000000000000e+00
-1.000000000000000000e+00
-1.000000000000000000e+00
-1.000000000000000000e+00
-1.000000000000000000e+00
-1.000000000000000000e+00
-1.000000000000000000e+00
-1.000000000000000000e+00
1.000000000000000000e+00
1.000000000000000000e+00
1.000000000000000000e+00
1.000000000000000000e+00
1.000000000000000000e+00
1.000000000000000000e+00
1.000000000000000000e+00
1.000000000000000000e+00
1.000000000000000000e+00
1.000000000000000000e+00
1.000000000000000000e+00
1.000000000000000000e+00
1.000000000000000000e+00
1.000000000000000000e+00
1.000000000000000000e+00
1.000000000000000000e+00
1.000000000000000000e+00
1.000000000000000000e+00
1.000000000000000000e+00
1.000000000000000000e+00
1.000000000000000000e+00
1.000000000000000000e+00
1.000000000000000000e+00
1.000000000000000000e+00
1.000000000000000000e+00
1.000000000000000000e+00
1.000000000000000000e+00
1.000000000000000000e+00
1.000000000000000000e+00
1.000000000000000000e+00
1.000000000000000000e+00
1.000000000000000000e+00
1.000000000000000000e+00
1.000000000000000000e+00
1.000000000000000000e+00
1.000000000000000000e+00
1.000000000000000000e+00
1.000000000000000000e+00
1.000000000000000000e+00
1.000000000000000000e+00
1.000000000000000000e+00
1.000000000000000000e+00
1.000000000000000000e+00
1.000000000000000000e+00
1.000000000000000000e+00
1.000000000000000000e+00
1.000000000000000000e+00
1.000000000000000000e+00
1.000000000000000000e+00
1.000000000000000000e+00
1.000000000000000000e+00
1.000000000000000000e+00
1.000000000000000000e+00
1.000000000000000000e+00
1.000000000000000000e+00
1.000000000000000000e+00
1.000000000000000000e+00
1.000000000000000000e+00
1.000000000000000000e+00
1.000000000000000000e+00
1.000000000000000000e+00
1.000000000000000000e+00
1.000000000000000000e+00
1.000000000000000000e+00
1.000000000000000000e+00
1.000000000000000000e+00
1.000000000000000000e+00
1.000000000000000000e+00
1.000000000000000000e+00
1.000000000000000000e+00
1.000000000000000000e+00
1.000000000000000000e+00
1.000000000000000000e+00
1.000000000000000000e+00
1.000000000000000000e+00
1.000000000000000000e+00
1.000000000000000000e+00
1.000000000000000000e+00
1.000000000000000000e+00
1.000000000000000000e+00
1.000000000000000000e+00
1.000000000000000000e+00
1.000000000000000000e+00
1.000000000000000000e+00
1.000000000000000000e+00
1.000000000000000000e+00
1.000000000000000000e+00
1.000000000000000000e+00
1.000000000000000000e+00
1.000000000000000000e+00
1.000000000000000000e+00
1.000000000000000000e+00
1.000000000000000000e+00
1.000000000000000000e+00
1.000000000000000000e+00
1.000000000000000000e+00
1.000000000000000000e+00
1.000000000000000000e+00
1.000000000000000000e+00
1.000000000000000000e+00
1.000000000000000000e+00
1.000000000000000000e+00
1.000000000000000000e+00
1.000000000000000000e+00
1.000000000000000000e+00
1.000000000000000000e+00
1.000000000000000000e+00
1.000000000000000000e+00
1.000000000000000000e+00
1.000000000000000000e+00
1.000000000000000000e+00
1.000000000000000000e+00
1.000000000000000000e+00
1.000000000000000000e+00
1.000000000000000000e+00
1.000000000000000000e+00
1.000000000000000000e+00
1.000000000000000000e+00
1.000000000000000000e+00
1.000000000000000000e+00
1.000000000000000000e+00
1.000000000000000000e+00
1.000000000000000000e+00
1.000000000000000000e+00
1.000000000000000000e+00
1.000000000000000000e+00
1.000000000000000000e+00
1.000000000000000000e+00
1.000000000000000000e+00
1.000000000000000000e+00
1.000000000000000000e+00
1.000000000000000000e+00
1.000000000000000000e+00
1.000000000000000000e+00
1.000000000000000000e+00
1.000000000000000000e+00
1.000000000000000000e+00
1.000000000000000000e+00
1.000000000000000000e+00
1.000000000000000000e+00
1.000000000000000000e+00
1.000000000000000000e+00
1.000000000000000000e+00
1.000000000000000000e+00
1.000000000000000000e+00
1.000000000000000000e+00
1.000000000000000000e+00
1.000000000000000000e+00
1.000000000000000000e+00
1.000000000000000000e+00
1.000000000000000000e+00
1.000000000000000000e+00
1.000000000000000000e+00
1.000000000000000000e+00
1.000000000000000000e+00
1.000000000000000000e+00
1.000000000000000000e+00
1.000000000000000000e+00
1.000000000000000000e+00
1.000000000000000000e+00
1.000000000000000000e+00
1.000000000000000000e+00
1.000000000000000000e+00
1.000000000000000000e+00
1.000000000000000000e+00
1.000000000000000000e+00
1.000000000000000000e+00
1.000000000000000000e+00
1.000000000000000000e+00
1.000000000000000000e+00
1.000000000000000000e+00
1.000000000000000000e+00
1.000000000000000000e+00
1.000000000000000000e+00
1.000000000000000000e+00
1.000000000000000000e+00
1.000000000000000000e+00
1.000000000000000000e+00
1.000000000000000000e+00
1.000000000000000000e+00
1.000000000000000000e+00
1.000000000000000000e+00
1.000000000000000000e+00
1.000000000000000000e+00
1.000000000000000000e+00
1.000000000000000000e+00
1.000000000000000000e+00
1.000000000000000000e+00
1.000000000000000000e+00
1.000000000000000000e+00
1.000000000000000000e+00
1.000000000000000000e+00
1.000000000000000000e+00
1.000000000000000000e+00
1.000000000000000000e+00
1.000000000000000000e+00
1.000000000000000000e+00
1.000000000000000000e+00
-1.000000000000000000e+00
-1.000000000000000000e+00
-1.000000000000000000e+00
-1.000000000000000000e+00
-1.000000000000000000e+00
-1.000000000000000000e+00
-1.000000000000000000e+00
-1.000000000000000000e+00
-1.000000000000000000e+00
-1.000000000000000000e+00
-1.000000000000000000e+00
-1.000000000000000000e+00
-1.000000000000000000e+00
-1.000000000000000000e+00
-1.000000000000000000e+00
-1.000000000000000000e+00
-1.000000000000000000e+00
-1.000000000000000000e+00
-1.000000000000000000e+00
-1.000000000000000000e+00
-1.000000000000000000e+00
-1.000000000000000000e+00
-1.000000000000000000e+00
-1.000000000000000000e+00
-1.000000000000000000e+00
-1.000000000000000000e+00
-1.000000000000000000e+00
-1.000000000000000000e+00
-1.000000000000000000e+00
-1.000000000000000000e+00
-1.000000000000000000e+00
-1.000000000000000000e+00
-1.000000000000000000e+00
-1.000000000000000000e+00
-1.000000000000000000e+00
-1.000000000000000000e+00
-1.000000000000000000e+00
-1.000000000000000000e+00
-1.000000000000000000e+00
-1.000000000000000000e+00
-1.000000000000000000e+00
-1.000000000000000000e+00
-1.000000000000000000e+00
-1.000000000000000000e+00
-1.000000000000000000e+00
-1.000000000000000000e+00
-1.000000000000000000e+00
-1.000000000000000000e+00
-1.000000000000000000e+00
-1.000000000000000000e+00
-1.000000000000000000e+00
-1.000000000000000000e+00
-1.000000000000000000e+00
-1.000000000000000000e+00
-1.000000000000000000e+00
-1.000000000000000000e+00
-1.000000000000000000e+00
-1.000000000000000000e+00
-1.000000000000000000e+00
-1.000000000000000000e+00
-1.000000000000000000e+00
-1.000000000000000000e+00
-1.000000000000000000e+00
-1.000000000000000000e+00
-1.000000000000000000e+00
-1.000000000000000000e+00
-1.000000000000000000e+00
-1.000000000000000000e+00
-1.000000000000000000e+00
-1.000000000000000000e+00
-1.000000000000000000e+00
-1.000000000000000000e+00
-1.000000000000000000e+00
-1.000000000000000000e+00
-1.000000000000000000e+00
-1.000000000000000000e+00
-1.000000000000000000e+00
-1.000000000000000000e+00
-1.000000000000000000e+00
-1.000000000000000000e+00
-1.000000000000000000e+00
-1.000000000000000000e+00
-1.000000000000000000e+00
-1.000000000000000000e+00
-1.000000000000000000e+00
-1.000000000000000000e+00
-1.000000000000000000e+00
-1.000000000000000000e+00
-1.000000000000000000e+00
-1.000000000000000000e+00
-1.000000000000000000e+00
-1.000000000000000000e+00
-1.000000000000000000e+00
-1.000000000000000000e+00
-1.000000000000000000e+00
-1.000000000000000000e+00
-1.000000000000000000e+00
-1.000000000000000000e+00
-1.000000000000000000e+00
-1.000000000000000000e+00
-1.000000000000000000e+00
-1.000000000000000000e+00
-1.000000000000000000e+00
-1.000000000000000000e+00
-1.000000000000000000e+00
-1.000000000000000000e+00
-1.000000000000000000e+00
-1.000000000000000000e+00
-1.000000000000000000e+00
-1.000000000000000000e+00
-1.000000000000000000e+00
-1.000000000000000000e+00
-1.000000000000000000e+00
-1.000000000000000000e+00
-1.000000000000000000e+00
-1.000000000000000000e+00
-1.000000000000000000e+00
-1.000000000000000000e+00
-1.000000000000000000e+00
-1.000000000000000000e+00
-1.000000000000000000e+00
-1.000000000000000000e+00
-1.000000000000000000e+00
-1.000000000000000000e+00
-1.000000000000000000e+00
-1.000000000000000000e+00
-1.000000000000000000e+00
-1.000000000000000000e+00
-1.000000000000000000e+00
-1.000000000000000000e+00
-1.000000000000000000e+00
-1.000000000000000000e+00
-1.000000000000000000e+00
-1.000000000000000000e+00
-1.000000000000000000e+00
-1.000000000000000000e+00
-1.000000000000000000e+00
-1.000000000000000000e+00
-1.000000000000000000e+00
-1.000000000000000000e+00
-1.000000000000000000e+00
-1.000000000000000000e+00
-1.000000000000000000e+00
-1.000000000000000000e+00
-1.000000000000000000e+00
-1.000000000000000000e+00
-1.000000000000000000e+00
-1.000000000000000000e+00
-1.000000000000000000e+00
-1.000000000000000000e+00
-1.000000000000000000e+00
-1.000000000000000000e+00
-1.000000000000000000e+00
-1.000000000000000000e+00
-1.000000000000000000e+00
-1.000000000000000000e+00
-1.000000000000000000e+00
-1.000000000000000000e+00
-1.000000000000000000e+00
-1.000000000000000000e+00
-1.000000000000000000e+00
-1.000000000000000000e+00
-1.000000000000000000e+00
-1.000000000000000000e+00
-1.000000000000000000e+00
-1.000000000000000000e+00
-1.000000000000000000e+00
-1.000000000000000000e+00
-1.000000000000000000e+00
-1.000000000000000000e+00
-1.000000000000000000e+00
-1.000000000000000000e+00
-1.000000000000000000e+00
-1.000000000000000000e+00
-1.000000000000000000e+00
-1.000000000000000000e+00
-1.000000000000000000e+00
-1.000000000000000000e+00
-1.000000000000000000e+00
-1.000000000000000000e+00
-1.000000000000000000e+00
-1.000000000000000000e+00
-1.000000000000000000e+00
-1.000000000000000000e+00
-1.000000000000000000e+00
-1.000000000000000000e+00
-1.000000000000000000e+00
-1.000000000000000000e+00
-1.000000000000000000e+00
-1.000000000000000000e+00
-1.000000000000000000e+00
-1.000000000000000000e+00
-1.000000000000000000e+00
-1.000000000000000000e+00
-1.000000000000000000e+00
-1.000000000000000000e+00
-1.000000000000000000e+00
-1.000000000000000000e+00
-1.000000000000000000e+00
-1.000000000000000000e+00
-1.000000000000000000e+00
-1.000000000000000000e+00
1.000000000000000000e+00
1.000000000000000000e+00
1.000000000000000000e+00
1.000000000000000000e+00
1.000000000000000000e+00
1.000000000000000000e+00
1.000000000000000000e+00
1.000000000000000000e+00
1.000000000000000000e+00
1.000000000000000000e+00
1.000000000000000000e+00
1.000000000000000000e+00
1.000000000000000000e+00
1.000000000000000000e+00
1.000000000000000000e+00
1.000000000000000000e+00
1.000000000000000000e+00
1.000000000000000000e+00
1.000000000000000000e+00
1.000000000000000000e+00
1.000000000000000000e+00
1.000000000000000000e+00
1.000000000000000000e+00
1.000000000000000000e+00
1.000000000000000000e+00
1.000000000000000000e+00
1.000000000000000000e+00
1.000000000000000000e+00
1.000000000000000000e+00
1.000000000000000000e+00
1.000000000000000000e+00
1.000000000000000000e+00
1.000000000000000000e+00
1.000000000000000000e+00
1.000000000000000000e+00
1.000000000000000000e+00
1.000000000000000000e+00
1.000000000000000000e+00
1.000000000000000000e+00
1.000000000000000000e+00
1.000000000000000000e+00
1.000000000000000000e+00
1.000000000000000000e+00
1.000000000000000000e+00
1.000000000000000000e+00
1.000000000000000000e+00
1.000000000000000000e+00
1.000000000000000000e+00
1.000000000000000000e+00
1.000000000000000000e+00
1.000000000000000000e+00
1.000000000000000000e+00
1.000000000000000000e+00
1.000000000000000000e+00
1.000000000000000000e+00
1.000000000000000000e+00
1.000000000000000000e+00
1.000000000000000000e+00
1.000000000000000000e+00
1.000000000000000000e+00
1.000000000000000000e+00
1.000000000000000000e+00
1.000000000000000000e+00
1.000000000000000000e+00
1.000000000000000000e+00
1.000000000000000000e+00
1.000000000000000000e+00
1.000000000000000000e+00
1.000000000000000000e+00
1.000000000000000000e+00
1.000000000000000000e+00
1.000000000000000000e+00
1.000000000000000000e+00
1.000000000000000000e+00
1.000000000000000000e+00
1.000000000000000000e+00
1.000000000000000000e+00
1.000000000000000000e+00
1.000000000000000000e+00
1.000000000000000000e+00
1.000000000000000000e+00
1.000000000000000000e+00
1.000000000000000000e+00
1.000000000000000000e+00
1.000000000000000000e+00
1.000000000000000000e+00
1.000000000000000000e+00
1.000000000000000000e+00
1.000000000000000000e+00
1.000000000000000000e+00
1.000000000000000000e+00
1.000000000000000000e+00
1.000000000000000000e+00
1.000000000000000000e+00
1.000000000000000000e+00
1.000000000000000000e+00
1.000000000000000000e+00
1.000000000000000000e+00
1.000000000000000000e+00
1.000000000000000000e+00
1.000000000000000000e+00
1.000000000000000000e+00
1.000000000000000000e+00
1.000000000000000000e+00
1.000000000000000000e+00
1.000000000000000000e+00
1.000000000000000000e+00
1.000000000000000000e+00
1.000000000000000000e+00
1.000000000000000000e+00
1.000000000000000000e+00
1.000000000000000000e+00
1.000000000000000000e+00
1.000000000000000000e+00
1.000000000000000000e+00
1.000000000000000000e+00
1.000000000000000000e+00
1.000000000000000000e+00
1.000000000000000000e+00
1.000000000000000000e+00
1.000000000000000000e+00
1.000000000000000000e+00
1.000000000000000000e+00
1.000000000000000000e+00
1.000000000000000000e+00
1.000000000000000000e+00
1.000000000000000000e+00
1.000000000000000000e+00
1.000000000000000000e+00
1.000000000000000000e+00
1.000000000000000000e+00
1.000000000000000000e+00
1.000000000000000000e+00
1.000000000000000000e+00
1.000000000000000000e+00
1.000000000000000000e+00
1.000000000000000000e+00
1.000000000000000000e+00
1.000000000000000000e+00
1.000000000000000000e+00
1.000000000000000000e+00
1.000000000000000000e+00
1.000000000000000000e+00
1.000000000000000000e+00
1.000000000000000000e+00
1.000000000000000000e+00
1.000000000000000000e+00
1.000000000000000000e+00
1.000000000000000000e+00
1.000000000000000000e+00
1.000000000000000000e+00
1.000000000000000000e+00
1.000000000000000000e+00
1.000000000000000000e+00
1.000000000000000000e+00
1.000000000000000000e+00
1.000000000000000000e+00
1.000000000000000000e+00
1.000000000000000000e+00
1.000000000000000000e+00
1.000000000000000000e+00
1.000000000000000000e+00
1.000000000000000000e+00
1.000000000000000000e+00
1.000000000000000000e+00
1.000000000000000000e+00
1.000000000000000000e+00
1.000000000000000000e+00
1.000000000000000000e+00
1.000000000000000000e+00
1.000000000000000000e+00
1.000000000000000000e+00
1.000000000000000000e+00
1.000000000000000000e+00
1.000000000000000000e+00
1.000000000000000000e+00
1.000000000000000000e+00
1.000000000000000000e+00
1.000000000000000000e+00
1.000000000000000000e+00
1.000000000000000000e+00
1.000000000000000000e+00
1.000000000000000000e+00
1.000000000000000000e+00
1.000000000000000000e+00
1.000000000000000000e+00
1.000000000000000000e+00
1.000000000000000000e+00
1.000000000000000000e+00
1.000000000000000000e+00
1.000000000000000000e+00
1.000000000000000000e+00
1.000000000000000000e+00
1.000000000000000000e+00
1.000000000000000000e+00
1.000000000000000000e+00
1.000000000000000000e+00
1.000000000000000000e+00
-1.000000000000000000e+00
-1.000000000000000000e+00
-1.000000000000000000e+00
-1.000000000000000000e+00
-1.000000000000000000e+00
-1.000000000000000000e+00
-1.000000000000000000e+00
-1.000000000000000000e+00
-1.000000000000000000e+00
-1.000000000000000000e+00
-1.000000000000000000e+00
-1.000000000000000000e+00
-1.000000000000000000e+00
-1.000000000000000000e+00
-1.000000000000000000e+00
-1.000000000000000000e+00
-1.000000000000000000e+00
-1.000000000000000000e+00
-1.000000000000000000e+00
-1.000000000000000000e+00
-1.000000000000000000e+00
-1.000000000000000000e+00
-1.000000000000000000e+00
-1.000000000000000000e+00
-1.000000000000000000e+00
-1.000000000000000000e+00
-1.000000000000000000e+00
-1.000000000000000000e+00
-1.000000000000000000e+00
-1.000000000000000000e+00
-1.000000000000000000e+00
-1.000000000000000000e+00
-1.000000000000000000e+00
-1.000000000000000000e+00
-1.000000000000000000e+00
-1.000000000000000000e+00
-1.000000000000000000e+00
-1.000000000000000000e+00
-1.000000000000000000e+00
-1.000000000000000000e+00
-1.000000000000000000e+00
-1.000000000000000000e+00
-1.000000000000000000e+00
-1.000000000000000000e+00
-1.000000000000000000e+00
-1.000000000000000000e+00
-1.000000000000000000e+00
-1.000000000000000000e+00
-1.000000000000000000e+00
-1.000000000000000000e+00
-1.000000000000000000e+00
-1.000000000000000000e+00
-1.000000000000000000e+00
-1.000000000000000000e+00
-1.000000000000000000e+00
-1.000000000000000000e+00
-1.000000000000000000e+00
-1.000000000000000000e+00
-1.000000000000000000e+00
-1.000000000000000000e+00
-1.000000000000000000e+00
-1.000000000000000000e+00
-1.000000000000000000e+00
-1.000000000000000000e+00
-1.000000000000000000e+00
-1.000000000000000000e+00
-1.000000000000000000e+00
-1.000000000000000000e+00
-1.000000000000000000e+00
-1.000000000000000000e+00
-1.000000000000000000e+00
-1.000000000000000000e+00
-1.000000000000000000e+00
-1.000000000000000000e+00
-1.000000000000000000e+00
-1.000000000000000000e+00
-1.000000000000000000e+00
-1.000000000000000000e+00
-1.000000000000000000e+00
-1.000000000000000000e+00
-1.000000000000000000e+00
-1.000000000000000000e+00
-1.000000000000000000e+00
-1.000000000000000000e+00
-1.000000000000000000e+00
-1.000000000000000000e+00
-1.000000000000000000e+00
-1.000000000000000000e+00
-1.000000000000000000e+00
-1.000000000000000000e+00
-1.000000000000000000e+00
-1.000000000000000000e+00
-1.000000000000000000e+00
-1.000000000000000000e+00
-1.000000000000000000e+00
-1.000000000000000000e+00
-1.000000000000000000e+00
-1.000000000000000000e+00
-1.000000000000000000e+00
-1.000000000000000000e+00
-1.000000000000000000e+00
-1.000000000000000000e+00
-1.000000000000000000e+00
-1.000000000000000000e+00
-1.000000000000000000e+00
-1.000000000000000000e+00
-1.000000000000000000e+00
-1.000000000000000000e+00
-1.000000000000000000e+00
-1.000000000000000000e+00
-1.000000000000000000e+00
-1.000000000000000000e+00
-1.000000000000000000e+00
-1.000000000000000000e+00
-1.000000000000000000e+00
-1.000000000000000000e+00
-1.000000000000000000e+00
-1.000000000000000000e+00
-1.000000000000000000e+00
-1.000000000000000000e+00
-1.000000000000000000e+00
-1.000000000000000000e+00
-1.000000000000000000e+00
-1.000000000000000000e+00
-1.000000000000000000e+00
-1.000000000000000000e+00
-1.000000000000000000e+00
-1.000000000000000000e+00
-1.000000000000000000e+00
-1.000000000000000000e+00
-1.000000000000000000e+00
-1.000000000000000000e+00
-1.000000000000000000e+00
-1.000000000000000000e+00
-1.000000000000000000e+00
-1.000000000000000000e+00
-1.000000000000000000e+00
-1.000000000000000000e+00
-1.000000000000000000e+00
-1.000000000000000000e+00
-1.000000000000000000e+00
-1.000000000000000000e+00
-1.000000000000000000e+00
-1.000000000000000000e+00
-1.000000000000000000e+00
-1.000000000000000000e+00
-1.000000000000000000e+00
-1.000000000000000000e+00
-1.000000000000000000e+00
-1.000000000000000000e+00
-1.000000000000000000e+00
-1.000000000000000000e+00
-1.000000000000000000e+00
-1.000000000000000000e+00
-1.000000000000000000e+00
-1.000000000000000000e+00
-1.000000000000000000e+00
-1.000000000000000000e+00
-1.000000000000000000e+00
-1.000000000000000000e+00
-1.000000000000000000e+00
-1.000000000000000000e+00
-1.000000000000000000e+00
-1.000000000000000000e+00
-1.000000000000000000e+00
-1.000000000000000000e+00
-1.000000000000000000e+00
-1.000000000000000000e+00
-1.000000000000000000e+00
-1.000000000000000000e+00
-1.000000000000000000e+00
-1.000000000000000000e+00
-1.000000000000000000e+00
-1.000000000000000000e+00
-1.000000000000000000e+00
-1.000000000000000000e+00
-1.000000000000000000e+00
-1.000000000000000000e+00
-1.000000000000000000e+00
-1.000000000000000000e+00
-1.000000000000000000e+00
-1.000000000000000000e+00
-1.000000000000000000e+00
-1.000000000000000000e+00
-1.000000000000000000e+00
-1.000000000000000000e+00
-1.000000000000000000e+00
-1.000000000000000000e+00
-1.000000000000000000e+00
-1.000000000000000000e+00
-1.000000000000000000e+00
-1.000000000000000000e+00
-1.000000000000000000e+00
-1.000000000000000000e+00
-1.000000000000000000e+00
-1.000000000000000000e+00
-1.000000000000000000e+00
-1.000000000000000000e+00
-1.000000000000000000e+00
-1.000000000000000000e+00
-1.000000000000000000e+00
-1.000000000000000000e+00
1.000000000000000000e+00
1.000000000000000000e+00
1.000000000000000000e+00
1.000000000000000000e+00
1.000000000000000000e+00
1.000000000000000000e+00
1.000000000000000000e+00
1.000000000000000000e+00
1.000000000000000000e+00
1.000000000000000000e+00
1.000000000000000000e+00
1.000000000000000000e+00
1.000000000000000000e+00
1.000000000000000000e+00
1.000000000000000000e+00
1.000000000000000000e+00
1.000000000000000000e+00
1.000000000000000000e+00
1.000000000000000000e+00
1.000000000000000000e+00
1.000000000000000000e+00
1.000000000000000000e+00
1.000000000000000000e+00
1.000000000000000000e+00
1.000000000000000000e+00
1.000000000000000000e+00
1.000000000000000000e+00
1.000000000000000000e+00
1.000000000000000000e+00
1.000000000000000000e+00
1.000000000000000000e+00
1.000000000000000000e+00
1.000000000000000000e+00
1.000000000000000000e+00
1.000000000000000000e+00
1.000000000000000000e+00
1.000000000000000000e+00
1.000000000000000000e+00
1.000000000000000000e+00
1.000000000000000000e+00
1.000000000000000000e+00
1.000000000000000000e+00
1.000000000000000000e+00
1.000000000000000000e+00
1.000000000000000000e+00
1.000000000000000000e+00
1.000000000000000000e+00
1.000000000000000000e+00
1.000000000000000000e+00
1.000000000000000000e+00
1.000000000000000000e+00
1.000000000000000000e+00
1.000000000000000000e+00
1.000000000000000000e+00
1.000000000000000000e+00
1.000000000000000000e+00
1.000000000000000000e+00
1.000000000000000000e+00
1.000000000000000000e+00
1.000000000000000000e+00
1.000000000000000000e+00
1.000000000000000000e+00
1.000000000000000000e+00
1.000000000000000000e+00
1.000000000000000000e+00
1.000000000000000000e+00
1.000000000000000000e+00
1.000000000000000000e+00
1.000000000000000000e+00
1.000000000000000000e+00
1.000000000000000000e+00
1.000000000000000000e+00
1.000000000000000000e+00
1.000000000000000000e+00
1.000000000000000000e+00
1.000000000000000000e+00
1.000000000000000000e+00
1.000000000000000000e+00
1.000000000000000000e+00
1.000000000000000000e+00
1.000000000000000000e+00
1.000000000000000000e+00
1.000000000000000000e+00
1.000000000000000000e+00
1.000000000000000000e+00
1.000000000000000000e+00
1.000000000000000000e+00
1.000000000000000000e+00
1.000000000000000000e+00
1.000000000000000000e+00
1.000000000000000000e+00
1.000000000000000000e+00
1.000000000000000000e+00
1.000000000000000000e+00
1.000000000000000000e+00
1.000000000000000000e+00
1.000000000000000000e+00
1.000000000000000000e+00
1.000000000000000000e+00
1.000000000000000000e+00
1.000000000000000000e+00
1.000000000000000000e+00
1.000000000000000000e+00
1.000000000000000000e+00
1.000000000000000000e+00
1.000000000000000000e+00
1.000000000000000000e+00
1.000000000000000000e+00
1.000000000000000000e+00
1.000000000000000000e+00
1.000000000000000000e+00
1.000000000000000000e+00
1.000000000000000000e+00
1.000000000000000000e+00
1.000000000000000000e+00
1.000000000000000000e+00
1.000000000000000000e+00
1.000000000000000000e+00
1.000000000000000000e+00
1.000000000000000000e+00
1.000000000000000000e+00
1.000000000000000000e+00
1.000000000000000000e+00
1.000000000000000000e+00
1.000000000000000000e+00
1.000000000000000000e+00
1.000000000000000000e+00
1.000000000000000000e+00
1.000000000000000000e+00
1.000000000000000000e+00
1.000000000000000000e+00
1.000000000000000000e+00
1.000000000000000000e+00
1.000000000000000000e+00
1.000000000000000000e+00
1.000000000000000000e+00
1.000000000000000000e+00
1.000000000000000000e+00
1.000000000000000000e+00
1.000000000000000000e+00
1.000000000000000000e+00
1.000000000000000000e+00
1.000000000000000000e+00
1.000000000000000000e+00
1.000000000000000000e+00
1.000000000000000000e+00
1.000000000000000000e+00
1.000000000000000000e+00
1.000000000000000000e+00
1.000000000000000000e+00
1.000000000000000000e+00
1.000000000000000000e+00
1.000000000000000000e+00
1.000000000000000000e+00
1.000000000000000000e+00
1.000000000000000000e+00
1.000000000000000000e+00
1.000000000000000000e+00
1.000000000000000000e+00
1.000000000000000000e+00
1.000000000000000000e+00
1.000000000000000000e+00
1.000000000000000000e+00
1.000000000000000000e+00
1.000000000000000000e+00
1.000000000000000000e+00
1.000000000000000000e+00
1.000000000000000000e+00
1.000000000000000000e+00
1.000000000000000000e+00
1.000000000000000000e+00
1.000000000000000000e+00
1.000000000000000000e+00
1.000000000000000000e+00
1.000000000000000000e+00
1.000000000000000000e+00
1.000000000000000000e+00
1.000000000000000000e+00
1.000000000000000000e+00
1.000000000000000000e+00
1.000000000000000000e+00
1.000000000000000000e+00
1.000000000000000000e+00
1.000000000000000000e+00
1.000000000000000000e+00
1.000000000000000000e+00
1.000000000000000000e+00
1.000000000000000000e+00
1.000000000000000000e+00
1.000000000000000000e+00
1.000000000000000000e+00
1.000000000000000000e+00
1.000000000000000000e+00
1.000000000000000000e+00
1.000000000000000000e+00
1.000000000000000000e+00
1.000000000000000000e+00
1.000000000000000000e+00
1.000000000000000000e+00
-1.000000000000000000e+00
-1.000000000000000000e+00
-1.000000000000000000e+00
-1.000000000000000000e+00
-1.000000000000000000e+00
-1.000000000000000000e+00
-1.000000000000000000e+00
-1.000000000000000000e+00
-1.000000000000000000e+00
-1.000000000000000000e+00
-1.000000000000000000e+00
-1.000000000000000000e+00
-1.000000000000000000e+00
-1.000000000000000000e+00
-1.000000000000000000e+00
-1.000000000000000000e+00
-1.000000000000000000e+00
-1.000000000000000000e+00
-1.000000000000000000e+00
-1.000000000000000000e+00
-1.000000000000000000e+00
-1.000000000000000000e+00
-1.000000000000000000e+00
-1.000000000000000000e+00
-1.000000000000000000e+00
-1.000000000000000000e+00
-1.000000000000000000e+00
-1.000000000000000000e+00
-1.000000000000000000e+00
-1.000000000000000000e+00
-1.000000000000000000e+00
-1.000000000000000000e+00
-1.000000000000000000e+00
-1.000000000000000000e+00
-1.000000000000000000e+00
-1.000000000000000000e+00
-1.000000000000000000e+00
-1.000000000000000000e+00
-1.000000000000000000e+00
-1.000000000000000000e+00
-1.000000000000000000e+00
-1.000000000000000000e+00
-1.000000000000000000e+00
-1.000000000000000000e+00
-1.000000000000000000e+00
-1.000000000000000000e+00
-1.000000000000000000e+00
-1.000000000000000000e+00
-1.000000000000000000e+00
-1.000000000000000000e+00
-1.000000000000000000e+00
-1.000000000000000000e+00
-1.000000000000000000e+00
-1.000000000000000000e+00
-1.000000000000000000e+00
-1.000000000000000000e+00
-1.000000000000000000e+00
-1.000000000000000000e+00
-1.000000000000000000e+00
-1.000000000000000000e+00
-1.000000000000000000e+00
-1.000000000000000000e+00
-1.000000000000000000e+00
-1.000000000000000000e+00
-1.000000000000000000e+00
-1.000000000000000000e+00
-1.000000000000000000e+00
-1.000000000000000000e+00
-1.000000000000000000e+00
-1.000000000000000000e+00
-1.000000000000000000e+00
-1.000000000000000000e+00
-1.000000000000000000e+00
-1.000000000000000000e+00
-1.000000000000000000e+00
-1.000000000000000000e+00
-1.000000000000000000e+00
-1.000000000000000000e+00
-1.000000000000000000e+00
-1.000000000000000000e+00
-1.000000000000000000e+00
-1.000000000000000000e+00
-1.000000000000000000e+00
-1.000000000000000000e+00
-1.000000000000000000e+00
-1.000000000000000000e+00
-1.000000000000000000e+00
-1.000000000000000000e+00
-1.000000000000000000e+00
-1.000000000000000000e+00
-1.000000000000000000e+00
-1.000000000000000000e+00
-1.000000000000000000e+00
-1.000000000000000000e+00
-1.000000000000000000e+00
-1.000000000000000000e+00
-1.000000000000000000e+00
-1.000000000000000000e+00
-1.000000000000000000e+00
-1.000000000000000000e+00
-1.000000000000000000e+00
-1.000000000000000000e+00
-1.000000000000000000e+00
-1.000000000000000000e+00
-1.000000000000000000e+00
-1.000000000000000000e+00
-1.000000000000000000e+00
-1.000000000000000000e+00
-1.000000000000000000e+00
-1.000000000000000000e+00
-1.000000000000000000e+00
-1.000000000000000000e+00
-1.000000000000000000e+00
-1.000000000000000000e+00
-1.000000000000000000e+00
-1.000000000000000000e+00
-1.000000000000000000e+00
-1.000000000000000000e+00
-1.000000000000000000e+00
-1.000000000000000000e+00
-1.000000000000000000e+00
-1.000000000000000000e+00
-1.000000000000000000e+00
-1.000000000000000000e+00
-1.000000000000000000e+00
-1.000000000000000000e+00
-1.000000000000000000e+00
-1.000000000000000000e+00
-1.000000000000000000e+00
-1.000000000000000000e+00
-1.000000000000000000e+00
-1.000000000000000000e+00
-1.000000000000000000e+00
-1.000000000000000000e+00
-1.000000000000000000e+00
-1.000000000000000000e+00
-1.000000000000000000e+00
-1.000000000000000000e+00
-1.000000000000000000e+00
-1.000000000000000000e+00
-1.000000000000000000e+00
-1.000000000000000000e+00
-1.000000000000000000e+00
-1.000000000000000000e+00
-1.000000000000000000e+00
-1.000000000000000000e+00
-1.000000000000000000e+00
-1.000000000000000000e+00
-1.000000000000000000e+00
-1.000000000000000000e+00
-1.000000000000000000e+00
-1.000000000000000000e+00
-1.000000000000000000e+00
-1.000000000000000000e+00
-1.000000000000000000e+00
-1.000000000000000000e+00
-1.000000000000000000e+00
-1.000000000000000000e+00
-1.000000000000000000e+00
-1.000000000000000000e+00
